-0.232445 0.308869 0.0668668 -0.237 0.306 0.058
1.56206e-08 2.81116e-08 4.16866e-08 0 0 0
3.7212e-08 -5.62186e-09 -3.58204e-08 0 0 0
-0.102318 0.177207 -0.0145795 -0.104 0.184 -0.01
-8.38284e-09 -4.85518e-09 1.63217e-08 0 0 0
-4.92093e-08 9.44043e-09 -3.63985e-08 0 0 0
-0.00262206 0.158794 0.182255 -0.003 0.167 0.179
1.36248e-08 2.04772e-09 4.81858e-09 0 0 0
-2.91992e-08 1.71546e-08 -3.937e-08 0 0 0
-0.165877 0.22589 -0.0818479 -0.171 0.228 -0.078
4.0513e-08 4.33071e-08 -3.40983e-08 0 0 0
4.23767e-08 -4.47396e-09 1.15757e-08 0 0 0
-0.0730022 -0.146264 -0.000888033 -0.054 -0.16 0.005
-2.91236e-08 -2.59991e-08 -4.99688e-08 0 0 0
-2.76643e-08 5.30454e-08 1.23463e-08 0 0 0
-0.134608 -0.0701216 0.279485 -0.135 -0.064 0.258
3.90874e-08 -6.18407e-10 1.87241e-08 0 0 0
-7.24255e-08 -3.86084e-08 -8.24715e-09 0 0 0
-0.123133 0.200773 -0.239047 -0.105 0.196 -0.236
-1.89285e-08 3.77804e-08 -1.16324e-08 0 0 0
-1.39899e-08 -9.83915e-09 8.33874e-08 0 0 0
-0.118418 -0.169021 0.26703 -0.126 -0.17 0.241
-5.1003e-09 -2.89934e-08 -3.18308e-08 0 0 0
-2.10517e-08 5.84162e-08 -1.44178e-08 0 0 0
0.159719 0.211621 -0.118553 0.168 0.203 -0.109
6.39399e-08 -1.74315e-08 -4.73872e-08 0 0 0
-1.11007e-08 1.60502e-08 1.37594e-08 0 0 0
0.29767 0.140939 0.00688117 0.285 0.14 0.023
9.51518e-09 1.7691e-08 4.90764e-08 0 0 0
-3.42321e-08 6.07971e-09 -2.95557e-08 0 0 0
-0.199333 0.20111 -0.0330534 -0.2 0.187 -0.046
-4.59522e-08 -1.10091e-08 2.39218e-08 0 0 0
-6.64911e-08 1.59044e-08 -6.00085e-08 0 0 0
0.226943 0.205317 -0.0157433 0.215 0.196 -0.01
-1.85126e-08 -1.89667e-08 1.83446e-08 0 0 0
1.001e-08 -2.71626e-09 -3.29229e-09 0 0 0
0.113689 0.316587 0.137943 0.119 0.317 0.141
3.20364e-09 9.27985e-09 -2.7453e-08 0 0 0
-3.43638e-08 7.78395e-10 2.59612e-08 0 0 0
0.117603 0.166823 -0.104521 0.125 0.174 -0.11
8.84409e-08 -2.3332e-08 -1.50267e-08 0 0 0
1.31207e-09 5.76786e-08 3.84048e-08 0 0 0
-0.202658 0.00795325 0.0232429 -0.219 0.004 0.017
-4.21797e-08 -1.03411e-08 3.84369e-08 0 0 0
4.09167e-08 1.48008e-08 -1.94534e-08 0 0 0
0.0444856 0.121587 0.151242 0.039 0.124 0.134
-1.53532e-08 3.05541e-08 -5.16618e-09 0 0 0
3.83515e-08 5.32922e-08 2.4694e-08 0 0 0
-0.118355 -0.227878 -0.0877522 -0.127 -0.199 -0.092
-9.5938e-08 -4.31339e-08 -6.05992e-08 0 0 0
-7.62949e-09 8.49388e-09 -2.66806e-08 0 0 0
-0.0321785 -0.236087 -0.138151 -0.034 -0.233 -0.139
2.28315e-08 -2.92918e-08 -1.52652e-08 0 0 0
-2.99709e-08 3.34062e-08 -1.44553e-08 0 0 0
-0.229848 0.141088 -0.0949345 -0.231 0.127 -0.111
2.00214e-08 4.12162e-08 -1.60854e-08 0 0 0
-5.85949e-08 -6.30499e-09 -8.24582e-10 0 0 0
-0.148716 0.264706 -0.158976 -0.159 0.259 -0.154
-4.84234e-08 1.47189e-08 -2.31252e-08 0 0 0
-3.20501e-08 3.29268e-08 3.67413e-08 0 0 0
0.0424766 0.167329 0.162519 0.045 0.162 0.173
3.01337e-08 2.5109e-08 3.72074e-10 0 0 0
3.70894e-08 -9.15596e-10 -8.76569e-09 0 0 0
-0.265331 -0.031775 -0.251397 -0.259 -0.024 -0.253
4.4762e-10 7.00172e-08 -3.89704e-08 0 0 0
-3.01687e-08 -5.09749e-08 5.19212e-08 0 0 0
-0.0124168 -0.210259 0.174268 -0.02 -0.216 0.148
5.46805e-08 -1.49681e-08 2.77261e-08 0 0 0
-5.17657e-09 -3.30912e-08 -4.85415e-08 0 0 0
-0.114152 0.10379 -0.119099 -0.111 0.107 -0.117
3.681e-08 -1.73465e-08 -2.2617e-08 0 0 0
-2.82665e-08 -6.15819e-08 -4.99909e-08 0 0 0
0.220683 0.0870175 0.237223 0.214 0.088 0.233
-7.40121e-09 3.51388e-08 -2.34624e-08 0 0 0
-9.50877e-09 -3.39913e-08 2.94314e-08 0 0 0
0.210028 0.185231 0.148115 0.23 0.182 0.136
2.68976e-08 -4.03682e-08 -1.06976e-08 0 0 0
-2.47162e-08 3.75997e-08 8.77714e-09 0 0 0
0.124688 -0.119146 -0.237938 0.127 -0.106 -0.242
-7.26485e-10 8.26675e-09 -2.60169e-09 0 0 0
1.77103e-09 -4.05305e-08 1.34571e-08 0 0 0
0.301626 -0.196014 0.0121305 0.309 -0.174 0.006
-6.1007e-09 2.90978e-08 -3.06211e-08 0 0 0
-2.24795e-08 2.00119e-09 -2.79805e-08 0 0 0
0.0512536 -0.217477 0.132275 0.06 -0.209 0.127
-1.82199e-08 -7.39786e-08 3.33912e-09 0 0 0
-3.62901e-08 5.31842e-08 -2.8641e-09 0 0 0
0.0105381 0.103947 -0.0245797 0.003 0.108 -0.015
3.34553e-08 -1.54692e-08 -4.09295e-08 0 0 0
-3.67404e-08 4.17058e-08 -7.19224e-08 0 0 0
0.105448 0.168112 -0.0152236 0.107 0.173 -0.022
4.48675e-08 5.38264e-09 4.40475e-08 0 0 0
-2.67765e-08 5.87391e-09 -1.0045e-08 0 0 0
0.224187 0.138067 -0.0862955 0.221 0.128 -0.075
-3.72915e-08 3.17564e-08 2.50917e-08 0 0 0
-2.48611e-09 -5.57569e-08 2.40464e-08 0 0 0
0.237155 0.194344 0.21338 0.236 0.19 0.226
-3.58303e-08 -3.30588e-08 -2.15142e-08 0 0 0
2.04344e-08 7.93742e-09 -6.37945e-08 0 0 0
0.0739564 0.0682776 -0.0455372 0.075 0.062 -0.046
2.13057e-08 6.52214e-08 1.18838e-08 0 0 0
2.05369e-08 5.71611e-09 -3.99864e-08 0 0 0
0.0969915 0.118558 0.126147 0.116 0.122 0.112
1.68055e-08 -4.48997e-08 2.76169e-08 0 0 0
4.67509e-08 -6.38887e-10 -4.17859e-08 0 0 0
0.17132 -0.207298 0.216985 0.166 -0.196 0.211
4.45671e-08 -2.47772e-08 1.78203e-08 0 0 0
4.79926e-08 6.35272e-08 2.2049e-09 0 0 0
0.225407 0.203704 -0.0174455 0.212 0.207 -0.016
-1.60923e-08 2.71947e-08 -3.63789e-09 0 0 0
5.7629e-08 -1.59756e-08 -2.94031e-08 0 0 0
-0.249837 -0.170185 0.0716652 -0.25 -0.184 0.076
-2.06563e-08 2.69185e-08 5.29659e-08 0 0 0
6.42097e-09 -2.23715e-09 6.29841e-09 0 0 0
0.032609 0.0103546 0.224004 0.031 0.011 0.223
1.85783e-09 4.30414e-08 1.94629e-08 0 0 0
3.10631e-08 -2.45581e-08 2.3063e-08 0 0 0
0.00406896 0.228055 -0.108113 0.005 0.231 -0.114
-2.51373e-08 7.33897e-09 2.42131e-08 0 0 0
-5.23431e-08 3.13037e-08 3.53808e-08 0 0 0
-0.0872793 0.146767 0.214318 -0.099 0.13 0.223
1.96075e-08 3.65656e-08 8.85952e-08 0 0 0
-2.48856e-08 2.56425e-08 -2.40358e-08 0 0 0
0.248981 -0.167587 0.223722 0.249 -0.168 0.233
-4.66338e-08 1.28528e-08 3.73733e-08 0 0 0
-3.00188e-09 2.37135e-08 1.21972e-08 0 0 0
0.339759 -0.0907465 0.0340846 0.342 -0.099 0.03
1.02027e-09 -5.31513e-09 -4.66743e-08 0 0 0
-8.56434e-09 3.71751e-08 2.16618e-08 0 0 0
-0.0576773 0.0410545 -0.228067 -0.061 0.049 -0.237
1.29632e-08 -3.16376e-09 -5.6827e-09 0 0 0
-2.58991e-08 4.89289e-08 9.36671e-10 0 0 0
0.0914264 -0.0832757 -0.157308 0.102 -0.098 -0.165
1.66042e-08 -5.26212e-08 1.871e-08 0 0 0
6.31415e-08 3.16218e-08 7.86827e-09 0 0 0
0.136436 -0.146284 -0.220689 0.13 -0.156 -0.224
5.76655e-08 -3.9245e-08 -4.00661e-08 0 0 0
-2.1384e-09 1.35472e-08 4.87455e-08 0 0 0
0.196569 0.160748 -0.0959587 0.198 0.165 -0.092
6.34489e-08 -7.89559e-09 -7.72157e-09 0 0 0
2.98496e-08 2.03425e-08 6.99269e-10 0 0 0
0.331802 0.100599 -0.113068 0.322 0.102 -0.117
3.87237e-08 5.41653e-08 4.64923e-08 0 0 0
-3.08147e-08 -3.392e-09 -3.1606e-08 0 0 0
-0.0967999 0.10868 -0.199756 -0.095 0.098 -0.193
-3.98605e-08 4.45436e-08 2.56533e-08 0 0 0
3.19164e-08 1.0246e-08 -6.53021e-09 0 0 0
-0.261571 0.0686919 -0.0283015 -0.261 0.063 -0.034
-1.81928e-08 -5.66852e-09 4.26955e-08 0 0 0
1.39134e-08 -1.25511e-09 -6.47893e-09 0 0 0
0.164788 0.233855 -0.192244 0.149 0.216 -0.195
8.45697e-09 -8.83011e-09 -1.4649e-08 0 0 0
2.69106e-08 3.93501e-09 6.2806e-09 0 0 0
0.0527332 -0.181072 -0.139288 0.037 -0.182 -0.141
-6.96999e-09 -3.04813e-08 -2.4003e-08 0 0 0
-8.76254e-08 -1.57314e-09 -2.50231e-09 0 0 0
-0.180378 0.136604 -0.0404599 -0.198 0.145 -0.04
-5.26752e-09 1.55264e-08 2.70383e-09 0 0 0
-2.55565e-08 1.53031e-08 7.50335e-09 0 0 0
0.201409 0.118677 0.238129 0.197 0.107 0.253
-5.70728e-08 4.58305e-08 -1.32881e-09 0 0 0
6.41878e-08 -4.18937e-08 2.3068e-08 0 0 0
-0.0510267 0.188671 -0.294626 -0.048 0.18 -0.289
5.09305e-09 3.22379e-08 8.51145e-09 0 0 0
3.77386e-08 -4.1853e-08 -2.18889e-08 0 0 0
0.301562 -0.104704 0.136533 0.288 -0.104 0.136
3.10752e-09 -4.65608e-08 -5.10078e-08 0 0 0
-2.22968e-08 -2.4328e-08 2.7825e-08 0 0 0
0.17738 -0.0901328 0.163726 0.169 -0.082 0.158
2.88599e-08 1.21953e-08 -1.82578e-09 0 0 0
1.42998e-08 -8.10861e-08 -3.49072e-08 0 0 0
0.0359816 0.20014 -0.0649818 0.021 0.21 -0.067
-1.18012e-08 -1.26335e-08 4.61078e-08 0 0 0
4.8524e-08 1.0021e-08 -1.62364e-08 0 0 0
-0.218852 -0.0164627 0.112184 -0.216 -0.028 0.108
-2.14293e-08 -1.31145e-09 -2.53155e-08 0 0 0
5.69929e-09 -3.48919e-08 2.12269e-08 0 0 0
0.0682229 0.0633433 -0.0981888 0.071 0.067 -0.088
2.93076e-08 -3.3951e-09 -1.22189e-08 0 0 0
-3.72383e-08 1.50797e-08 1.50937e-08 0 0 0
0.220541 -0.103862 -0.0299421 0.212 -0.108 -0.03
5.34423e-08 -4.59531e-08 4.53996e-08 0 0 0
1.07025e-08 -1.97609e-08 2.70436e-09 0 0 0
0.132883 0.0980453 0.198995 0.117 0.108 0.193
-2.57394e-08 2.43784e-08 -1.00266e-09 0 0 0
2.91009e-08 4.88146e-09 1.13686e-08 0 0 0
-0.0257039 0.261653 0.16097 -0.03 0.245 0.154
-7.08606e-09 4.56556e-08 2.73583e-08 0 0 0
1.45308e-08 -8.22607e-08 -1.92334e-08 0 0 0
-0.159044 -0.0895267 -0.331009 -0.156 -0.097 -0.338
-3.31731e-08 2.70897e-08 3.87636e-08 0 0 0
3.82945e-08 6.22907e-08 2.19446e-08 0 0 0
0.246545 0.0150763 0.00506675 0.256 0.004 -0.002
-8.76518e-09 4.93433e-09 -2.84941e-08 0 0 0
5.5618e-08 -2.50419e-08 1.1478e-08 0 0 0
0.0561116 0.272955 0.00867938 0.068 0.265 0.005
2.32122e-09 -3.95803e-08 -1.67467e-08 0 0 0
6.21167e-09 2.16588e-08 -1.11202e-08 0 0 0
0.0267801 0.279166 -0.042736 0.029 0.271 -0.042
-3.14482e-08 4.6108e-08 -1.03627e-10 0 0 0
-3.30133e-08 -1.35023e-08 -1.31497e-08 0 0 0
-0.0768695 0.150586 -0.177312 -0.086 0.135 -0.182
-1.7638e-08 -4.95327e-08 8.63946e-09 0 0 0
-9.53661e-09 3.85288e-08 -8.95971e-09 0 0 0
0.00589622 0.175696 0.17053 0.019 0.191 0.164
1.87887e-09 -1.10633e-08 3.09429e-08 0 0 0
-5.54027e-08 7.67292e-09 1.46336e-08 0 0 0
-0.0122804 0.0501056 0.292071 -0.008 0.061 0.303
-4.40745e-08 -1.60221e-08 -3.50414e-08 0 0 0
1.30154e-08 -2.35681e-08 2.56161e-08 0 0 0
0.018886 0.120043 -0.0941754 0.014 0.124 -0.101
2.40633e-09 3.82199e-08 2.98891e-08 0 0 0
-1.93181e-08 1.99831e-09 -4.21722e-09 0 0 0
-0.273516 -0.231765 0.13129 -0.285 -0.232 0.138
-8.45067e-09 3.10317e-08 1.32097e-08 0 0 0
-1.45852e-08 -2.81476e-08 -1.66759e-08 0 0 0
0.110303 0.242874 -0.108539 0.114 0.246 -0.096
3.65252e-08 -5.10008e-08 -6.90359e-09 0 0 0
-1.25816e-08 1.97247e-08 2.84474e-08 0 0 0
0.230712 0.113235 0.0429904 0.235 0.11 0.037
6.02371e-08 -5.02062e-11 7.03812e-09 0 0 0
-1.90297e-08 3.3238e-08 -7.27809e-09 0 0 0
-0.324138 0.157705 -0.0361949 -0.324 0.172 -0.033
4.20332e-08 1.85193e-08 1.07215e-08 0 0 0
4.07277e-08 2.20456e-08 -4.40652e-08 0 0 0
0.211826 0.190472 -0.0855251 0.217 0.195 -0.08
1.98572e-08 -1.89666e-08 4.06231e-08 0 0 0
3.24984e-08 -2.56856e-08 -2.9471e-08 0 0 0
0.0965028 0.257499 0.125887 0.096 0.256 0.128
2.11698e-08 1.07303e-08 -2.83771e-08 0 0 0
-4.50171e-08 5.16069e-08 2.90455e-08 0 0 0
0.0873868 0.0941955 -0.110877 0.087 0.11 -0.101
1.76684e-08 1.18316e-09 -2.12195e-08 0 0 0
-4.26294e-09 3.55317e-09 -1.3841e-08 0 0 0
-0.31871 0.00427729 -0.0483512 -0.337 0 -0.058
-5.6044e-08 -1.70406e-08 4.29508e-08 0 0 0
-5.07905e-08 -5.27982e-08 5.94314e-09 0 0 0
0.133492 0.0427145 0.150452 0.133 0.02 0.159
3.84269e-08 3.19066e-08 -2.96709e-08 0 0 0
1.33096e-09 -4.71817e-08 7.81711e-08 0 0 0
-0.289994 -0.0576902 -0.234979 -0.307 -0.055 -0.238
1.29841e-09 -4.19177e-08 -1.46156e-08 0 0 0
-3.91092e-08 9.55849e-09 -1.50655e-09 0 0 0
-0.112264 -0.207598 0.000202917 -0.103 -0.22 -0.005
-1.48966e-08 -3.67479e-08 -3.90095e-08 0 0 0
6.20159e-09 -5.68986e-09 6.7293e-10 0 0 0
-0.282173 0.0389588 -0.117656 -0.291 0.034 -0.128
-1.77972e-08 1.54702e-08 -2.06515e-08 0 0 0
1.53742e-08 4.91406e-08 2.52881e-08 0 0 0
-0.0530678 0.267515 0.0568928 -0.059 0.263 0.072
1.13002e-08 3.29011e-08 4.84501e-08 0 0 0
-3.41732e-08 1.3022e-08 -2.90397e-08 0 0 0
0.157752 0.13099 0.075361 0.162 0.142 0.08
-2.29447e-08 2.59782e-08 -3.21185e-08 0 0 0
1.49421e-08 -1.16552e-09 6.30548e-08 0 0 0
-0.320449 -0.00848477 -0.0495344 -0.321 -0.014 -0.047
2.01138e-08 5.30671e-08 -3.67092e-08 0 0 0
3.48961e-09 -4.12472e-08 9.81509e-09 0 0 0
0.0132866 -0.124097 0.157981 0.016 -0.117 0.148
-2.39124e-08 -5.78707e-08 -2.22877e-08 0 0 0
-2.81554e-08 -2.44749e-08 -4.63604e-08 0 0 0
-0.188077 0.0837176 -0.0557546 -0.2 0.103 -0.069
1.76821e-08 1.39122e-08 -3.43729e-08 0 0 0
-2.40037e-08 2.14376e-08 -1.33718e-08 0 0 0
-0.243167 0.184619 0.101724 -0.255 0.191 0.15
-3.51918e-09 -3.04681e-08 1.76937e-08 0 0 0
-4.44636e-08 1.54979e-08 5.68715e-09 0 0 0
0.189838 -0.162573 0.014415 0.193 -0.172 0.026
-3.5132e-08 8.10214e-09 -3.51119e-09 0 0 0
-2.09946e-08 -5.17954e-09 -1.17221e-08 0 0 0
0.0724858 -0.239899 -0.197614 0.071 -0.234 -0.198
1.85976e-08 2.26019e-08 -1.12647e-08 0 0 0
2.53464e-08 -5.75555e-09 1.849e-08 0 0 0
0.255093 -0.0502279 -0.0238856 0.244 -0.054 -0.012
1.01874e-08 3.49738e-08 7.79526e-09 0 0 0
1.57006e-08 1.43076e-08 3.15621e-09 0 0 0
0.279113 0.00130367 0.0961041 0.289 0.01 0.077
1.57011e-08 4.00307e-08 1.78511e-08 0 0 0
3.63247e-08 -1.88167e-09 1.78851e-08 0 0 0
0.25929 0.108464 -0.160205 0.256 0.098 -0.149
-7.51954e-09 4.17716e-08 -1.46147e-08 0 0 0
6.05154e-08 -8.71861e-09 7.28311e-09 0 0 0
0.00203963 0.264449 0.122129 -0.001 0.26 0.128
1.69697e-08 2.96906e-08 4.60795e-08 0 0 0
-2.49124e-08 -5.21454e-09 -8.29723e-09 0 0 0
0.363073 -0.1772 0.0236207 0.362 -0.178 0.02
8.72058e-08 5.07243e-09 1.06333e-08 0 0 0
-2.72728e-08 2.75503e-08 -8.98516e-09 0 0 0
-0.0427306 0.329934 -0.0511753 -0.039 0.334 -0.036
2.39466e-08 3.77477e-08 -2.24542e-08 0 0 0
-4.60506e-08 2.58625e-08 3.03836e-08 0 0 0
0.011686 0.139235 -0.194309 0.006 0.132 -0.204
5.5956e-08 4.44479e-08 -2.57365e-08 0 0 0
2.30707e-09 -1.84836e-09 3.75603e-08 0 0 0
0.225825 0.00849977 0.179404 0.226 0.008 0.176
7.04894e-11 3.8903e-08 -2.11722e-08 0 0 0
-4.40352e-08 -1.58978e-08 -2.8037e-09 0 0 0
0.173092 -0.0500528 0.25287 0.166 -0.045 0.246
3.78966e-08 -3.3841e-09 1.38125e-08 0 0 0
2.63556e-08 -4.19297e-08 2.36342e-08 0 0 0
0.0852901 0.00747014 -0.295244 0.096 0.01 -0.282
1.82906e-08 -4.49965e-08 4.3882e-09 0 0 0
-4.51198e-08 -4.0414e-08 -2.29275e-08 0 0 0
-0.184218 0.299648 0.0126857 -0.179 0.284 0.003
1.26628e-09 1.66469e-08 -8.01885e-09 0 0 0
1.58742e-08 -8.62212e-09 1.10875e-08 0 0 0
0.11001 0.197863 0.104248 0.119 0.187 0.09
3.48941e-08 -7.29018e-09 1.96614e-08 0 0 0
-5.56001e-08 5.50449e-08 3.41989e-08 0 0 0
-0.0239647 0.234805 -0.132445 -0.029 0.225 -0.138
-3.46062e-08 -2.06105e-08 4.40249e-08 0 0 0
2.26637e-08 -6.45343e-10 1.37471e-09 0 0 0
-0.16741 0.0473828 0.295171 -0.163 0.055 0.283
2.1962e-08 -1.15066e-08 4.77766e-08 0 0 0
-5.27673e-08 7.45573e-08 2.25265e-08 0 0 0
0.142478 0.164187 0.23013 0.143 0.158 0.226
-4.69598e-09 1.15447e-08 4.67643e-08 0 0 0
1.85313e-08 1.94179e-08 -2.89986e-09 0 0 0
0.25501 0.0125901 -0.0171863 0.247 0.006 -0.024
2.83954e-08 1.96824e-08 1.51884e-08 0 0 0
3.76649e-08 -3.11467e-08 1.81449e-08 0 0 0
0.212556 0.0308015 -0.173945 0.222 0.031 -0.162
1.23732e-08 6.31736e-11 -1.69154e-08 0 0 0
-2.61222e-08 1.51433e-09 2.2397e-08 0 0 0
0.0436367 -0.230197 -0.19191 0.044 -0.23 -0.187
8.25276e-09 7.87863e-09 3.43207e-08 0 0 0
-2.07795e-08 -2.72029e-08 -2.60451e-08 0 0 0
0.272632 -0.0865716 0.00133533 0.268 -0.092 -0.005
6.4664e-09 -3.84041e-08 -3.88797e-08 0 0 0
-2.46955e-08 -6.00591e-08 1.04477e-09 0 0 0
0.316818 0.149923 -0.0335322 0.308 0.165 -0.042
7.51633e-08 5.20841e-08 -5.09355e-09 0 0 0
4.45014e-08 -1.19443e-08 -3.93684e-08 0 0 0
0.0393065 0.133632 -0.174731 0.039 0.138 -0.173
-2.37144e-08 1.93855e-08 2.35397e-08 0 0 0
3.39167e-09 1.0523e-08 -4.06171e-08 0 0 0
-0.249004 0.125824 -0.159874 -0.234 0.111 -0.158
-2.75301e-08 -4.3207e-09 3.62642e-08 0 0 0
1.73912e-08 1.15516e-08 -7.46247e-08 0 0 0
-0.269436 -0.241897 0.0642726 -0.276 -0.232 0.068
1.10037e-08 3.3641e-09 2.72953e-09 0 0 0
3.39076e-09 2.49047e-09 -1.44193e-08 0 0 0
0.201508 -0.0962464 -0.158987 0.232 -0.086 -0.154
-7.27721e-10 1.39925e-08 1.8192e-09 0 0 0
3.91956e-09 -3.91026e-08 -6.53795e-08 0 0 0
-0.132231 0.237496 -0.166615 -0.135 0.231 -0.161
-6.47003e-08 -2.8836e-08 -2.45775e-08 0 0 0
-1.15067e-08 5.25227e-08 -1.20734e-08 0 0 0
-0.29517 -0.118518 -0.120409 -0.296 -0.108 -0.135
-2.98263e-08 2.26199e-08 -5.81754e-08 0 0 0
7.60256e-09 -6.73352e-09 -1.31727e-08 0 0 0
0.0333599 0.0890114 0.313116 0.026 0.097 0.315
-1.2529e-08 -5.15479e-08 1.55116e-08 0 0 0
3.91915e-08 6.31845e-08 -2.65748e-09 0 0 0
0.0738253 0.0815851 -0.170169 0.08 0.09 -0.177
2.67737e-08 -3.66592e-08 -2.18124e-08 0 0 0
-1.17976e-08 1.43629e-08 1.85359e-08 0 0 0
0.317931 -0.0997293 -0.0918864 0.317 -0.111 -0.095
3.21195e-09 3.62345e-08 4.13142e-08 0 0 0
-8.29238e-09 2.0611e-08 4.10391e-08 0 0 0
0.333256 0.0580341 -0.170952 0.345 0.068 -0.164
3.30881e-08 -4.35052e-09 -6.32481e-09 0 0 0
2.77739e-08 -2.92586e-08 3.22748e-09 0 0 0
0.140975 0.277763 0.130813 0.143 0.272 0.139
2.02768e-08 -6.29324e-08 -2.97903e-08 0 0 0
-3.34886e-08 5.79215e-08 9.64603e-09 0 0 0
-0.130559 -0.0786016 0.158201 -0.132 -0.097 0.162
1.93795e-08 1.067e-08 -1.77344e-08 0 0 0
6.30541e-08 2.73338e-09 7.34632e-09 0 0 0
0.276444 0.151493 0.0612706 0.276 0.151 0.069
2.09012e-08 -5.02294e-08 -8.17402e-09 0 0 0
-5.28401e-08 -1.6915e-08 4.70467e-09 0 0 0
0.105651 -0.252346 0.053275 0.106 -0.258 0.05
-1.33768e-08 -5.09329e-09 -1.70684e-09 0 0 0
1.02402e-08 2.18981e-08 -1.53977e-08 0 0 0
0.246145 -0.0690937 0.129759 0.248 -0.086 0.121
1.55217e-08 2.65838e-08 -2.84544e-08 0 0 0
-1.90698e-08 -1.82008e-08 1.40315e-08 0 0 0
0.012267 0.19533 0.275157 0.018 0.194 0.278
2.73448e-08 4.7609e-09 4.56354e-08 0 0 0
-3.52577e-08 4.61552e-09 -1.22407e-08 0 0 0
-0.190095 0.100621 -0.165941 -0.196 0.091 -0.152
1.53862e-08 -1.8132e-08 2.54957e-09 0 0 0
-3.87835e-09 -9.04849e-09 -6.97604e-09 0 0 0
-0.209756 -0.076143 0.344479 -0.221 -0.059 0.363
-2.50644e-09 2.38178e-08 4.11446e-09 0 0 0
-2.31176e-08 -2.24791e-08 -1.32838e-08 0 0 0
-0.201886 0.0504615 0.0597888 -0.2 0.047 0.057
-1.56598e-08 9.49655e-09 -6.82688e-09 0 0 0
1.34776e-08 2.47219e-08 1.29047e-08 0 0 0
-0.0032869 0.206024 0.0377222 -0.006 0.211 0.036
-5.54079e-09 -1.66241e-08 3.18717e-08 0 0 0
4.11029e-09 8.25623e-09 -2.54565e-09 0 0 0
-0.0213618 -0.0604576 -0.333869 -0.032 -0.043 -0.334
1.21422e-09 1.40216e-08 -9.90698e-09 0 0 0
9.1732e-09 8.84202e-10 -1.86863e-08 0 0 0
-0.0462431 0.268678 0.181333 -0.04 0.262 0.191
-6.80621e-08 3.40384e-08 7.50832e-09 0 0 0
6.82741e-08 1.15536e-08 -3.56768e-08 0 0 0
-0.0856999 -0.0784114 0.192453 -0.078 -0.072 0.194
1.82558e-08 -1.54526e-08 -2.74057e-09 0 0 0
-7.31868e-08 -3.87873e-08 1.47682e-08 0 0 0
0.0120397 0.136234 -0.016718 0.024 0.132 -0.017
-1.68701e-09 5.60402e-08 -2.41422e-08 0 0 0
2.47662e-08 3.22552e-08 1.41807e-08 0 0 0
-0.145281 -0.119084 0.0209592 -0.159 -0.129 0.025
-2.80589e-08 -3.48428e-08 3.60932e-10 0 0 0
-3.85796e-09 4.36178e-08 2.07073e-08 0 0 0
0.145267 0.220882 -0.168707 0.139 0.223 -0.178
3.03443e-08 -1.80615e-08 -3.58824e-08 0 0 0
-6.31837e-08 9.80064e-09 -4.95201e-09 0 0 0
0.148693 0.0636918 0.106375 0.148 0.059 0.12
1.4473e-08 1.73446e-08 2.6527e-08 0 0 0
-2.15876e-08 4.21508e-08 -4.09818e-08 0 0 0
-0.180116 -0.0271789 0.106407 -0.189 -0.029 0.112
9.01451e-09 -3.88071e-08 -8.13279e-10 0 0 0
-1.92434e-08 3.66076e-09 -3.84124e-08 0 0 0
0.126994 -0.0629202 -0.263956 0.129 -0.04 -0.249
4.57493e-10 1.2115e-09 -9.80278e-09 0 0 0
2.33634e-08 1.96377e-08 3.59614e-08 0 0 0
-0.0434846 0.274071 0.0494688 -0.04 0.269 0.05
-2.15764e-08 2.30413e-08 1.36819e-08 0 0 0
1.93396e-08 -4.33192e-08 4.45578e-08 0 0 0
0.369016 0.102708 0.107026 0.372 0.095 0.111
1.73859e-09 -1.41937e-08 -4.08031e-09 0 0 0
-1.72987e-08 -5.44391e-09 -2.25417e-08 0 0 0
-0.264771 -0.070392 -0.170288 -0.26 -0.059 -0.17
-2.54146e-08 -3.1792e-08 3.62929e-08 0 0 0
3.67028e-08 -2.17733e-08 8.89032e-09 0 0 0
0.309294 -0.0887129 0.0915089 0.31 -0.087 0.086
2.67576e-08 1.73001e-08 9.59212e-09 0 0 0
-2.48232e-08 -1.07379e-08 6.51883e-08 0 0 0
-0.207175 -0.114499 0.0058055 -0.199 -0.109 0.028
3.28161e-09 3.13351e-09 -4.31877e-08 0 0 0
2.58459e-08 -3.69666e-08 -6.16888e-10 0 0 0
-0.0460095 -0.164952 0.00488783 -0.052 -0.174 0.005
7.49208e-09 -5.73925e-08 -4.04604e-08 0 0 0
-1.54979e-08 2.38058e-08 -3.0373e-08 0 0 0
-0.137454 0.189556 -0.132795 -0.136 0.198 -0.141
3.71256e-08 -4.41917e-08 -1.53535e-08 0 0 0
-1.62669e-08 6.14632e-08 2.61771e-08 0 0 0
-0.0598622 0.320757 0.0674343 -0.068 0.318 0.063
6.18811e-09 -2.18622e-08 -1.49604e-08 0 0 0
7.39701e-08 -2.513e-08 3.32205e-08 0 0 0
0.173087 0.215003 -0.0284493 0.177 0.226 -0.038
9.43259e-09 -8.0308e-09 2.7439e-08 0 0 0
-4.04314e-08 4.19988e-08 -7.61594e-09 0 0 0
-0.159791 -0.0617986 -0.230044 -0.155 -0.066 -0.224
2.31321e-08 1.60331e-08 -2.24264e-08 0 0 0
2.87114e-08 1.36386e-09 -9.19044e-09 0 0 0
-0.122435 0.0291114 0.296982 -0.128 0.03 0.3
7.44971e-09 2.85117e-10 -5.11979e-09 0 0 0
-4.31171e-08 -5.6538e-08 -9.83799e-09 0 0 0
-0.231904 -0.00826755 -0.16258 -0.225 -0.016 -0.162
-2.24263e-08 -3.79945e-08 4.38535e-08 0 0 0
4.48023e-08 1.02971e-09 -9.84521e-09 0 0 0
-0.0629566 0.158483 0.167192 -0.05 0.158 0.177
4.66124e-08 2.76948e-08 4.74033e-08 0 0 0
2.23907e-08 -5.74003e-08 -2.04756e-08 0 0 0
0.315088 -0.0901672 0.0753071 0.307 -0.094 0.077
9.63621e-09 -1.45021e-08 5.23208e-08 0 0 0
-2.35035e-08 -3.14143e-08 -1.86029e-08 0 0 0
0.237834 -0.113339 -0.0883456 0.231 -0.107 -0.073
-9.38151e-09 3.36207e-08 4.93885e-09 0 0 0
-1.05877e-08 -3.67956e-08 2.57803e-08 0 0 0
0.261456 -0.0917105 0.108983 0.26 -0.1 0.094
4.13499e-08 1.46503e-08 -3.74012e-08 0 0 0
-4.38478e-08 -1.00625e-08 -3.60312e-08 0 0 0
0.318804 0.0503761 0.121805 0.351 0.02 0.127
-1.22035e-08 -1.35984e-08 3.452e-09 0 0 0
8.3398e-09 4.38363e-08 3.28634e-08 0 0 0
0.234624 0.0464024 -0.0622325 0.234 0.044 -0.052
-1.57367e-08 -1.10251e-08 -6.04994e-09 0 0 0
1.30794e-08 5.216e-08 -5.28186e-08 0 0 0
0.127745 0.258124 -0.217623 0.123 0.253 -0.216
9.76242e-09 4.46885e-08 4.26884e-09 0 0 0
2.82014e-08 6.69956e-09 -3.63978e-08 0 0 0
0.211612 -0.095008 -0.0422108 0.214 -0.102 -0.042
2.1224e-08 7.22392e-09 2.13534e-08 0 0 0
-3.36029e-08 -2.15882e-08 -2.39198e-08 0 0 0
0.147632 0.155363 0.108882 0.157 0.168 0.118
-9.19382e-08 3.34159e-08 -2.33543e-08 0 0 0
3.32249e-08 -7.51696e-09 2.99256e-08 0 0 0
0.0510856 0.164296 -0.114584 0.046 0.166 -0.105
-2.3411e-08 -7.57881e-09 3.43622e-08 0 0 0
1.32679e-08 3.38469e-08 -6.31299e-08 0 0 0
0.139159 0.102109 0.17801 0.139 0.107 0.173
5.26562e-08 -1.52204e-08 -2.251e-08 0 0 0
-3.52164e-09 2.85042e-08 2.85024e-08 0 0 0
0.145749 -0.0869991 0.17765 0.135 -0.069 0.175
-6.57798e-10 3.39795e-08 -1.00813e-08 0 0 0
3.3147e-08 -3.37854e-09 4.07804e-08 0 0 0
0.202472 0.0458819 -0.219059 0.189 0.052 -0.222
-7.09163e-10 4.02333e-08 -4.45306e-08 0 0 0
-3.97291e-08 -1.07397e-08 -2.11461e-08 0 0 0
-0.0602057 0.292709 -0.0416131 -0.048 0.286 -0.029
-1.04534e-08 4.47779e-08 -4.16378e-08 0 0 0
-8.12751e-08 -3.63375e-08 3.16827e-08 0 0 0
0.114615 0.0355469 0.207033 0.116 0.03 0.193
1.98423e-09 -3.15218e-08 1.91545e-08 0 0 0
-2.40883e-08 4.97353e-08 3.79693e-08 0 0 0
-0.126097 0.250506 -0.039026 -0.103 0.29 -0.035
4.75028e-09 -3.00824e-08 1.77149e-08 0 0 0
-3.47903e-08 1.1501e-08 -4.09503e-08 0 0 0
-0.262071 0.127928 0.313231 -0.245 0.124 0.306
-1.54158e-08 2.60918e-08 2.15916e-08 0 0 0
2.04971e-08 -2.82383e-08 2.31039e-08 0 0 0
0.163302 -0.0254162 0.178344 0.16 -0.031 0.189
-4.29161e-09 -4.24346e-08 -1.48415e-08 0 0 0
2.04243e-08 -1.04894e-08 4.9841e-08 0 0 0
0.253886 0.0891509 -0.142691 0.253 0.101 -0.128
4.14044e-08 -1.23187e-08 3.71986e-08 0 0 0
-1.46651e-08 3.81996e-08 4.22111e-08 0 0 0
0.198849 0.105859 -0.169482 0.196 0.093 -0.171
2.06429e-08 3.25349e-09 -6.04432e-08 0 0 0
1.16574e-08 -2.65771e-08 7.0836e-09 0 0 0
0.226036 -0.0381034 -0.130775 0.235 -0.029 -0.142
-1.5671e-08 2.24491e-08 -1.37511e-08 0 0 0
-1.21499e-08 -4.267e-08 3.27892e-09 0 0 0
0.315833 -0.221063 0.0017516 0.3 -0.207 -0.006
-4.81333e-09 4.44571e-08 -3.54047e-08 0 0 0
-2.7617e-08 -3.9797e-08 2.66907e-08 0 0 0
0.317985 0.00422928 0.0366728 0.315 0.004 0.032
-6.22168e-09 3.46621e-08 4.19133e-08 0 0 0
2.34572e-08 -1.88032e-08 6.6987e-09 0 0 0
0.250257 -0.014874 0.181901 0.243 -0.024 0.183
3.92649e-08 3.24308e-08 1.2348e-10 0 0 0
-6.83471e-08 -8.55903e-09 7.83773e-09 0 0 0
-0.2396 -0.00292532 0.00255395 -0.247 0.003 -0.002
-5.88572e-08 -6.17774e-09 3.11043e-08 0 0 0
-7.02201e-09 -8.38329e-09 -2.69058e-08 0 0 0
0.042316 -0.0447561 -0.391697 0.052 -0.045 -0.374
2.86547e-08 2.93962e-09 -3.37852e-09 0 0 0
-3.35639e-08 -3.75882e-09 -1.29666e-08 0 0 0
0.197764 -0.10055 -0.196557 0.18 -0.095 -0.182
-6.278e-09 -2.14107e-08 -7.48664e-08 0 0 0
1.31064e-08 5.66668e-09 5.40757e-09 0 0 0
-0.100875 0.250131 0.104895 -0.105 0.246 0.101
5.01789e-10 3.25017e-08 -1.71656e-08 0 0 0
7.37886e-09 -3.6275e-08 -2.93689e-08 0 0 0
-0.285525 -0.0353605 0.00271213 -0.282 -0.039 0.005
-1.77266e-08 8.99949e-09 -3.30191e-08 0 0 0
3.81576e-08 -3.69741e-09 -6.18361e-09 0 0 0
-0.265778 -0.135533 0.266353 -0.26 -0.11 0.265
9.49583e-09 2.84776e-08 9.34365e-09 0 0 0
1.30971e-09 1.27468e-08 7.82396e-09 0 0 0
0.171024 -0.0662782 -0.0702686 0.174 -0.074 -0.064
-5.06576e-08 -2.72631e-09 1.93833e-08 0 0 0
2.29761e-08 -1.50478e-08 2.56159e-09 0 0 0
0.223191 -0.0337774 -0.113653 0.233 -0.035 -0.109
2.91766e-08 -4.38668e-08 2.94172e-08 0 0 0
-6.35557e-09 1.22643e-08 -2.36273e-08 0 0 0
0.195858 -0.11416 0.169006 0.182 -0.125 0.177
7.10987e-10 -1.79173e-09 1.27835e-08 0 0 0
1.67583e-08 2.9882e-09 -1.28353e-08 0 0 0
0.147017 0.158952 0.133499 0.152 0.149 0.145
-1.18165e-08 3.12849e-09 -2.30773e-08 0 0 0
1.77292e-08 -1.20175e-09 -3.40273e-08 0 0 0
-0.248158 -0.0526282 0.22062 -0.243 -0.065 0.207
8.02197e-09 -3.25515e-08 2.92083e-08 0 0 0
-3.33673e-08 1.39687e-08 4.45489e-08 0 0 0
0.168116 0.255275 -0.12033 0.172 0.255 -0.115
5.08124e-08 -9.80721e-09 3.67335e-09 0 0 0
-1.71762e-08 4.791e-08 -7.50171e-09 0 0 0
0.139561 -0.218955 0.0869785 0.143 -0.233 0.086
-4.76538e-08 -4.02099e-10 5.49181e-08 0 0 0
3.67934e-08 -1.6479e-08 -8.10199e-08 0 0 0
0.108882 0.0410189 0.158443 0.111 0.043 0.151
-1.65795e-08 -2.83244e-08 3.10105e-08 0 0 0
5.14801e-09 1.82876e-08 6.80812e-09 0 0 0
0.227109 0.209731 0.0580734 0.226 0.216 0.055
5.61452e-09 -7.47387e-10 -1.22e-08 0 0 0
7.72128e-09 -1.40399e-08 1.65946e-08 0 0 0
-0.151966 0.265226 -0.0315766 -0.154 0.263 -0.024
-1.73936e-08 -8.09782e-08 2.74084e-08 0 0 0
1.69819e-09 5.01623e-08 3.93941e-09 0 0 0
-0.219835 0.186384 -0.143427 -0.234 0.196 -0.147
-1.54477e-08 -2.51291e-09 1.8589e-08 0 0 0
4.17506e-08 5.69983e-09 -5.07995e-09 0 0 0
-0.200236 0.177385 0.2432 -0.199 0.186 0.249
-3.05595e-08 2.2333e-08 1.42297e-08 0 0 0
1.06177e-08 -2.22174e-08 7.11062e-08 0 0 0
0.304144 -0.0125596 -0.189627 0.306 0.001 -0.188
2.89874e-08 2.80472e-08 8.68249e-09 0 0 0
-1.48367e-08 -5.60426e-10 -2.89926e-08 0 0 0
-0.291961 0.230936 -0.0739066 -0.286 0.219 -0.064
6.80321e-09 -4.73289e-08 -9.63404e-09 0 0 0
4.64738e-08 4.31277e-09 -2.85908e-08 0 0 0
-0.210251 -0.194463 -0.0257161 -0.199 -0.185 -0.024
-2.60053e-08 3.04001e-09 -5.77152e-08 0 0 0
-5.27262e-08 4.34057e-08 3.79376e-08 0 0 0
-0.0407101 -0.140538 0.171649 -0.049 -0.146 0.18
2.47295e-08 5.29935e-09 1.61099e-08 0 0 0
-6.57369e-09 -2.68761e-08 2.60505e-08 0 0 0
-0.0593403 0.201721 -0.0181652 -0.059 0.22 -0.032
2.95224e-08 -2.94378e-08 -4.8667e-08 0 0 0
-3.87645e-08 -1.16643e-08 2.14806e-08 0 0 0
0.0822803 -0.307218 0.147617 0.073 -0.309 0.172
4.3706e-08 1.3179e-08 -2.60425e-08 0 0 0
-2.65153e-08 -5.30151e-08 -1.09002e-09 0 0 0
0.155168 -0.104446 -0.167203 0.134 -0.106 -0.194
9.47668e-09 3.47659e-08 -1.26012e-08 0 0 0
-1.31132e-08 -1.23683e-08 -3.60045e-08 0 0 0
0.165872 0.104248 0.166614 0.148 0.111 0.144
1.11414e-08 -3.34295e-08 2.26614e-09 0 0 0
1.14943e-09 5.7193e-08 1.30997e-08 0 0 0
-0.268852 0.164074 -0.181054 -0.269 0.176 -0.191
-1.58856e-09 -6.49989e-09 1.56289e-08 0 0 0
-3.93051e-08 -2.24616e-08 -3.52622e-09 0 0 0
0.332709 -0.0470907 -0.0766875 0.334 -0.047 -0.09
-2.16279e-10 -1.63832e-08 -5.75952e-08 0 0 0
-4.63724e-09 -5.22085e-09 6.92484e-08 0 0 0
-0.122117 -0.165926 0.17667 -0.131 -0.169 0.168
-6.23769e-09 -6.26677e-09 -1.60063e-08 0 0 0
-7.74546e-09 3.03916e-09 1.14609e-08 0 0 0
0.298568 0.10656 -0.0256427 0.289 0.09 -0.03
1.2796e-08 1.65791e-08 -2.42315e-08 0 0 0
-1.10622e-08 5.07826e-08 -2.2451e-08 0 0 0
-0.314727 0.029355 0.0687129 -0.31 0.036 0.065
3.94397e-08 -1.92453e-08 -1.57898e-08 0 0 0
-6.21831e-08 1.40218e-10 3.50193e-08 0 0 0
0.168621 -0.105855 0.185458 0.163 -0.106 0.192
5.70675e-08 5.13949e-08 -5.68112e-08 0 0 0
-1.34072e-08 3.12982e-08 3.00643e-08 0 0 0
-0.191158 -0.0344036 -0.201867 -0.185 -0.046 -0.216
2.26511e-08 1.10873e-08 4.28171e-08 0 0 0
-3.19805e-08 -4.9733e-08 -4.35093e-08 0 0 0
-0.0882133 -0.0995523 -0.178849 -0.083 -0.091 -0.177
1.70629e-08 -1.97093e-09 1.3187e-09 0 0 0
-4.48684e-08 2.48467e-08 -4.05221e-08 0 0 0
-0.304247 0.0724253 -0.0855606 -0.286 0.083 -0.09
2.75591e-08 -1.58368e-09 -4.18728e-08 0 0 0
-9.78007e-09 -1.92122e-08 6.81635e-09 0 0 0
-0.0327085 0.0918731 0.214648 -0.045 0.091 0.219
4.40905e-09 -2.00039e-08 4.72511e-08 0 0 0
-6.31139e-09 -3.65087e-08 1.79909e-08 0 0 0
0.132859 0.110481 0.0417305 0.146 0.117 0.059
-1.41593e-08 -1.95135e-08 4.2028e-08 0 0 0
-1.58313e-08 2.99839e-08 3.23438e-08 0 0 0
-0.21474 -0.055892 -0.187537 -0.206 -0.052 -0.191
-1.31023e-08 4.08961e-09 -5.27782e-08 0 0 0
-3.05564e-08 -8.80445e-08 9.33085e-09 0 0 0
-0.0448208 -0.0859013 0.0934357 -0.055 -0.08 0.096
-5.9508e-08 -4.10135e-08 3.84804e-08 0 0 0
3.92645e-08 -1.584e-08 -2.48826e-08 0 0 0
-0.230143 0.0226171 -0.0807411 -0.239 0.006 -0.092
1.51653e-08 -1.22565e-08 -1.44214e-08 0 0 0
2.27028e-09 1.26355e-08 -3.19681e-08 0 0 0
0.184883 0.154854 0.192433 0.185 0.149 0.195
2.67522e-09 -2.29438e-08 2.0745e-08 0 0 0
8.06041e-09 -6.96162e-09 -2.59752e-08 0 0 0
0.135285 0.237027 -0.0560007 0.127 0.236 -0.047
1.60656e-08 -7.13064e-09 -5.57292e-08 0 0 0
-4.69331e-09 -2.13419e-08 1.96555e-08 0 0 0
0.123438 -0.0831198 -0.138684 0.127 -0.087 -0.143
3.71808e-08 -1.51533e-08 -5.90566e-08 0 0 0
5.23136e-09 -4.18139e-08 2.43684e-08 0 0 0
0.226476 -0.0528985 -0.0150014 0.211 -0.054 0.001
-1.49305e-09 -4.54128e-08 -3.8798e-08 0 0 0
8.24976e-09 -3.66394e-08 -4.70052e-08 0 0 0
0.0247624 -0.184727 0.23296 0.022 -0.188 0.226
-1.80615e-08 5.18647e-09 -6.339e-09 0 0 0
-1.73959e-09 1.91249e-08 -1.82541e-09 0 0 0
0.0174611 0.345593 0.147368 0.007 0.374 0.146
-3.4044e-08 3.66078e-08 -5.43282e-08 0 0 0
1.27128e-09 -1.21929e-08 -2.62126e-09 0 0 0
0.0779691 0.328154 0.0542446 0.074 0.332 0.05
9.9277e-09 5.06495e-09 3.50874e-08 0 0 0
-2.58344e-08 1.59298e-08 -5.85398e-08 0 0 0
0.247385 0.175478 -0.00540524 0.238 0.159 0
3.97009e-08 -5.0338e-08 5.88642e-08 0 0 0
9.88813e-09 -1.68587e-08 1.08596e-08 0 0 0
-0.229963 -0.252478 -0.053652 -0.213 -0.246 -0.05
1.7852e-08 1.45712e-08 -1.76641e-08 0 0 0
-3.46704e-08 -1.21553e-08 1.73452e-08 0 0 0
0.11747 0.192389 -0.153335 0.115 0.209 -0.145
-2.3565e-08 2.04667e-08 -4.68538e-09 0 0 0
-2.4629e-08 -2.00671e-08 -9.12663e-09 0 0 0
0.124144 0.0772549 0.261546 0.137 0.072 0.262
-4.1093e-08 6.17908e-09 2.62931e-08 0 0 0
-3.5017e-08 1.79987e-09 3.13088e-08 0 0 0
0.302132 -0.0463238 0.102955 0.373 -0.048 0.13
3.61082e-08 -1.12899e-08 -6.9172e-08 0 0 0
-1.0661e-08 -5.0499e-10 4.4343e-08 0 0 0
0.198274 0.17683 -0.217154 0.186 0.175 -0.211
8.61882e-09 5.14122e-08 -2.12725e-08 0 0 0
7.69675e-09 4.4103e-08 1.61258e-08 0 0 0
-0.217891 0.186616 0.08343 -0.216 0.171 0.071
-2.89345e-08 -3.36342e-08 7.95177e-09 0 0 0
-2.76961e-08 -3.1386e-08 4.74588e-08 0 0 0
-0.142464 0.0363556 0.272076 -0.132 0.04 0.276
-3.04385e-08 3.11238e-09 3.45308e-11 0 0 0
5.58269e-08 -2.50217e-08 9.50664e-09 0 0 0
-0.0150832 0.238855 -0.0415729 -0.016 0.238 -0.053
7.44746e-09 3.64673e-08 -2.75368e-08 0 0 0
-1.74771e-08 7.96093e-08 8.70565e-09 0 0 0
0.204412 0.164487 0.205474 0.214 0.164 0.201
-4.31941e-11 -5.8791e-09 3.92475e-08 0 0 0
4.25479e-09 -3.59801e-08 1.85911e-08 0 0 0
0.196992 0.193688 0.175504 0.183 0.206 0.181
9.29903e-08 4.10906e-08 -5.97558e-09 0 0 0
1.68584e-08 -5.76206e-09 1.12684e-08 0 0 0
0.111272 -0.0949977 0.166357 0.111 -0.086 0.183
1.26875e-09 5.42099e-08 3.21428e-08 0 0 0
1.4565e-08 6.51146e-09 -7.40313e-09 0 0 0
-0.0491301 0.0164128 -0.291479 -0.054 0.022 -0.285
1.48485e-08 -2.12267e-08 1.24836e-08 0 0 0
3.5713e-08 2.33446e-08 5.09496e-08 0 0 0
0.226679 -0.0539248 -0.0012313 0.254 -0.06 -0.008
2.41498e-10 -6.0658e-09 -2.00485e-08 0 0 0
4.05072e-08 8.4864e-08 -1.94764e-09 0 0 0
0.324387 -0.0732553 0.0788946 0.324 -0.058 0.077
-1.75353e-08 -1.71306e-08 -2.72332e-08 0 0 0
6.04235e-08 4.32238e-10 -1.89543e-08 0 0 0
0.114635 0.171729 -0.171094 0.098 0.172 -0.156
2.13865e-08 -5.48656e-09 1.54588e-08 0 0 0
-4.35867e-08 2.6014e-08 4.49144e-08 0 0 0
0.0416854 0.233672 -0.0349911 0.033 0.241 -0.042
-3.64935e-08 -2.32773e-08 -3.24373e-09 0 0 0
1.85833e-08 1.16382e-08 1.4944e-08 0 0 0
-0.192983 0.180461 -0.15941 -0.195 0.177 -0.153
2.17228e-08 3.22205e-08 1.46167e-08 0 0 0
4.68088e-09 1.77137e-08 -1.62305e-08 0 0 0
-0.165469 0.102783 -0.107984 -0.168 0.1 -0.115
-1.14184e-08 -1.84184e-08 -6.63374e-09 0 0 0
-2.2247e-08 4.64668e-08 8.05588e-08 0 0 0
0.135992 0.169166 -0.108404 0.146 0.165 -0.112
-2.46045e-08 -5.44406e-08 4.21161e-08 0 0 0
6.67217e-09 2.14699e-08 5.09611e-09 0 0 0
0.017492 -0.184554 -0.220929 0.026 -0.156 -0.218
4.20955e-08 5.95102e-08 1.41095e-08 0 0 0
5.32974e-09 3.91574e-08 1.88591e-08 0 0 0
-0.188887 0.151543 0.0616715 -0.189 0.148 0.065
-3.11821e-09 1.86311e-08 -1.64063e-08 0 0 0
2.31018e-08 -1.83266e-08 5.03267e-08 0 0 0
0.183545 0.117481 0.173491 0.175 0.133 0.172
-1.45687e-08 -1.3345e-10 -2.6024e-08 0 0 0
-2.58095e-08 -2.04691e-08 4.26684e-09 0 0 0
0.140775 0.228411 -0.260863 0.135 0.219 -0.258
3.43406e-08 8.55122e-09 -5.98921e-10 0 0 0
2.89986e-08 2.30237e-08 1.04277e-08 0 0 0
0.31953 0.160604 -0.222036 0.304 0.146 -0.235
-2.59125e-08 -1.20088e-08 -3.65272e-08 0 0 0
1.40352e-08 -2.01592e-08 -6.81394e-09 0 0 0
0.339847 -0.0254663 0.0667789 0.335 -0.042 0.063
1.63576e-08 -2.39889e-08 2.14345e-09 0 0 0
1.69334e-08 -4.12358e-09 -5.15368e-09 0 0 0
-0.04311 0.166906 -0.0830053 -0.044 0.172 -0.077
3.92313e-08 -1.73117e-08 -6.34537e-09 0 0 0
3.41665e-08 -1.88487e-08 2.16064e-08 0 0 0
0.0373296 0.0449904 0.326276 0.036 0.037 0.325
5.61767e-09 -4.63184e-08 -1.58503e-08 0 0 0
1.70511e-08 1.18302e-08 -2.5078e-08 0 0 0
0.0875811 0.190605 -0.127959 0.093 0.193 -0.142
-2.19698e-08 1.07596e-08 -3.29695e-08 0 0 0
3.00894e-09 -2.80724e-08 -8.98488e-09 0 0 0
0.12505 -0.329305 0.0322477 0.121 -0.322 0.027
-1.63567e-08 1.2401e-08 1.10393e-08 0 0 0
3.72892e-08 -1.80345e-08 -3.83083e-08 0 0 0
0.0693398 -0.0152002 0.216367 0.087 -0.004 0.211
3.03636e-08 -3.15738e-08 -3.00355e-08 0 0 0
-6.49962e-08 -3.83043e-10 3.05127e-08 0 0 0
-0.08972 -0.0649129 0.270318 -0.097 -0.057 0.252
5.23886e-08 -3.23991e-09 -3.7256e-08 0 0 0
-2.18205e-08 -8.55364e-09 -4.49476e-09 0 0 0
0.0215029 0.175148 -0.259393 0.021 0.167 -0.248
1.30394e-08 3.66886e-08 -5.23859e-08 0 0 0
-4.14899e-08 2.49266e-08 -6.80315e-08 0 0 0
-0.0899165 0.263726 -0.1837 -0.074 0.27 -0.192
9.61886e-09 4.82919e-08 1.82581e-08 0 0 0
5.88282e-08 5.39669e-09 4.76122e-08 0 0 0
-0.0178243 0.292272 0.0220087 -0.031 0.286 0.016
-9.69542e-09 1.50368e-08 9.32298e-09 0 0 0
4.10177e-08 9.19183e-09 6.83117e-09 0 0 0
-0.039443 0.102623 -0.254967 -0.042 0.103 -0.248
-2.45302e-09 -1.60944e-08 -3.68088e-08 0 0 0
2.25908e-09 2.04134e-08 -2.53037e-08 0 0 0
0.147581 0.0835091 0.352948 0.163 0.1 0.352
-3.64343e-09 -3.02686e-08 1.19146e-08 0 0 0
-4.61157e-08 1.91211e-08 2.37688e-08 0 0 0
-0.274418 -0.239125 -0.0513094 -0.275 -0.226 -0.06
-3.66234e-08 -3.68326e-08 9.6838e-09 0 0 0
-3.43436e-08 -2.34577e-08 3.2175e-08 0 0 0
0.0310414 -0.286885 -0.0349157 0.026 -0.286 -0.039
1.39497e-08 -2.99688e-08 -5.61127e-09 0 0 0
1.57391e-08 2.924e-09 2.75779e-08 0 0 0
0.0514543 0.148963 -0.1869 0.059 0.13 -0.189
1.07934e-08 3.40087e-08 4.78531e-09 0 0 0
1.64049e-08 -2.89238e-08 -3.79429e-08 0 0 0
0.0191345 -0.150577 0.178635 0.005 -0.138 0.18
-1.93511e-08 -6.70959e-08 -7.71094e-09 0 0 0
3.43237e-08 3.64575e-08 3.60636e-08 0 0 0
-0.0299702 0.209728 -0.292226 -0.029 0.199 -0.296
3.35377e-08 -4.72293e-10 -4.12418e-08 0 0 0
1.7042e-08 9.56685e-09 -1.99956e-08 0 0 0
0.260214 -0.048003 0.111488 0.257 -0.046 0.088
2.46169e-08 -2.72345e-08 -2.82278e-08 0 0 0
3.38862e-08 1.46411e-08 4.19884e-08 0 0 0
-0.163576 0.218165 -0.161742 -0.148 0.206 -0.159
-2.9814e-08 -4.88259e-08 -2.79265e-08 0 0 0
-3.47249e-08 -1.38256e-08 3.9695e-08 0 0 0
0.21335 0.0738215 -0.00365888 0.219 0.079 -0.003
1.58296e-08 -1.69604e-08 -4.55447e-08 0 0 0
-2.78318e-08 -9.26407e-09 8.89533e-09 0 0 0
0.0994795 0.336991 0.148602 0.114 0.342 0.156
2.39011e-08 -1.0899e-08 1.57818e-08 0 0 0
-4.20896e-08 2.73678e-08 3.43879e-09 0 0 0
0.215233 0.0970651 0.00204517 0.214 0.104 -0.005
1.04161e-08 3.29497e-08 6.72399e-08 0 0 0
-3.87417e-09 -1.32633e-08 -1.03953e-08 0 0 0
-0.150868 -0.122491 0.109755 -0.135 -0.128 0.114
-7.55066e-09 6.57441e-10 4.98909e-08 0 0 0
-7.3012e-09 -6.99372e-08 2.06778e-08 0 0 0
0.397217 0.102464 0.00162518 0.41 0.097 0.02
2.4319e-08 2.05724e-08 1.75822e-09 0 0 0
-1.74258e-08 1.08184e-08 -6.14161e-09 0 0 0
-0.0349441 -0.239302 -0.200897 -0.039 -0.238 -0.207
-2.57228e-08 -9.98822e-09 1.87252e-08 0 0 0
1.07965e-08 3.52892e-08 -1.03347e-08 0 0 0
0.137289 -0.0270798 -0.175757 0.14 -0.022 -0.173
1.03166e-08 -3.9505e-08 6.24422e-09 0 0 0
-3.36342e-09 4.17183e-08 -5.4341e-08 0 0 0
-0.126203 0.12348 -0.0287396 -0.136 0.131 -0.026
-1.99175e-08 1.67606e-08 -3.80539e-08 0 0 0
-5.39229e-08 -1.38343e-08 6.89166e-09 0 0 0
0.00882087 0.162159 0.171776 0.006 0.169 0.168
4.10739e-08 -3.25391e-08 3.93122e-08 0 0 0
-1.56171e-08 7.84173e-08 -3.80454e-08 0 0 0
0.0183232 0.164781 0.133928 0.013 0.161 0.14
3.51954e-09 1.80358e-08 3.76581e-09 0 0 0
7.02307e-08 -2.82206e-08 1.25612e-09 0 0 0
0.081086 -0.336557 0.00398152 0.082 -0.341 -0.004
-3.55568e-08 1.79908e-09 3.56329e-08 0 0 0
2.95921e-08 -3.59223e-08 -5.73683e-08 0 0 0
-0.1231 -0.205496 0.168079 -0.127 -0.204 0.157
5.41087e-08 1.75874e-08 3.51991e-08 0 0 0
-3.03569e-08 -9.84405e-09 3.05225e-08 0 0 0
-0.19257 0.108125 -0.232364 -0.192 0.105 -0.231
1.40148e-08 1.82458e-08 -4.136e-08 0 0 0
7.98553e-09 2.53668e-08 -3.76944e-08 0 0 0
0.157725 0.071677 0.222073 0.149 0.065 0.223
1.96541e-08 -1.32348e-08 -3.32175e-08 0 0 0
-4.36404e-08 -2.99917e-08 -1.33765e-08 0 0 0
0.20267 0.0514263 0.102656 0.201 0.047 0.107
-6.39257e-09 2.46098e-08 2.46817e-08 0 0 0
1.42379e-08 -2.64701e-08 -7.82097e-09 0 0 0
0.227079 -0.145764 -0.161553 0.232 -0.137 -0.163
-4.97861e-09 -2.50721e-08 1.72536e-08 0 0 0
1.53087e-08 1.73031e-08 -4.41771e-08 0 0 0
-0.00249343 -0.0891054 -0.249386 -0.002 -0.093 -0.245
4.8823e-08 -1.83843e-08 -7.56643e-10 0 0 0
-3.19257e-08 -8.29191e-09 -2.8348e-08 0 0 0
-0.0721195 0.176624 0.191272 -0.061 0.176 0.178
-2.97491e-08 3.43797e-08 -6.69378e-09 0 0 0
3.80066e-08 1.62573e-08 2.41859e-08 0 0 0
-0.0239959 0.243058 0.0624993 -0.025 0.242 0.071
-2.40382e-08 1.26748e-08 -3.45275e-08 0 0 0
2.2101e-08 3.14902e-08 -9.46899e-09 0 0 0
-0.017455 0.267671 -0.0100769 -0.02 0.256 0.001
-6.74952e-09 5.29948e-08 1.83973e-08 0 0 0
-8.0297e-10 9.13631e-09 7.14413e-08 0 0 0
0.177644 -0.174233 -0.368899 0.189 -0.175 -0.406
3.30227e-08 5.49624e-08 1.52047e-08 0 0 0
2.74852e-08 2.74245e-08 1.47935e-08 0 0 0
0.110604 -0.281778 0.0396251 0.112 -0.282 0.029
-6.47759e-08 -2.50356e-09 -3.41312e-08 0 0 0
2.04271e-08 -1.89805e-08 -5.16477e-09 0 0 0
0.211995 0.0291206 -0.26966 0.211 0.026 -0.262
2.82064e-08 -1.55076e-08 1.55754e-08 0 0 0
1.87684e-08 -8.54631e-08 -4.29982e-08 0 0 0
0.115378 0.100052 0.17359 0.117 0.095 0.18
1.60532e-08 -9.74805e-10 2.17891e-08 0 0 0
-4.71625e-08 1.61566e-08 -2.29577e-09 0 0 0
0.225781 -0.287822 0.0871087 0.223 -0.283 0.088
-3.46174e-08 6.29038e-09 3.27458e-08 0 0 0
5.88801e-08 1.15569e-08 -2.60562e-08 0 0 0
-0.0582519 0.0973996 -0.184909 -0.07 0.105 -0.211
1.93664e-08 2.37735e-08 1.99441e-08 0 0 0
1.07167e-08 -7.20558e-08 -1.53918e-08 0 0 0
-0.153477 0.376519 0.0293352 -0.151 0.387 0.019
2.3835e-08 5.49992e-09 -2.99596e-08 0 0 0
2.32795e-09 -9.06811e-09 -2.77758e-08 0 0 0
0.027069 -0.157055 0.371718 0.019 -0.163 0.375
2.13145e-09 6.46271e-09 -3.61607e-09 0 0 0
2.32063e-08 -7.19957e-09 2.52871e-08 0 0 0
0.0673941 0.24933 0.146074 0.065 0.246 0.144
-3.31827e-08 2.7681e-08 1.45858e-08 0 0 0
4.51617e-08 -9.56175e-09 1.25146e-08 0 0 0
0.21402 0.0206122 -0.109926 0.221 0.017 -0.119
-2.40436e-08 1.42532e-08 -4.86063e-09 0 0 0
8.02493e-09 5.25339e-08 -2.94085e-08 0 0 0
0.113634 0.0266202 0.170462 0.119 0.025 0.169
-1.4948e-08 -5.87549e-09 5.38022e-08 0 0 0
-1.0632e-08 5.64801e-08 -7.52976e-08 0 0 0
0.0884633 -0.252595 0.0772202 0.088 -0.252 0.082
-2.63661e-08 -1.97711e-08 3.97844e-08 0 0 0
-7.18697e-09 2.27696e-08 -1.83999e-09 0 0 0
0.0568874 -0.156345 -0.192906 0.051 -0.171 -0.192
4.30855e-08 -3.82223e-08 -4.91108e-08 0 0 0
-1.67239e-08 2.10703e-09 4.66101e-08 0 0 0
0.145017 0.184969 -0.23632 0.154 0.184 -0.233
6.8196e-08 -3.69377e-08 -4.8689e-10 0 0 0
-5.5778e-08 -5.78225e-09 -2.54228e-08 0 0 0
0.305511 0.0567706 -0.0465949 0.309 0.046 -0.038
5.24532e-09 -7.08568e-08 -3.94308e-08 0 0 0
4.45106e-08 5.95966e-08 -3.10774e-08 0 0 0
0.283906 0.0631926 0.10061 0.304 0.044 0.112
2.75848e-08 -9.47218e-10 -2.50933e-08 0 0 0
2.72557e-08 -9.47425e-09 -3.08258e-08 0 0 0
0.193513 0.184662 -0.116317 0.187 0.189 -0.114
1.81426e-08 1.44163e-08 -1.31731e-08 0 0 0
6.60849e-09 -9.38963e-09 1.49378e-08 0 0 0
0.00587937 0.281525 0.134639 -0.006 0.293 0.136
1.30511e-08 -9.33931e-09 -4.84477e-08 0 0 0
1.82708e-08 8.66423e-09 -3.89828e-10 0 0 0
-0.225123 0.101134 -0.0626814 -0.226 0.098 -0.065
-6.96904e-08 -1.60078e-08 -7.84124e-08 0 0 0
3.20003e-08 4.24739e-08 4.34217e-08 0 0 0
0.172994 0.00332573 -0.151654 0.199 0.005 -0.135
3.31143e-08 -3.72195e-08 5.0634e-08 0 0 0
1.96346e-08 -2.56717e-08 -2.48354e-09 0 0 0
-0.0587263 -0.230738 0.269494 -0.061 -0.231 0.269
2.86002e-08 1.49119e-08 3.06904e-08 0 0 0
3.47908e-08 4.2579e-08 2.53506e-09 0 0 0
-0.00369622 0.274306 -0.0211448 0.009 0.27 -0.031
4.37718e-09 -2.42252e-08 3.83048e-08 0 0 0
2.55083e-08 1.88716e-08 4.20701e-09 0 0 0
0.0651988 0.030967 0.289104 0.063 0.044 0.278
-3.17624e-08 1.39607e-08 3.97808e-08 0 0 0
-6.8438e-09 1.85331e-08 -3.06295e-08 0 0 0
0.0666056 0.190327 -0.0784234 0.063 0.193 -0.074
2.29053e-08 -6.3212e-08 -2.25596e-08 0 0 0
-1.05067e-08 3.07654e-09 3.58381e-08 0 0 0
0.0152142 0.401989 -0.111799 0.009 0.417 -0.126
4.61928e-08 5.33898e-09 7.16848e-09 0 0 0
-2.75922e-08 -1.2829e-08 3.48298e-08 0 0 0
0.366397 0.0862246 0.0269359 0.357 0.09 0.033
-6.40811e-09 3.52845e-08 1.51079e-08 0 0 0
9.95105e-09 2.84175e-09 1.42203e-08 0 0 0
-0.0439707 0.261782 -0.0369465 -0.038 0.26 -0.035
5.95492e-08 -3.66378e-08 3.11637e-09 0 0 0
-4.74387e-08 6.52731e-08 1.3301e-08 0 0 0
-0.232469 0.04094 -0.0136616 -0.23 0.038 -0.005
-1.70557e-09 3.28203e-08 -4.71157e-08 0 0 0
1.5626e-09 3.95534e-08 -5.55972e-09 0 0 0
0.238436 0.257539 0.115879 0.236 0.258 0.113
-5.69268e-09 6.84256e-08 4.03385e-09 0 0 0
-1.36052e-08 -2.77835e-08 9.27184e-10 0 0 0
-0.000765596 -0.312831 -0.128816 -0.007 -0.302 -0.139
-2.14214e-08 -1.37914e-08 2.32817e-08 0 0 0
-2.22701e-08 2.53772e-08 8.9572e-09 0 0 0
0.171459 0.115924 0.277942 0.151 0.114 0.28
2.38904e-08 -1.45142e-08 -6.83651e-09 0 0 0
-1.26502e-08 -6.86586e-08 4.18046e-08 0 0 0
-0.224888 -0.0711038 0.118098 -0.222 -0.076 0.108
-6.07939e-09 7.89133e-09 -3.22504e-08 0 0 0
-5.44179e-09 -3.54948e-08 1.2023e-08 0 0 0
-0.254236 -0.0394958 -0.266341 -0.241 -0.031 -0.274
-1.53612e-09 -7.26514e-09 -9.8842e-09 0 0 0
-5.51349e-09 5.9269e-09 4.41208e-09 0 0 0
-0.0713956 0.0961163 -0.0740495 -0.075 0.076 -0.097
-3.88338e-08 2.55473e-08 -2.66436e-08 0 0 0
4.50966e-08 -1.02134e-08 -1.69327e-08 0 0 0
-0.0281659 0.25077 -0.0599822 -0.036 0.253 -0.071
-2.74784e-08 -1.7125e-08 2.06683e-08 0 0 0
3.1604e-08 -6.96547e-09 -8.60046e-09 0 0 0
-0.000897441 0.0547479 -0.20772 0.005 0.067 -0.204
-1.61146e-08 -1.90301e-08 -2.69166e-08 0 0 0
-6.42934e-09 3.21577e-08 -1.76591e-08 0 0 0
0.0391257 0.0691286 0.307293 0.042 0.068 0.292
-2.54518e-08 1.89231e-08 5.95138e-08 0 0 0
-9.51205e-09 1.61667e-08 4.27211e-08 0 0 0
-0.111044 -0.261301 0.292171 -0.105 -0.265 0.302
-2.677e-08 6.55446e-08 -2.16451e-08 0 0 0
-2.73088e-08 5.8323e-08 -3.28398e-08 0 0 0
-0.0910516 -0.184255 0.158505 -0.092 -0.191 0.155
2.57659e-08 2.66086e-08 2.02581e-08 0 0 0
7.32846e-09 -5.07814e-08 -2.5318e-08 0 0 0
0.0491614 0.0373915 -0.27707 0.061 0.034 -0.277
-2.05377e-08 4.86461e-08 2.84753e-09 0 0 0
2.69934e-08 -5.5248e-08 -5.62115e-08 0 0 0
-0.083658 -0.110758 0.171476 -0.078 -0.12 0.173
2.57041e-08 3.00938e-08 -5.82595e-09 0 0 0
2.76717e-08 -6.8255e-08 -2.36616e-08 0 0 0
-0.024315 0.168127 -0.295288 -0.034 0.162 -0.301
-2.40275e-09 -1.05088e-08 -1.15383e-08 0 0 0
3.33622e-09 1.44501e-08 -5.52413e-08 0 0 0
0.15307 -0.0872711 0.155776 0.145 -0.097 0.158
6.82354e-08 -6.6106e-08 -3.83784e-08 0 0 0
2.21701e-08 2.42701e-08 2.74196e-08 0 0 0
-0.143539 0.279728 -0.138098 -0.191 0.259 -0.131
-2.11991e-08 -8.08791e-09 2.49052e-08 0 0 0
-3.10459e-08 -5.3097e-08 -2.2665e-08 0 0 0
0.141164 0.0731811 -0.0424963 0.147 0.082 -0.038
3.12457e-08 -2.66706e-09 -4.72462e-08 0 0 0
-1.39465e-09 -4.07505e-09 -2.73355e-08 0 0 0
0.0366851 0.210126 0.154456 0.024 0.239 0.159
-4.60177e-08 4.69249e-08 -2.46454e-08 0 0 0
2.01859e-09 2.27446e-08 5.61373e-08 0 0 0
0.243185 0.17271 -0.0499334 0.247 0.154 -0.042
-7.14902e-09 2.98031e-08 2.53359e-08 0 0 0
5.36866e-09 -3.36465e-09 -2.92098e-08 0 0 0
-0.19014 -0.0901399 0.102232 -0.184 -0.084 0.11
-4.96518e-08 2.10792e-08 2.33545e-08 0 0 0
-9.62807e-09 -6.79613e-08 3.55538e-08 0 0 0
0.187739 -0.0657336 0.124585 0.191 -0.075 0.115
1.65933e-08 -1.33411e-08 -8.16845e-09 0 0 0
-5.97435e-08 3.61909e-08 3.12742e-08 0 0 0
-0.0567535 -0.264806 -0.16419 -0.059 -0.265 -0.163
-1.32463e-08 -1.30295e-08 2.28884e-08 0 0 0
2.5419e-08 1.97768e-09 2.74938e-08 0 0 0
0.165971 -0.0930177 -0.30397 0.176 -0.092 -0.288
-1.82334e-09 2.33232e-08 -4.83921e-08 0 0 0
2.78704e-09 -5.54877e-08 4.80305e-08 0 0 0
-0.11831 0.279557 -0.0665012 -0.118 0.265 -0.058
-4.21553e-09 3.55973e-08 -1.41704e-08 0 0 0
-3.31175e-08 -4.24403e-08 1.41249e-08 0 0 0
-0.0657047 0.200975 0.143341 -0.062 0.193 0.128
-3.12554e-08 4.26429e-08 -2.48076e-08 0 0 0
4.07019e-08 -9.07696e-10 3.02461e-08 0 0 0
0.0979349 0.171287 0.165887 0.099 0.172 0.161
4.78523e-08 -1.10694e-08 2.06122e-08 0 0 0
-1.19093e-08 2.02486e-08 2.8394e-08 0 0 0
-0.0510634 -0.348997 -0.0577985 -0.056 -0.34 -0.044
-1.84801e-08 1.92435e-08 3.01783e-09 0 0 0
3.35687e-08 -2.98824e-08 -3.60663e-08 0 0 0
0.03813 -0.193338 0.0934266 0.042 -0.202 0.095
-1.66088e-08 1.43306e-08 1.00908e-08 0 0 0
5.24459e-08 2.13192e-08 5.64634e-08 0 0 0
-0.061383 0.240177 -0.19698 -0.056 0.216 -0.191
-2.67131e-08 -2.6481e-08 4.23579e-09 0 0 0
1.41267e-08 3.37138e-08 -5.31446e-08 0 0 0
0.10045 0.10311 0.286462 0.103 0.116 0.257
1.21705e-08 -1.93307e-08 9.67972e-10 0 0 0
-1.59524e-08 -9.51559e-09 1.88908e-08 0 0 0
0.159685 0.00549545 0.178705 0.161 0.017 0.172
3.73591e-09 -4.19219e-09 3.02155e-08 0 0 0
-6.0864e-09 -2.44586e-08 -1.10169e-08 0 0 0
0.225199 -0.079931 -0.0975977 0.228 -0.074 -0.104
6.18224e-09 -9.64874e-10 -2.75429e-08 0 0 0
-9.49745e-09 -1.57526e-08 2.66139e-08 0 0 0
0.10499 -0.136171 -0.149795 0.098 -0.136 -0.156
-2.79404e-08 -3.57779e-08 -5.85138e-09 0 0 0
6.63758e-08 -3.53896e-08 -3.68751e-08 0 0 0
0.011025 0.116802 0.36633 0.005 0.114 0.373
-4.0003e-08 1.83657e-08 -2.12783e-08 0 0 0
5.18816e-08 5.50071e-08 1.69356e-08 0 0 0
0.0949001 0.181072 0.0373211 0.086 0.167 0.019
1.10166e-08 2.36606e-08 -2.84675e-08 0 0 0
-4.50875e-08 2.04917e-08 -7.09959e-09 0 0 0
0.117773 0.228462 0.0649544 0.109 0.229 0.065
-2.28902e-08 4.67374e-08 1.53576e-08 0 0 0
3.09e-08 -2.9411e-08 1.59404e-08 0 0 0
0.0985466 -0.10604 -0.128229 0.11 -0.111 -0.132
3.54149e-09 1.54255e-08 -4.96555e-08 0 0 0
-7.42916e-10 -5.09523e-08 2.88127e-08 0 0 0
0.0059794 -0.310228 -0.22648 0.012 -0.299 -0.233
-1.23286e-08 -1.01988e-09 -1.32308e-08 0 0 0
2.14034e-08 -9.30392e-09 -2.19964e-08 0 0 0
0.161407 0.0061843 -0.153712 0.15 0.015 -0.161
3.08525e-08 6.86801e-09 -5.20946e-08 0 0 0
3.32984e-08 4.49554e-08 1.33453e-08 0 0 0
0.199535 0.0916468 0.211995 0.2 0.087 0.208
3.54267e-08 2.54185e-08 7.47882e-09 0 0 0
-4.55633e-08 -2.96499e-09 -4.16496e-09 0 0 0
0.0735995 -0.224246 0.005851 0.066 -0.221 0.018
-4.41799e-08 2.66474e-08 3.22822e-08 0 0 0
3.13326e-08 1.54659e-08 -4.59669e-08 0 0 0
0.0871054 -0.00756221 -0.329215 0.082 -0.004 -0.34
-1.50694e-08 -4.10424e-08 -1.95698e-08 0 0 0
1.17642e-10 2.56469e-08 -2.16198e-08 0 0 0
-0.260081 0.295039 0.0425763 -0.255 0.303 0.034
-1.61894e-08 3.934e-08 -1.33197e-08 0 0 0
1.41223e-08 3.45138e-08 -2.81666e-08 0 0 0
-0.247395 0.046047 0.318475 -0.254 0.054 0.327
1.05712e-08 1.96011e-08 -3.5105e-09 0 0 0
1.9558e-08 1.66429e-08 -4.27971e-09 0 0 0
-0.109978 0.223902 0.220403 -0.108 0.222 0.203
-1.69816e-08 6.02635e-08 5.53137e-08 0 0 0
2.07483e-08 -2.98165e-08 -1.5175e-08 0 0 0
0.238573 0.192246 -0.0755862 0.238 0.177 -0.075
1.94238e-08 -1.69921e-09 1.24397e-08 0 0 0
-1.26789e-08 1.93662e-08 1.6492e-08 0 0 0
0.145467 0.165966 0.201442 0.147 0.167 0.193
-2.74733e-08 1.41686e-08 -5.78966e-08 0 0 0
3.57215e-09 -3.16527e-08 -7.82178e-09 0 0 0
0.194356 -0.335035 -0.00239012 0.18 -0.334 -0.014
-1.04844e-08 2.25289e-08 -1.90126e-09 0 0 0
-2.12331e-08 -8.28683e-09 2.6241e-08 0 0 0
0.0712207 -0.184956 -0.176111 0.07 -0.201 -0.184
1.97021e-08 1.91201e-09 -3.39113e-08 0 0 0
-2.90433e-09 1.87689e-08 2.99502e-08 0 0 0
0.0161822 0.166699 -0.272611 0.01 0.161 -0.267
-4.72647e-08 -1.00692e-08 -4.03563e-08 0 0 0
4.70507e-08 -1.69177e-08 -7.93362e-09 0 0 0
0.344556 -0.0865632 0.0445266 0.339 -0.085 0.058
4.42973e-08 -8.35327e-08 -4.19637e-08 0 0 0
-4.2548e-09 1.5255e-08 -2.97329e-08 0 0 0
0.399011 0.186618 0.100407 0.4 0.187 0.115
-3.31827e-08 1.39758e-08 -9.28648e-09 0 0 0
4.52121e-08 -1.55228e-08 -5.94808e-09 0 0 0
0.0752897 0.156429 -0.0743362 0.078 0.164 -0.071
1.22013e-08 -1.64807e-08 6.93707e-10 0 0 0
4.15189e-08 1.35325e-08 -1.80672e-08 0 0 0
0.147699 0.285076 0.199328 0.157 0.284 0.194
1.2357e-08 -4.94905e-08 -3.97861e-08 0 0 0
1.87253e-08 -4.46701e-08 -8.02077e-09 0 0 0
-0.244557 0.135429 0.0619383 -0.249 0.129 0.07
3.28945e-08 3.05321e-08 3.50501e-08 0 0 0
-2.82332e-08 -2.28532e-08 -4.07667e-08 0 0 0
0.147839 0.0944733 -0.209417 0.151 0.092 -0.216
-2.22131e-08 -1.54682e-08 3.94194e-08 0 0 0
1.5556e-08 -1.51612e-08 -2.17412e-08 0 0 0
0.0519315 -0.24417 0.228421 0.046 -0.248 0.241
-2.55441e-08 -5.59691e-09 2.10145e-08 0 0 0
2.47816e-08 2.37562e-09 1.37236e-08 0 0 0
0.0677129 0.360942 -0.00285823 0.08 0.365 0.003
-2.22262e-08 3.71191e-08 1.45645e-08 0 0 0
-6.1576e-09 -4.6584e-08 3.50006e-08 0 0 0
0.117594 0.106282 0.308999 0.123 0.116 0.295
-3.81221e-08 3.53614e-08 -7.7334e-09 0 0 0
-3.12518e-08 1.62578e-08 -2.13651e-08 0 0 0
0.0505341 0.257674 -0.0482424 0.041 0.261 -0.046
2.74417e-08 -6.03009e-08 9.07797e-10 0 0 0
-8.0087e-09 3.47704e-08 1.85983e-08 0 0 0
-0.0281348 0.385694 -0.0316878 -0.037 0.394 -0.019
2.7259e-08 -6.12698e-09 -2.88275e-09 0 0 0
1.16189e-08 -1.46692e-08 1.11135e-08 0 0 0
0.248623 0.314664 -0.0565243 0.246 0.319 -0.055
3.6021e-09 3.98316e-08 1.40742e-08 0 0 0
9.70786e-09 -2.15679e-09 1.02359e-08 0 0 0
0.0380618 0.265257 0.0440435 0.047 0.27 0.068
-4.01773e-08 5.23977e-08 6.48241e-09 0 0 0
2.14777e-08 -2.23298e-08 -5.96519e-08 0 0 0
-0.174754 -0.0736922 0.264425 -0.172 -0.08 0.271
-9.14821e-09 -1.1653e-08 2.97709e-09 0 0 0
5.59973e-08 -4.29274e-08 -2.94776e-08 0 0 0
0.246156 0.22377 0.0533046 0.247 0.231 0.056
1.64062e-09 4.54178e-08 -7.24306e-09 0 0 0
2.0356e-08 -1.03671e-08 3.5346e-09 0 0 0
0.0317517 -0.209674 -0.0655283 0.033 -0.225 -0.071
-2.48785e-08 -1.02877e-08 2.03557e-08 0 0 0
1.32824e-08 1.97407e-08 3.69611e-08 0 0 0
0.120347 -0.0142763 0.156529 0.123 -0.007 0.165
4.085e-08 2.21491e-08 5.65602e-09 0 0 0
2.12012e-08 -7.03712e-08 5.46311e-08 0 0 0
-0.171297 0.0456918 0.201493 -0.161 0.063 0.213
-3.80619e-08 -8.71605e-09 -2.24316e-08 0 0 0
8.5198e-09 -2.51546e-08 2.55225e-08 0 0 0
-0.125337 0.0872703 -0.251102 -0.121 0.094 -0.256
4.21192e-09 1.22569e-08 6.65081e-08 0 0 0
-2.38285e-08 4.4738e-08 4.02725e-08 0 0 0
-0.0205694 -0.0129925 -0.409284 -0.014 -0.016 -0.42
-1.18363e-08 -3.64928e-08 -2.2292e-08 0 0 0
-1.07916e-09 1.15506e-08 2.7758e-10 0 0 0
0.0494324 0.124016 0.213602 0.05 0.125 0.224
3.43108e-10 -3.70725e-08 -9.38318e-09 0 0 0
-3.58703e-08 2.21533e-10 1.34424e-09 0 0 0
-0.142494 0.209535 -0.100427 -0.144 0.217 -0.102
-1.22371e-08 1.24759e-09 -5.38679e-09 0 0 0
1.15088e-08 4.45383e-08 -1.201e-08 0 0 0
0.0232974 0.361891 0.0403349 0.022 0.362 0.028
3.76789e-08 -3.06606e-08 -2.75348e-09 0 0 0
-1.29871e-08 3.25703e-08 4.84422e-08 0 0 0
-0.262228 0.0037529 -0.0108951 -0.262 0.004 0.002
9.20569e-09 8.18085e-09 -2.58815e-11 0 0 0
-8.35327e-09 1.15027e-09 8.47194e-09 0 0 0
-0.0144699 -0.210005 0.292038 -0.023 -0.228 0.309
1.61586e-08 -2.11549e-08 3.81664e-08 0 0 0
3.51081e-08 -1.21355e-08 -1.44738e-08 0 0 0
-0.195561 0.195584 0.0371718 -0.207 0.192 0.047
4.63112e-08 3.83088e-08 5.13067e-08 0 0 0
-1.09048e-08 2.98332e-08 -1.44127e-09 0 0 0
-0.0105425 -0.212511 0.0868612 0.01 -0.212 0.096
-3.39914e-08 -7.06003e-08 2.64496e-08 0 0 0
3.52526e-08 4.26032e-08 4.87982e-08 0 0 0
-0.0264081 0.0334549 -0.295214 -0.034 0.045 -0.287
3.21708e-09 -6.13631e-09 -2.18e-08 0 0 0
2.61267e-08 -2.74114e-08 -2.98601e-08 0 0 0
0.0154325 0.133895 0.346505 0.029 0.136 0.356
7.66044e-09 3.80902e-08 1.07218e-08 0 0 0
3.05032e-08 1.9547e-08 -7.70885e-10 0 0 0
-0.127274 0.134525 -0.174383 -0.144 0.129 -0.177
-2.64638e-08 -1.96829e-08 -1.21249e-08 0 0 0
-6.39887e-08 4.02777e-09 -9.71039e-09 0 0 0
0.198601 0.150402 0.101758 0.2 0.157 0.102
3.40422e-08 2.97037e-08 -1.88685e-08 0 0 0
2.15619e-08 2.16537e-08 -2.47922e-08 0 0 0
-0.275404 0.130466 0.178312 -0.27 0.118 0.176
-5.00308e-08 3.60796e-08 8.35777e-09 0 0 0
3.62763e-08 1.0029e-08 2.98733e-08 0 0 0
0.202655 0.0403964 -0.0295356 0.211 0.044 -0.028
5.80569e-09 -6.17111e-09 -5.2798e-08 0 0 0
-2.55695e-08 1.51691e-08 3.60622e-08 0 0 0
-0.253213 -0.147886 0.0322491 -0.254 -0.13 0.038
-3.94344e-09 -2.60982e-08 5.08135e-09 0 0 0
-4.08583e-08 8.90994e-09 1.27263e-08 0 0 0
0.175682 0.0139178 0.248591 0.16 0.026 0.253
9.49918e-09 -6.98218e-08 3.87682e-08 0 0 0
1.81148e-08 -3.26045e-09 -5.6643e-09 0 0 0
-0.00301224 -0.182718 -0.238483 0.007 -0.164 -0.225
5.75812e-09 1.00707e-08 -2.82026e-08 0 0 0
-6.44439e-08 3.41441e-08 1.05925e-08 0 0 0
0.108668 -0.166462 -0.294909 0.11 -0.161 -0.297
-4.28371e-08 1.2933e-08 -5.67355e-09 0 0 0
-9.99786e-09 2.81438e-08 -2.81352e-08 0 0 0
-0.0685461 0.208076 0.101791 -0.075 0.225 0.096
2.37088e-08 2.52875e-08 -6.18552e-09 0 0 0
-4.19655e-08 3.95123e-08 -6.0418e-08 0 0 0
0.153699 0.208626 0.179428 0.155 0.194 0.164
1.75393e-08 -2.99265e-08 7.88561e-09 0 0 0
1.11322e-10 -3.28041e-10 -7.78275e-09 0 0 0
0.0116983 0.171986 0.0863452 0.021 0.176 0.086
6.23416e-08 -4.79143e-08 -4.52368e-08 0 0 0
1.07886e-09 7.33383e-08 4.53282e-08 0 0 0
-0.128113 -0.0106976 -0.190278 -0.122 0.005 -0.182
1.77867e-08 -4.80807e-08 -3.01632e-08 0 0 0
-3.92259e-08 -4.83374e-08 5.72072e-08 0 0 0
-0.110558 -0.0787019 0.201197 -0.103 -0.081 0.213
1.59415e-08 -2.55333e-09 1.06963e-08 0 0 0
4.90816e-08 1.72364e-08 -2.46638e-08 0 0 0
-0.192413 0.0322859 -0.0860918 -0.201 0.046 -0.137
6.04248e-08 -2.71501e-08 -1.9558e-08 0 0 0
-6.69479e-09 4.55332e-09 -4.04474e-08 0 0 0
0.0639055 0.223367 0.279722 0.075 0.223 0.27
4.04807e-08 -6.66993e-08 1.89991e-08 0 0 0
-5.92616e-08 2.50069e-08 5.74299e-08 0 0 0
0.12712 0.110517 0.13996 0.127 0.108 0.145
1.42138e-08 1.85763e-08 4.82631e-08 0 0 0
-1.12753e-08 -8.02443e-08 2.44247e-08 0 0 0
0.206043 -0.208807 -0.0128766 0.192 -0.211 -0.022
-4.21082e-09 -1.97311e-08 3.72163e-08 0 0 0
2.35823e-08 3.54224e-08 -4.12576e-08 0 0 0
0.0979491 0.030314 -0.291249 0.097 0.025 -0.294
-2.08947e-08 1.43905e-08 -1.43087e-08 0 0 0
1.42741e-08 -2.67316e-08 -2.56078e-08 0 0 0
0.161497 -0.15907 0.080852 0.168 -0.162 0.089
-2.14757e-09 -2.88165e-08 1.22418e-08 0 0 0
4.85154e-08 -6.42692e-09 -2.07751e-08 0 0 0
0.0752522 0.239664 0.0914888 0.064 0.238 0.101
-4.72468e-09 2.88367e-08 -3.27197e-08 0 0 0
2.18526e-08 -1.06288e-08 -9.52736e-09 0 0 0
0.0793528 0.0707489 -0.0974122 0.047 0.14 -0.098
3.01562e-08 5.13369e-09 6.52927e-09 0 0 0
-9.73822e-09 7.78776e-09 -8.76228e-08 0 0 0
0.331261 0.0919106 -0.000188163 0.326 0.091 -0.014
-6.63619e-10 1.41765e-08 -3.11109e-09 0 0 0
3.8799e-09 7.45816e-09 3.482e-08 0 0 0
-0.244302 -0.0824169 -0.219527 -0.243 -0.086 -0.226
-1.16728e-08 2.41947e-08 -2.03024e-09 0 0 0
-8.79261e-08 2.24911e-09 1.05107e-08 0 0 0
0.161512 0.144238 -0.23721 0.153 0.143 -0.237
-5.15545e-09 3.35867e-08 5.65757e-09 0 0 0
-1.8517e-08 1.29786e-08 -4.85755e-09 0 0 0
0.125291 -0.0572618 0.236131 0.117 -0.051 0.239
3.5147e-08 4.36181e-08 9.26976e-09 0 0 0
-5.3146e-08 1.3856e-08 5.47068e-08 0 0 0
0.178156 -0.255948 -0.0136282 0.168 -0.254 -0.012
-3.85339e-09 -4.5235e-09 5.8808e-08 0 0 0
4.29173e-08 2.39477e-08 -5.83377e-08 0 0 0
-0.0412313 0.0320107 -0.265569 -0.027 0.03 -0.261
2.62049e-09 -6.03821e-08 -1.54959e-08 0 0 0
2.20381e-08 4.18545e-08 1.09787e-08 0 0 0
-0.100816 0.25008 0.0451149 -0.085 0.255 0.047
3.17717e-08 2.93167e-08 -1.04945e-08 0 0 0
1.00751e-08 -8.87551e-09 5.16159e-08 0 0 0
-0.0644424 0.0711858 0.125538 -0.062 0.068 0.123
1.07728e-08 -3.0996e-09 4.79849e-08 0 0 0
-8.43604e-09 -1.09954e-08 1.4246e-08 0 0 0
-0.153918 0.122404 0.202585 -0.153 0.133 0.209
-4.68743e-08 -1.27855e-08 -2.11533e-08 0 0 0
2.12809e-08 8.57268e-09 3.12879e-08 0 0 0
-0.268986 0.145172 0.16821 -0.275 0.133 0.167
3.7264e-08 2.2727e-08 -8.287e-09 0 0 0
4.03134e-08 -3.86529e-08 3.29381e-08 0 0 0
-0.127088 0.154617 0.28862 -0.12 0.16 0.271
6.70564e-08 1.56698e-08 3.58864e-08 0 0 0
-2.10838e-08 -5.22005e-08 4.08965e-08 0 0 0
0.133005 -0.161085 0.232743 0.13 -0.175 0.215
1.94067e-08 -2.15167e-08 -2.89311e-08 0 0 0
-3.08331e-08 -7.7475e-09 4.58961e-08 0 0 0
-0.103145 0.0371617 -0.236549 -0.115 0.03 -0.241
1.60069e-08 4.25114e-09 3.38154e-08 0 0 0
-4.58133e-08 1.37556e-08 1.19534e-09 0 0 0
0.288154 -0.100687 0.0537511 0.286 -0.111 0.039
-1.30694e-08 -5.16824e-08 2.01407e-08 0 0 0
3.99358e-08 3.75642e-08 6.02463e-09 0 0 0
0.391894 -0.0111481 0.0959297 0.408 -0.009 0.09
1.35319e-08 -2.25954e-09 -2.71356e-09 0 0 0
-3.81678e-08 -4.32359e-08 -2.28123e-08 0 0 0
0.199008 0.233337 -0.128235 0.189 0.234 -0.128
3.24795e-08 -1.24035e-08 -4.86583e-08 0 0 0
1.56132e-08 1.97063e-08 -2.15097e-08 0 0 0
0.033832 0.276605 -0.106379 0.038 0.279 -0.094
-1.28415e-08 -2.79676e-08 -6.4134e-10 0 0 0
6.26177e-08 1.75792e-08 1.32562e-08 0 0 0
-0.0244841 0.282182 -0.0953401 -0.031 0.283 -0.09
-1.6502e-08 -6.92785e-09 -4.06398e-08 0 0 0
4.57833e-08 -1.60788e-08 4.81022e-09 0 0 0
-0.134996 0.202396 -0.21163 -0.118 0.195 -0.217
4.61815e-08 -2.47776e-08 -1.12574e-08 0 0 0
-2.97105e-08 -3.58557e-09 -5.74625e-08 0 0 0
0.212273 -0.218943 0.0562487 0.202 -0.238 0.065
4.68886e-08 -9.58513e-09 -2.8443e-08 0 0 0
3.9552e-08 2.51645e-08 -1.115e-09 0 0 0
-0.037446 -0.106414 -0.275211 -0.024 -0.084 -0.267
2.13394e-08 -7.54282e-09 -2.54052e-08 0 0 0
-5.16467e-08 1.66297e-08 1.62031e-08 0 0 0
-0.242433 0.248456 0.0978477 -0.234 0.254 0.082
-1.82276e-08 -5.56762e-09 -1.76184e-08 0 0 0
-1.13959e-08 9.99052e-09 -3.62925e-08 0 0 0
0.013359 0.206254 0.242507 0.01 0.217 0.227
4.18544e-08 -1.34482e-10 -2.21783e-08 0 0 0
1.74504e-08 -1.37869e-08 -3.88023e-09 0 0 0
0.0650578 0.163369 -0.175066 0.051 0.167 -0.172
-3.1104e-08 -5.81926e-09 2.43461e-08 0 0 0
1.47655e-08 -2.3306e-08 3.17206e-09 0 0 0
0.0935414 0.200369 -0.165673 0.084 0.189 -0.155
2.30615e-08 -1.00606e-08 -1.3012e-08 0 0 0
-2.01904e-08 -6.6354e-09 -3.12414e-08 0 0 0
0.341472 0.0792638 0.147285 0.353 0.091 0.145
-2.0705e-09 1.61172e-08 -3.78743e-08 0 0 0
-1.86644e-08 -1.80446e-08 7.86365e-09 0 0 0
0.0648304 0.288237 0.0681711 0.078 0.304 0.06
9.99529e-09 7.11673e-09 -1.0034e-08 0 0 0
-3.81221e-08 2.66511e-08 2.70017e-08 0 0 0
-0.190613 0.0522919 0.21689 -0.166 0.05 0.223
3.34289e-08 -4.19822e-08 -1.04459e-08 0 0 0
4.44492e-09 3.88153e-08 6.84595e-09 0 0 0
0.167298 0.164675 -0.0485283 0.177 0.173 -0.036
-6.4786e-08 1.93066e-08 -4.63277e-09 0 0 0
3.77669e-08 3.13442e-08 4.64743e-09 0 0 0
0.188349 -0.252925 -0.03379 0.191 -0.252 -0.039
-4.47288e-08 -1.44611e-08 2.25752e-08 0 0 0
4.57984e-09 7.27912e-09 3.89863e-08 0 0 0
0.0722733 0.0515179 0.0991636 0.067 0.053 0.113
2.83862e-08 7.66204e-10 1.89413e-08 0 0 0
-6.48268e-08 5.27952e-09 4.82579e-08 0 0 0
-0.149513 0.00710689 0.137235 -0.147 0.005 0.143
1.96042e-08 1.46782e-08 3.3684e-09 0 0 0
-2.63916e-08 1.20046e-08 -4.4328e-08 0 0 0
-0.193566 0.180764 -0.259563 -0.181 0.16 -0.246
4.59083e-08 2.21977e-08 1.13117e-09 0 0 0
-2.96631e-08 -3.83096e-08 -2.99e-08 0 0 0
0.0497758 -0.288056 0.268517 0.068 -0.297 0.272
3.23432e-08 -2.87665e-08 -2.61576e-08 0 0 0
2.19115e-08 -2.70947e-09 3.23323e-08 0 0 0
-0.198291 -0.022951 0.110359 -0.2 -0.027 0.123
-2.71631e-09 1.28982e-08 1.25034e-08 0 0 0
-8.11989e-08 2.70022e-08 1.82701e-09 0 0 0
-0.109263 0.322304 0.040296 -0.117 0.333 0.027
3.45807e-08 5.14328e-09 2.58334e-08 0 0 0
3.77321e-08 -5.02981e-08 -7.36667e-09 0 0 0
-0.100877 0.00769136 -0.324567 -0.111 0.012 -0.331
7.34389e-08 -2.48912e-08 -1.39048e-08 0 0 0
9.69286e-09 1.13831e-08 -2.4659e-08 0 0 0
-0.0639255 0.264371 -0.10632 -0.058 0.266 -0.093
-7.88223e-10 -9.85468e-09 2.90864e-08 0 0 0
3.60005e-08 3.14599e-08 2.90039e-08 0 0 0
-0.10142 -0.215708 0.0611991 -0.099 -0.208 0.075
3.17356e-08 2.40018e-08 9.42183e-09 0 0 0
-5.7763e-08 -2.00747e-08 1.6898e-08 0 0 0
-0.113457 0.311616 -0.00982695 -0.104 0.32 -0.007
4.42426e-09 5.3067e-08 -3.24528e-08 0 0 0
2.46705e-09 6.24544e-10 1.73802e-08 0 0 0
-0.204015 -0.132291 0.116343 -0.197 -0.134 0.113
-4.56352e-08 4.06722e-08 1.62937e-08 0 0 0
-6.82131e-09 -3.28207e-08 -1.7545e-08 0 0 0
0.12506 0.125581 -0.0940202 0.125 0.126 -0.094
2.4506e-08 -1.87605e-08 1.47646e-08 0 0 0
8.78381e-08 3.94978e-08 4.09605e-09 0 0 0
0.133833 0.224718 0.0418604 0.121 0.222 0.051
-2.69101e-08 3.74835e-08 -3.75963e-08 0 0 0
-1.33391e-08 1.70653e-08 1.84864e-08 0 0 0
-0.37659 0.0378504 0.0800629 -0.382 0.059 0.078
3.66805e-08 -4.08792e-09 -2.43967e-08 0 0 0
-5.66517e-09 1.50511e-08 -3.05039e-08 0 0 0
0.227843 0.20578 -0.0855144 0.199 0.22 -0.084
-3.32355e-10 3.61716e-08 4.49255e-08 0 0 0
-1.42868e-08 -3.95485e-08 -3.73833e-08 0 0 0
0.00728247 0.228052 0.0850115 0.014 0.239 0.097
-4.31625e-08 2.65718e-09 -1.5883e-08 0 0 0
7.24787e-08 7.09289e-09 -3.9381e-08 0 0 0
0.0546197 0.257537 0.0168343 0.069 0.242 0.027
-7.48619e-12 5.60785e-09 -8.84766e-08 0 0 0
-7.23063e-09 3.22716e-08 2.19534e-08 0 0 0
-0.258677 0.0219403 -0.0449796 -0.266 0.029 -0.042
-3.87121e-08 4.02119e-08 1.79719e-08 0 0 0
-4.59918e-08 -3.54191e-08 -1.54473e-08 0 0 0
0.335952 -0.0557722 0.150908 0.342 -0.046 0.147
1.17486e-08 2.22072e-09 -2.41318e-08 0 0 0
-4.69904e-08 1.07787e-08 6.76174e-08 0 0 0
-0.130586 -0.34113 -0.0106973 -0.159 -0.355 -0.022
8.60769e-09 9.98174e-09 -2.40879e-08 0 0 0
1.60624e-08 -1.17975e-08 5.14212e-08 0 0 0
-0.168136 -0.221692 -0.0604818 -0.173 -0.232 -0.048
4.94245e-08 -2.41967e-08 3.79524e-08 0 0 0
2.38929e-08 2.49894e-08 -6.11679e-08 0 0 0
-0.146303 0.0408946 -0.167866 -0.159 0.034 -0.161
-4.35511e-08 -1.23793e-08 7.32028e-09 0 0 0
3.24448e-08 1.84194e-08 -4.85495e-08 0 0 0
-0.0253526 0.380775 0.106585 -0.033 0.367 0.102
-3.76572e-08 -6.24172e-08 1.93662e-08 0 0 0
-1.53522e-08 2.92093e-08 -4.34217e-08 0 0 0
0.066823 0.328383 -0.0430913 0.072 0.335 -0.03
4.33182e-08 -4.04491e-09 5.27118e-08 0 0 0
-4.25526e-08 2.85817e-08 5.25967e-09 0 0 0
-0.272803 -0.051693 -0.156404 -0.266 -0.047 -0.151
2.38321e-08 9.03065e-09 -2.00501e-08 0 0 0
7.96391e-09 -7.56803e-09 2.78655e-08 0 0 0
-0.0936912 -0.162629 0.106747 -0.098 -0.156 0.108
-7.77328e-08 -1.43364e-08 -7.22523e-09 0 0 0
4.83905e-08 -8.67658e-09 1.90963e-08 0 0 0
-0.133167 0.00532341 -0.332583 -0.128 0.011 -0.335
-1.96895e-08 -2.11949e-08 -2.59882e-08 0 0 0
4.9687e-09 -5.7706e-09 2.19337e-09 0 0 0
0.0943174 0.206974 0.203841 0.089 0.193 0.192
4.99978e-08 5.00839e-08 -1.03543e-08 0 0 0
-3.56725e-08 -1.6695e-08 1.81934e-08 0 0 0
0.315332 -0.166886 -0.0621782 0.317 -0.171 -0.062
-3.52142e-08 8.55221e-09 4.276e-08 0 0 0
-1.64049e-08 -1.17503e-08 -8.23053e-09 0 0 0
0.15758 -0.130678 -0.14265 0.159 -0.128 -0.129
-4.81578e-09 3.73106e-08 -3.34287e-08 0 0 0
2.47568e-08 1.97117e-10 -7.65197e-10 0 0 0
0.211053 -0.145263 -0.175058 0.21 -0.137 -0.185
3.17375e-09 4.59758e-09 1.60454e-08 0 0 0
3.19141e-08 4.1184e-08 6.06543e-08 0 0 0
0.316497 0.0442878 -0.0551282 0.318 0.04 -0.049
8.29512e-09 4.61439e-08 4.84912e-08 0 0 0
-3.31947e-08 -7.23724e-08 -3.64347e-08 0 0 0
0.108612 0.0860043 -0.0816806 0.118 0.081 -0.092
7.11702e-10 2.66202e-08 -4.03922e-08 0 0 0
3.34895e-08 4.17884e-08 5.07765e-08 0 0 0
0.0230009 0.107491 -0.23479 0.02 0.116 -0.232
4.93952e-09 6.75149e-08 4.52312e-08 0 0 0
-9.83812e-09 2.56159e-08 -6.05388e-08 0 0 0
0.283692 0.0384575 0.191242 0.297 0.018 0.211
1.14715e-08 -2.21267e-08 2.21686e-08 0 0 0
2.3338e-08 -2.76511e-08 -2.89727e-08 0 0 0
0.0803241 0.23553 0.0501233 0.091 0.24 0.054
3.18118e-09 4.99574e-08 1.26376e-08 0 0 0
-3.68949e-08 -3.12562e-08 -2.51033e-08 0 0 0
-0.0826533 0.0956494 -0.108572 -0.082 0.09 -0.109
-2.68727e-08 8.65446e-09 1.5089e-08 0 0 0
4.25878e-08 6.80023e-09 -4.51401e-08 0 0 0
0.109059 0.243749 0.266624 0.096 0.238 0.272
1.73292e-09 -1.73165e-08 3.92858e-08 0 0 0
4.9428e-08 5.54965e-08 -2.22981e-08 0 0 0
0.0962279 -0.233652 0.229082 0.088 -0.222 0.22
-1.68432e-08 -1.98156e-08 2.21377e-08 0 0 0
1.79392e-08 3.99885e-08 6.38166e-09 0 0 0
-0.0600408 0.136838 -0.213506 -0.072 0.137 -0.221
5.52319e-09 2.81629e-08 -1.55475e-08 0 0 0
1.45239e-08 -3.98653e-08 -4.45965e-08 0 0 0
-0.0241695 0.350255 -0.0488264 -0.02 0.345 -0.048
-3.02542e-08 2.03034e-08 -3.11197e-09 0 0 0
-9.6473e-09 -3.36529e-09 -5.89808e-08 0 0 0
0.0847617 0.170435 0.233289 0.093 0.164 0.228
-6.86213e-09 3.80227e-08 -7.64301e-09 0 0 0
1.0975e-08 -1.68243e-08 -1.39425e-08 0 0 0
0.183471 0.163064 -0.141748 0.202 0.157 -0.135
-5.95646e-09 -3.31942e-08 -3.88183e-08 0 0 0
4.36707e-08 3.33847e-08 -3.22946e-08 0 0 0
0.28518 0.178863 0.175216 0.283 0.187 0.175
1.90427e-09 1.83274e-08 -5.13444e-08 0 0 0
1.22718e-08 3.52265e-08 4.3432e-08 0 0 0
0.260305 0.1415 0.121082 0.284 0.132 0.122
-1.1539e-08 -4.83048e-09 3.53135e-08 0 0 0
-1.4174e-08 -3.5519e-09 5.84427e-08 0 0 0
0.253416 -0.105556 -0.00994008 0.265 -0.126 -0.002
3.21447e-09 -4.41683e-09 -5.01528e-09 0 0 0
-1.0186e-08 -8.55287e-09 6.4919e-09 0 0 0
0.263786 0.00291318 -0.20687 0.251 0.003 -0.207
-2.28296e-08 5.81101e-08 -3.25762e-08 0 0 0
-3.98065e-09 -7.44525e-08 -2.60038e-08 0 0 0
0.225659 -0.222462 -0.00642664 0.218 -0.215 -0.011
-1.65159e-09 4.59166e-08 1.54647e-08 0 0 0
4.58394e-08 -5.24509e-08 2.97837e-08 0 0 0
0.202899 -0.101779 0.0702783 0.197 -0.101 0.071
1.81328e-08 1.76032e-08 -3.38228e-08 0 0 0
-3.12909e-08 -4.73508e-08 4.36141e-08 0 0 0
0.0910027 -0.15919 0.160254 0.087 -0.157 0.155
-5.17578e-08 1.94059e-08 7.22411e-10 0 0 0
1.09707e-08 -4.6382e-08 -1.1534e-08 0 0 0
0.272327 0.0626451 0.109046 0.27 0.063 0.115
2.19842e-10 1.06949e-08 1.16693e-08 0 0 0
5.07088e-08 1.53023e-08 4.05299e-08 0 0 0
-0.186974 -0.136189 0.147092 -0.192 -0.137 0.155
-1.1846e-08 1.71343e-08 7.01363e-09 0 0 0
-3.16822e-08 -2.95728e-08 -2.91017e-08 0 0 0
0.133502 -0.00544783 -0.252732 0.133 0.004 -0.246
3.7238e-08 -2.29224e-08 -4.93827e-09 0 0 0
3.08755e-08 2.49394e-08 -6.1073e-08 0 0 0
0.0608844 -0.0252593 -0.298954 0.045 -0.016 -0.292
1.48707e-08 3.97046e-08 -2.1951e-08 0 0 0
1.57245e-09 -7.2603e-08 -1.44089e-08 0 0 0
-0.191496 0.20806 0.0468643 -0.184 0.219 0.031
3.0122e-08 -1.44999e-08 -3.65451e-08 0 0 0
-3.87068e-08 -3.69013e-08 -1.62554e-08 0 0 0
-0.268802 -0.0630106 -0.140966 -0.281 -0.077 -0.144
-5.66197e-08 4.05407e-08 -1.83911e-08 0 0 0
-4.45313e-09 2.76288e-10 2.61561e-08 0 0 0
0.189659 0.230057 0.22894 0.179 0.241 0.228
-4.20774e-08 -3.87507e-09 1.63532e-08 0 0 0
-7.55475e-09 -5.04844e-09 -1.94369e-08 0 0 0
0.126766 -0.0362003 -0.0335171 0.148 -0.04 -0.028
6.70942e-09 -6.56366e-08 4.61437e-08 0 0 0
-3.04425e-10 4.77347e-09 6.17085e-09 0 0 0
0.248214 0.121991 -0.0929531 0.257 0.105 -0.1
-1.82331e-08 3.02689e-09 -3.33662e-08 0 0 0
-5.22124e-08 -1.14428e-08 1.16089e-08 0 0 0
0.333964 -0.0398509 0.160038 0.331 -0.044 0.153
2.84284e-08 -4.09543e-08 3.70619e-09 0 0 0
1.14741e-08 2.98774e-08 -9.70715e-09 0 0 0
0.14542 0.197063 0.0873362 0.143 0.203 0.094
-5.78466e-08 2.64999e-08 3.90368e-09 0 0 0
1.3525e-08 4.11943e-08 -2.12175e-08 0 0 0
-0.148481 -0.176424 0.2456 -0.146 -0.167 0.231
-1.80873e-08 -3.8629e-08 4.12178e-08 0 0 0
-1.21647e-08 7.07233e-09 5.38561e-09 0 0 0
0.0685101 0.16284 -0.188799 0.063 0.16 -0.19
3.57376e-08 1.11926e-08 2.58952e-08 0 0 0
1.421e-08 3.15763e-08 1.80722e-08 0 0 0
0.181355 -0.151724 0.2052 0.154 -0.133 0.219
-8.40449e-09 -3.84853e-09 -2.69442e-08 0 0 0
-2.27572e-08 7.0175e-09 4.66996e-08 0 0 0
0.0507716 0.210706 0.238655 0.054 0.204 0.238
3.62831e-08 -2.20659e-09 6.29278e-08 0 0 0
6.82396e-09 -4.71534e-08 -3.44381e-08 0 0 0
-0.109628 0.214194 0.172589 -0.105 0.219 0.186
1.45454e-08 1.07568e-08 1.27609e-08 0 0 0
-3.17208e-08 -1.30785e-08 3.43523e-08 0 0 0
-0.153424 0.0717944 -0.132762 -0.155 0.092 -0.129
-1.3088e-08 1.8318e-08 8.98174e-10 0 0 0
-1.9746e-08 2.50317e-08 1.41016e-08 0 0 0
0.130643 -0.0451339 0.254585 0.132 -0.038 0.253
2.52545e-08 2.17129e-08 8.61466e-10 0 0 0
-1.4917e-08 -6.66276e-08 1.98678e-08 0 0 0
-0.19187 0.0598298 0.199996 -0.197 0.055 0.193
2.64694e-08 2.4178e-08 3.25728e-08 0 0 0
1.79198e-08 -6.78002e-09 9.66174e-09 0 0 0
-0.111119 0.312179 0.0934116 -0.109 0.318 0.099
-1.66756e-08 -3.97624e-08 -1.66617e-08 0 0 0
3.22788e-09 6.13221e-09 -3.84808e-08 0 0 0
-0.175638 0.0796022 -0.185761 -0.154 0.082 -0.181
3.61021e-09 2.65334e-08 -9.1082e-09 0 0 0
1.03057e-08 5.94749e-08 6.41934e-09 0 0 0
0.0221655 0.393004 0.0587428 0.024 0.407 0.058
-4.79601e-08 4.20074e-08 3.10927e-08 0 0 0
3.15349e-08 6.29366e-09 -6.06102e-08 0 0 0
0.0234592 -0.171612 0.205596 0.017 -0.167 0.199
2.34478e-08 -1.53916e-08 3.47678e-08 0 0 0
-4.45135e-08 -4.5176e-08 -1.74828e-08 0 0 0
0.11941 0.149609 -0.194609 0.115 0.155 -0.197
-3.92328e-08 7.35659e-09 -1.05135e-08 0 0 0
7.49059e-08 2.41026e-08 -8.01416e-10 0 0 0
-0.295967 -0.215944 0.0362565 -0.278 -0.206 0.035
-1.4735e-08 -1.35327e-08 3.25079e-09 0 0 0
-5.47961e-09 1.74541e-08 8.54984e-09 0 0 0
-0.0169765 0.2597 -0.160256 -0.003 0.256 -0.149
1.84084e-08 -1.73396e-08 -1.21216e-08 0 0 0
-4.6126e-08 3.1901e-08 -3.80047e-09 0 0 0
0.118339 0.149727 0.172656 0.096 0.208 0.236
2.24211e-08 2.3778e-08 -2.40463e-08 0 0 0
1.6181e-08 -2.95337e-08 3.00608e-08 0 0 0
-0.34346 -0.0368378 0.0565934 -0.344 -0.035 0.057
9.42348e-09 -5.65303e-09 -4.864e-08 0 0 0
5.83067e-09 -2.59334e-08 -1.5595e-08 0 0 0
0.270496 0.293114 -0.124687 0.273 0.295 -0.12
-4.17023e-08 -9.77908e-09 -1.89598e-08 0 0 0
1.03683e-08 -7.06296e-08 6.47415e-09 0 0 0
0.273768 0.168384 0.073521 0.282 0.183 0.06
-4.64335e-08 -1.81178e-08 1.3231e-08 0 0 0
3.59718e-08 3.86362e-08 5.95733e-09 0 0 0
0.130582 0.241642 -0.130098 0.117 0.238 -0.119
4.11689e-08 -3.09782e-08 -2.15223e-08 0 0 0
-2.2704e-08 2.60465e-08 1.94734e-08 0 0 0
-0.306412 -0.084564 -0.00260153 -0.313 -0.082 -0.003
-1.86698e-08 -4.71595e-08 4.01581e-08 0 0 0
-3.96533e-09 -2.93806e-08 -1.08694e-08 0 0 0
0.112007 -0.101585 0.20447 0.121 -0.097 0.215
-5.32894e-08 -2.65676e-09 3.00026e-08 0 0 0
3.34927e-09 1.27655e-08 1.08368e-08 0 0 0
-0.347909 -0.149275 0.0203448 -0.34 -0.16 0.005
1.12779e-08 2.27576e-08 -3.65184e-08 0 0 0
-4.84267e-08 -1.62967e-08 2.86552e-08 0 0 0
-0.172859 -0.169774 -0.02899 -0.177 -0.178 -0.021
-3.43782e-08 1.04126e-08 -1.89537e-08 0 0 0
4.14174e-08 -4.15364e-08 1.47461e-08 0 0 0
-0.109426 0.207497 0.0279553 -0.116 0.207 0.014
-4.24414e-08 1.78732e-08 2.45826e-08 0 0 0
-2.71026e-08 -2.30937e-10 -4.19983e-08 0 0 0
0.0222748 0.366576 0.0448793 0.027 0.349 0.045
-1.89558e-08 -3.06891e-08 2.59536e-08 0 0 0
-3.90946e-09 3.34678e-09 -8.12783e-09 0 0 0
0.22663 0.310423 0.0358963 0.227 0.326 0.03
-5.81813e-09 1.79599e-08 -1.43606e-08 0 0 0
-5.90175e-09 -1.72201e-09 -1.81705e-08 0 0 0
-0.24255 -0.0809156 -0.182181 -0.23 -0.087 -0.177
1.59142e-08 -1.04182e-08 4.10397e-08 0 0 0
1.09138e-08 8.50896e-09 -2.24781e-08 0 0 0
-0.0301278 0.0610894 0.368045 -0.028 0.055 0.36
-1.58909e-08 -4.7239e-08 9.01294e-10 0 0 0
-2.18084e-08 -1.27607e-09 2.84919e-08 0 0 0
-0.226116 -0.00981107 -0.28156 -0.22 -0.01 -0.267
6.40129e-09 1.91478e-08 -7.59572e-09 0 0 0
-4.26856e-08 -1.47547e-08 3.15631e-08 0 0 0
0.168922 0.169565 0.167389 0.166 0.159 0.169
5.7915e-09 -1.68698e-08 2.67842e-08 0 0 0
-9.60041e-09 -1.19222e-08 2.59472e-08 0 0 0
0.105965 -0.0287053 0.0721647 0.119 -0.045 0.071
-2.93767e-08 -3.95073e-08 5.68652e-08 0 0 0
-1.54924e-08 -3.6199e-08 -3.11831e-08 0 0 0
0.14504 -0.150164 -0.161532 0.148 -0.156 -0.155
4.78563e-08 3.26137e-08 -3.18979e-08 0 0 0
1.66915e-08 -2.32291e-08 8.19687e-10 0 0 0
0.241854 -0.127184 0.0284937 0.229 -0.122 0.011
5.14079e-08 3.1934e-08 1.38115e-08 0 0 0
-1.09415e-08 -3.28714e-08 -3.07024e-08 0 0 0
0.138038 -0.0570854 -0.0232158 0.147 -0.058 -0.025
1.20477e-08 4.95838e-08 -5.25435e-09 0 0 0
1.97682e-08 -1.50301e-08 2.29828e-08 0 0 0
0.153937 0.0391237 -0.236294 0.146 0.045 -0.23
7.7288e-09 2.2242e-08 -3.47531e-08 0 0 0
2.66817e-08 -2.80217e-09 2.83586e-08 0 0 0
0.2241 0.0974531 -0.0192418 0.22 0.09 -0.025
1.85284e-08 4.02924e-08 -1.61493e-08 0 0 0
3.22692e-08 -1.71737e-08 -5.46194e-08 0 0 0
0.270491 -0.0194414 0.0301373 0.262 -0.004 0.025
6.39477e-09 3.49292e-08 8.95486e-09 0 0 0
7.12312e-08 1.89002e-08 2.42216e-08 0 0 0
0.137372 0.240708 0.133483 0.129 0.247 0.145
-6.55172e-08 -4.88603e-08 -3.96604e-08 0 0 0
1.21097e-08 5.90225e-09 1.00344e-08 0 0 0
0.0345689 0.138898 -0.190884 0.039 0.146 -0.18
-3.40806e-08 -6.82131e-10 5.6129e-08 0 0 0
6.13973e-09 5.78611e-08 -6.9057e-08 0 0 0
0.120792 0.167463 0.105787 0.126 0.165 0.1
-1.08569e-08 1.04438e-08 -1.20086e-08 0 0 0
-2.78931e-08 3.06989e-08 2.28956e-08 0 0 0
0.0791843 -0.0212129 0.155748 0.074 -0.024 0.149
3.10454e-08 1.08925e-08 1.20098e-08 0 0 0
-3.42633e-08 -2.68552e-08 8.85624e-08 0 0 0
0.109859 0.00499384 -0.307654 0.104 0.005 -0.303
2.04808e-08 -8.61681e-09 -7.41231e-10 0 0 0
3.99356e-08 -5.74003e-08 -2.18802e-08 0 0 0
-0.148095 0.326995 0.00653767 -0.147 0.318 0.014
-4.87758e-08 -7.65197e-09 -1.94108e-08 0 0 0
-5.07921e-08 -8.50685e-09 1.86343e-08 0 0 0
0.0527046 -0.0675067 0.294819 0.049 -0.075 0.29
6.89091e-08 -3.05668e-08 1.39655e-08 0 0 0
5.56333e-08 5.00299e-08 2.96282e-08 0 0 0
-0.00223534 0.251032 0.0391049 0.004 0.255 0.039
-2.10082e-08 -1.2326e-08 2.671e-09 0 0 0
2.6592e-08 -8.25162e-09 -2.31813e-08 0 0 0
0.257441 0.138566 0.0862072 0.259 0.149 0.085
-3.98038e-08 3.44292e-08 -2.10825e-08 0 0 0
-3.2419e-08 -1.06856e-08 -3.35523e-08 0 0 0
0.205856 0.109208 0.2214 0.206 0.105 0.22
2.12424e-08 5.06796e-09 6.66328e-08 0 0 0
2.9053e-08 -3.41586e-08 2.0878e-08 0 0 0
0.266989 0.122458 -0.184044 0.261 0.122 -0.195
2.16167e-08 4.27219e-08 2.00479e-08 0 0 0
-9.44585e-09 -4.45041e-08 9.07826e-09 0 0 0
0.168534 -0.0317308 -0.0527809 0.163 -0.015 -0.059
-2.38427e-08 -5.2142e-08 6.73282e-09 0 0 0
-9.35161e-09 2.9092e-08 -9.51951e-08 0 0 0
0.270589 -0.0626133 0.0169935 0.261 -0.071 0.023
-2.35269e-08 5.05359e-08 2.7259e-08 0 0 0
-5.20879e-08 -5.16914e-09 -1.62674e-08 0 0 0
0.267677 -0.205889 0.0984372 0.29 -0.184 0.106
2.95007e-08 3.69769e-09 7.07526e-09 0 0 0
-2.45978e-08 -2.05873e-08 -4.52703e-09 0 0 0
0.144008 0.105934 -0.000627276 0.164 0.108 0.003
3.74663e-08 -2.54629e-08 -2.38008e-08 0 0 0
1.52549e-08 4.01644e-08 3.15133e-08 0 0 0
0.142023 0.0816656 -0.117801 0.149 0.091 -0.113
3.20029e-09 -1.65952e-08 -3.272e-08 0 0 0
-1.09383e-08 -3.28254e-08 -2.94072e-08 0 0 0
-0.165644 0.122901 -0.231979 -0.156 0.12 -0.219
-2.07856e-08 2.12021e-08 -3.94608e-08 0 0 0
-2.0525e-08 5.04459e-08 4.41457e-08 0 0 0
0.0243465 -0.272269 -0.278698 0.027 -0.269 -0.279
2.10693e-08 1.21379e-08 -1.48298e-09 0 0 0
3.70263e-08 3.22084e-08 4.04032e-08 0 0 0
0.140851 -0.0615734 -0.129564 0.157 -0.056 -0.117
-1.16037e-08 -3.60447e-08 -3.73107e-08 0 0 0
5.55585e-08 5.01441e-08 -2.33455e-09 0 0 0
-0.218525 0.300195 -0.082446 -0.207 0.288 -0.092
4.00382e-08 -2.93854e-09 -3.02061e-08 0 0 0
-1.48765e-08 -4.16017e-08 6.36338e-11 0 0 0
-0.156462 -0.0165243 0.0136849 -0.165 -0.019 0.024
4.22258e-10 -3.70531e-08 -2.62157e-09 0 0 0
-3.85413e-08 2.83911e-08 2.14961e-08 0 0 0
0.0941472 0.277216 0.188523 0.09 0.272 0.198
6.12703e-08 -4.73781e-09 1.80892e-08 0 0 0
5.81514e-09 5.21176e-08 -9.56412e-09 0 0 0
0.169817 -0.212882 -0.0691775 0.175 -0.199 -0.073
3.01205e-08 -1.54838e-08 4.00702e-09 0 0 0
-1.69686e-09 3.75877e-08 -3.45689e-08 0 0 0
0.242563 -0.166098 -0.201022 0.237 -0.155 -0.2
-9.34683e-09 -8.97016e-09 -3.76853e-08 0 0 0
6.27383e-08 3.68355e-09 4.50954e-08 0 0 0
0.0946681 0.0291604 0.268979 0.094 0.029 0.264
-1.73456e-08 5.34699e-08 4.36844e-09 0 0 0
1.74672e-08 -7.47999e-09 -1.23381e-08 0 0 0
0.189916 0.325178 0.0738774 0.188 0.316 0.075
1.40312e-08 -4.99078e-08 -1.16032e-08 0 0 0
-5.88858e-09 5.97165e-08 -3.04637e-08 0 0 0
-0.164468 -0.139903 0.0176892 -0.16 -0.149 0.021
1.32692e-08 6.72484e-08 -3.41348e-08 0 0 0
2.17256e-08 2.72912e-08 2.70451e-08 0 0 0
0.238945 0.143752 -0.0264182 0.236 0.145 -0.029
2.64898e-08 -4.54845e-08 9.53215e-09 0 0 0
-2.87919e-08 1.5221e-08 -2.51343e-09 0 0 0
0.213019 -0.174396 -0.0170357 0.213 -0.171 -0.019
1.78871e-08 -1.83379e-08 5.0202e-08 0 0 0
2.08981e-08 1.01587e-08 -2.85527e-08 0 0 0
0.174566 -0.0113678 0.16175 0.172 -0.021 0.166
-1.49541e-08 1.25879e-08 -3.62665e-08 0 0 0
-4.33442e-08 -8.3815e-09 4.10218e-08 0 0 0
0.246067 0.181062 0.0566972 0.246 0.185 0.061
1.9174e-08 -3.0091e-08 2.74073e-08 0 0 0
-2.01767e-08 3.94103e-09 7.48548e-09 0 0 0
-0.13744 0.230056 -0.163455 -0.13 0.232 -0.166
1.28323e-08 -2.87141e-08 1.26033e-09 0 0 0
-1.22908e-08 1.67852e-08 3.31487e-08 0 0 0
-0.0207761 0.10117 -0.176362 -0.026 0.112 -0.176
1.17698e-08 2.34289e-08 7.14573e-09 0 0 0
2.13794e-08 -1.73119e-08 1.23322e-08 0 0 0
-0.0134266 0.237466 -0.0448761 -0.023 0.256 -0.061
2.70445e-08 -6.16602e-09 -1.44463e-08 0 0 0
-2.90105e-08 -2.28342e-08 1.04736e-08 0 0 0
0.16579 0.243312 -0.23412 0.175 0.233 -0.226
2.52605e-08 3.63882e-08 -4.77657e-08 0 0 0
-1.0005e-08 8.45545e-09 5.78619e-09 0 0 0
0.196297 0.207188 0.0657819 0.188 0.214 0.067
-8.02565e-08 1.53562e-08 2.89905e-09 0 0 0
4.54499e-08 -9.40624e-09 -8.7887e-09 0 0 0
-0.113312 -0.220953 0.196932 -0.123 -0.237 0.198
3.9595e-08 -2.90628e-08 -1.37772e-08 0 0 0
-2.14103e-08 1.26899e-08 4.48561e-08 0 0 0
0.0897887 -0.249541 0.0238243 0.091 -0.24 0.02
-3.58407e-08 -4.89639e-08 -5.70686e-08 0 0 0
-1.50482e-08 2.98515e-08 4.70592e-08 0 0 0
0.153947 0.295382 0.0518246 0.164 0.301 0.045
1.88735e-08 -2.6715e-08 -6.97444e-09 0 0 0
-4.44605e-08 1.41524e-08 -1.41994e-09 0 0 0
-0.0597839 -0.145906 0.267639 -0.054 -0.147 0.274
-3.3788e-08 -4.88273e-08 -3.38527e-08 0 0 0
-7.13848e-09 5.87506e-08 1.55721e-08 0 0 0
-0.154475 -0.223731 -0.197246 -0.15 -0.224 -0.211
-2.65693e-08 2.31355e-09 -3.68635e-08 0 0 0
-5.48024e-09 2.3527e-08 4.96763e-09 0 0 0
0.273582 -0.221452 0.08137 0.276 -0.232 0.075
2.11943e-08 -1.22473e-08 -1.20579e-08 0 0 0
-2.13334e-08 8.07993e-09 1.28697e-08 0 0 0
-0.234519 0.138889 -0.0238623 -0.239 0.142 -0.003
-4.8395e-09 4.37886e-08 5.15037e-08 0 0 0
-2.16371e-08 -2.69197e-08 2.26955e-08 0 0 0
0.108825 0.206831 0.0531712 0.109 0.216 0.06
1.80233e-08 -4.10534e-08 1.77566e-08 0 0 0
4.6871e-08 -9.92867e-09 -7.63397e-08 0 0 0
0.190997 0.238227 0.0259448 0.187 0.24 0.031
8.51291e-09 2.93093e-09 3.94698e-08 0 0 0
-1.68455e-08 4.33723e-09 -1.29067e-08 0 0 0
0.270974 0.0840762 -0.0277024 0.272 0.086 -0.023
-9.75465e-09 -4.4226e-08 3.16899e-09 0 0 0
1.6502e-08 5.59109e-08 -7.57908e-09 0 0 0
-0.249451 -0.00253961 -0.0982003 -0.269 0.006 -0.105
4.56183e-08 -4.38321e-09 -8.08455e-09 0 0 0
-2.86708e-08 7.73698e-09 3.70895e-08 0 0 0
0.196467 -0.0815937 0.164412 0.203 -0.076 0.173
-1.00486e-08 -3.20712e-08 8.03006e-08 0 0 0
2.04671e-08 9.14198e-10 -2.90675e-08 0 0 0
0.0111943 -0.228403 -0.146162 0.006 -0.227 -0.148
-4.49312e-08 1.06062e-08 -4.00918e-09 0 0 0
3.57441e-08 -1.47177e-08 -7.04333e-09 0 0 0
0.0868585 -0.352177 -0.0506387 0.082 -0.348 -0.04
3.65859e-08 1.20097e-08 2.31768e-08 0 0 0
-3.85105e-08 1.42362e-08 -2.5536e-08 0 0 0
-0.187348 0.141667 0.126619 -0.165 0.15 0.127
1.65101e-08 -1.70133e-08 -5.35311e-09 0 0 0
-2.86315e-08 -6.48988e-09 3.10479e-08 0 0 0
0.0940509 0.332621 0.29075 0.09 0.335 0.284
-1.50243e-08 3.01014e-08 -5.13686e-08 0 0 0
5.38574e-08 -7.72888e-10 8.38205e-09 0 0 0
0.0366079 0.168894 0.121295 0.034 0.177 0.131
7.26526e-09 2.58905e-08 -1.85044e-08 0 0 0
1.72343e-08 -7.14775e-08 2.17517e-08 0 0 0
0.0740751 -0.254397 -0.142429 0.057 -0.255 -0.162
-6.74511e-08 -1.70857e-08 -1.70339e-08 0 0 0
5.39129e-08 1.90073e-08 -5.10681e-08 0 0 0
-0.103799 -0.199585 0.172184 -0.091 -0.199 0.166
2.55956e-08 4.89514e-08 -3.59403e-09 0 0 0
-3.5524e-08 -3.79547e-08 6.03362e-09 0 0 0
-0.212213 0.269168 -0.0550692 -0.21 0.274 -0.05
-1.0467e-08 -2.25941e-08 -5.28538e-09 0 0 0
-3.62632e-09 3.82116e-09 -3.72331e-08 0 0 0
0.0650046 0.130195 0.250711 0.078 0.135 0.259
-1.07962e-08 2.54726e-08 2.50696e-08 0 0 0
-2.92892e-08 2.04786e-10 2.82887e-08 0 0 0
0.274257 0.0128086 0.151268 0.272 0.009 0.151
4.80807e-08 -2.93662e-08 -1.90961e-08 0 0 0
-3.1557e-08 3.60686e-08 1.33968e-08 0 0 0
0.35925 -0.221832 -0.20297 0.364 -0.231 -0.217
3.29955e-08 4.84668e-08 -5.9517e-08 0 0 0
5.08233e-08 -1.65558e-08 4.14418e-08 0 0 0
0.168149 -0.12996 -0.274492 0.17 -0.124 -0.264
5.39804e-08 -1.24014e-08 -2.30188e-08 0 0 0
-2.11647e-08 3.81417e-08 -3.42772e-08 0 0 0
-0.000914078 -0.143202 0.28055 -0.006 -0.144 0.282
5.18601e-08 -1.55701e-08 -2.1523e-08 0 0 0
-1.89732e-08 -4.24225e-08 1.57273e-08 0 0 0
0.168821 0.167093 0.152747 0.17 0.17 0.142
-5.30682e-08 1.42794e-08 -2.3928e-08 0 0 0
2.83419e-09 -8.32028e-09 8.59013e-09 0 0 0
-0.0311627 0.355348 -0.0149736 -0.034 0.379 -0.013
1.85662e-08 3.01502e-08 2.99067e-08 0 0 0
-1.06002e-08 -3.08686e-08 -4.68483e-08 0 0 0
-0.0297048 -0.0676156 -0.160559 -0.03 -0.069 -0.149
2.32425e-08 5.14273e-08 -1.94128e-08 0 0 0
4.13826e-08 -4.53229e-10 6.07564e-08 0 0 0
-0.371715 -0.0722102 0.0569413 -0.378 -0.064 0.057
-1.02604e-08 -7.57449e-09 -1.33155e-08 0 0 0
-1.12133e-08 1.40813e-08 -3.43631e-08 0 0 0
0.207865 -0.12999 -0.25 0.213 -0.142 -0.254
-1.10123e-09 -4.23827e-08 -4.36727e-08 0 0 0
2.49073e-08 5.67219e-08 -9.17277e-09 0 0 0
0.16089 0.105662 0.224528 0.159 0.106 0.218
2.2091e-08 3.83775e-08 -1.85418e-08 0 0 0
-2.59399e-08 3.75811e-08 5.44448e-08 0 0 0
0.188079 -0.218732 0.14837 0.199 -0.21 0.217
2.99696e-09 -2.68822e-08 6.94444e-09 0 0 0
-1.82162e-08 -1.0658e-08 -4.04646e-08 0 0 0
-0.00423214 0.140844 -0.342518 -0.01 0.138 -0.335
1.87504e-08 -8.66744e-09 -3.17842e-09 0 0 0
-4.04526e-10 -1.93437e-08 2.7656e-08 0 0 0
-0.0769448 0.287049 0.146589 -0.069 0.295 0.134
2.7073e-08 -5.90565e-09 4.02159e-08 0 0 0
-1.90218e-08 2.07343e-08 -3.77995e-08 0 0 0
-0.211074 0.140377 -0.221422 -0.204 0.139 -0.231
3.41601e-08 4.84705e-09 -7.74445e-09 0 0 0
-1.27759e-08 2.52484e-08 6.60845e-09 0 0 0
0.0900873 0.249181 0.0285267 0.09 0.254 0.032
-1.83535e-08 -5.03199e-09 -1.67764e-08 0 0 0
4.16581e-09 5.16613e-08 3.54871e-08 0 0 0
-0.0735624 0.24793 -0.0195669 -0.071 0.248 -0.015
-7.58801e-09 -8.14577e-09 1.76189e-08 0 0 0
-3.41352e-09 -2.6992e-08 3.29322e-08 0 0 0
0.327887 -0.133338 0.0633712 0.327 -0.138 0.066
-9.58836e-09 -4.21162e-08 2.87518e-09 0 0 0
1.81033e-08 1.86979e-08 1.15925e-08 0 0 0
0.321296 0.0301563 0.0532156 0.316 0.028 0.049
2.42013e-08 -2.20932e-08 -7.09365e-09 0 0 0
4.09521e-08 3.58812e-09 7.77016e-08 0 0 0
0.186111 -0.0459751 -0.230949 0.189 -0.054 -0.221
-2.49225e-08 -1.07342e-08 2.52207e-08 0 0 0
-2.31577e-09 3.60777e-08 -1.94456e-08 0 0 0
0.108987 0.0829003 -0.181311 0.103 0.075 -0.19
-3.43685e-08 4.86393e-08 -1.63377e-08 0 0 0
3.06781e-08 -8.71666e-09 -1.29798e-08 0 0 0
0.232017 0.0680821 -0.0888568 0.228 0.078 -0.095
4.98239e-08 4.35491e-08 -1.85867e-08 0 0 0
1.66766e-08 -9.74812e-09 3.86763e-09 0 0 0
0.258887 0.207601 0.113678 0.267 0.201 0.121
2.87265e-08 -5.10056e-08 -4.13526e-08 0 0 0
-2.32043e-08 3.80938e-08 -3.75566e-08 0 0 0
0.0784883 0.259403 -0.14362 0.078 0.251 -0.131
2.35039e-09 8.14773e-09 2.5586e-08 0 0 0
-2.99079e-08 -1.45326e-08 -4.22226e-09 0 0 0
-0.0836853 0.362945 0.100125 -0.079 0.374 0.101
3.07082e-08 -5.34884e-08 -2.39974e-08 0 0 0
3.0441e-08 -4.56612e-08 4.26269e-09 0 0 0
-0.213487 0.0457346 -0.234741 -0.226 0.043 -0.228
-1.42306e-08 -1.24062e-09 -1.08434e-08 0 0 0
-9.54327e-09 7.338e-09 5.53553e-09 0 0 0
0.285851 -0.0232705 -0.0539063 0.285 -0.021 -0.05
-1.3212e-08 1.16438e-08 2.26698e-08 0 0 0
2.23747e-08 3.35336e-08 -3.25036e-08 0 0 0
0.180176 -0.142366 -0.306305 0.182 -0.148 -0.317
-2.6465e-08 2.22491e-08 3.6703e-09 0 0 0
-5.12491e-09 5.80893e-10 -6.7936e-09 0 0 0
-0.175969 0.299965 0.0509473 -0.188 0.322 0.056
-4.31935e-08 1.85264e-08 3.73072e-08 0 0 0
-1.05627e-08 -3.7668e-08 -4.86567e-08 0 0 0
0.0868486 0.0778748 0.190422 0.1 0.068 0.197
-2.83173e-08 8.12191e-09 1.87032e-08 0 0 0
-8.91811e-10 4.83445e-08 -8.37735e-09 0 0 0
-0.109244 0.262902 -0.034073 -0.096 0.262 -0.038
7.3405e-09 -3.82117e-08 -1.47657e-08 0 0 0
6.4833e-08 1.55774e-08 4.93619e-08 0 0 0
0.110674 0.13778 -0.21404 0.104 0.145 -0.219
-2.89013e-08 -9.37552e-09 -6.62031e-09 0 0 0
-1.02221e-08 -2.78321e-09 2.76756e-08 0 0 0
0.151483 0.127067 0.16416 0.15 0.121 0.15
4.0921e-08 -1.81297e-08 6.22578e-09 0 0 0
-3.18073e-08 5.40405e-08 -3.59559e-08 0 0 0
0.0894869 0.19326 -0.1928 0.09 0.188 -0.185
3.3374e-08 1.85667e-08 -1.82307e-08 0 0 0
-3.76607e-08 6.11723e-08 -3.02267e-08 0 0 0
-0.293594 0.108277 0.154767 -0.29 0.122 0.158
-4.46615e-09 -9.25815e-09 -2.88738e-09 0 0 0
-2.04315e-09 -7.78638e-08 -1.19819e-08 0 0 0
0.178733 0.226334 -0.00301824 0.174 0.222 -0.014
3.28123e-09 -2.93739e-08 -2.34895e-08 0 0 0
-4.24783e-08 4.60366e-10 1.01309e-08 0 0 0
0.144256 -0.199371 -0.0281686 0.141 -0.199 -0.017
2.05115e-08 -5.23068e-08 -2.77576e-09 0 0 0
1.91407e-10 5.68486e-08 2.82913e-09 0 0 0
0.00194204 -0.0545519 0.206978 0.008 -0.044 0.208
-1.16645e-08 -1.82898e-08 3.83646e-08 0 0 0
2.38609e-08 2.8153e-08 -2.56125e-09 0 0 0
-0.221578 -0.0660235 0.256614 -0.227 -0.059 0.244
-1.30529e-08 -3.27068e-08 -7.27078e-08 0 0 0
1.63133e-08 -1.19604e-08 5.80732e-08 0 0 0
-0.264209 0.218858 0.0174067 -0.262 0.221 0.018
-3.92847e-08 -4.60677e-08 -4.44167e-08 0 0 0
-2.49962e-08 -7.14607e-09 2.18925e-08 0 0 0
-0.131999 -0.337378 0.165554 -0.136 -0.357 0.149
8.79377e-10 -1.66986e-08 9.12204e-09 0 0 0
6.31616e-08 5.92511e-11 2.1831e-08 0 0 0
0.00649126 0.141472 0.0871774 -0.005 0.14 0.099
2.90523e-09 4.56041e-08 3.9048e-08 0 0 0
-8.66174e-09 -1.07082e-08 -3.26461e-09 0 0 0
0.0488016 0.157455 -0.169256 0.053 0.151 -0.164
-4.21958e-09 -2.12503e-08 -3.05223e-08 0 0 0
-1.74928e-08 1.02348e-08 -1.45365e-08 0 0 0
-0.037135 0.0578386 -0.219384 -0.04 0.061 -0.223
-1.22973e-08 3.80067e-08 1.45307e-08 0 0 0
-2.36102e-08 -2.13892e-08 1.43944e-08 0 0 0
-0.0571125 0.246564 0.191341 -0.064 0.259 0.163
-3.46184e-08 2.30427e-08 1.9082e-08 0 0 0
2.29137e-08 -4.28788e-08 2.67272e-08 0 0 0
-0.10123 0.0348348 0.305728 -0.092 0.036 0.324
-1.85413e-08 -5.42087e-10 -1.70874e-08 0 0 0
6.3865e-08 -2.45576e-08 2.25583e-08 0 0 0
0.0713838 0.175891 -0.0281721 0.076 0.165 -0.014
9.65155e-09 -3.52175e-08 1.2458e-08 0 0 0
3.1875e-08 5.3067e-08 3.11413e-08 0 0 0
-0.177371 -0.179649 0.153719 -0.182 -0.17 0.153
-4.04542e-08 -4.39886e-08 -4.1552e-08 0 0 0
-5.89216e-10 -2.68351e-08 1.47683e-08 0 0 0
0.0923893 0.241532 -0.102456 0.096 0.236 -0.104
1.43949e-08 2.89661e-08 -3.37025e-08 0 0 0
-3.85585e-08 3.4408e-08 -2.16221e-08 0 0 0
0.207289 0.066937 -0.160017 0.212 0.069 -0.167
-2.51675e-09 1.11796e-08 -8.52505e-09 0 0 0
4.70352e-08 7.51094e-09 4.61086e-08 0 0 0
-0.233688 0.204839 0.050192 -0.234 0.206 0.045
8.091e-09 3.41516e-09 -2.26721e-09 0 0 0
1.43538e-08 -1.89368e-09 -6.79214e-08 0 0 0
0.204657 0.0541434 -0.172405 0.21 0.045 -0.159
1.21189e-08 7.24717e-09 2.50867e-08 0 0 0
5.25963e-08 -1.2441e-08 -4.67262e-08 0 0 0
0.265877 0.0720955 -0.0399264 0.27 0.077 -0.039
-2.49028e-08 8.12287e-09 3.72752e-08 0 0 0
7.99042e-11 -1.34914e-08 -2.72902e-08 0 0 0
0.203089 0.176082 -0.0907844 0.211 0.177 -0.08
-5.88093e-08 2.37417e-08 3.5659e-08 0 0 0
7.19548e-09 -1.53739e-08 -4.28331e-08 0 0 0
-0.325842 0.0153415 0.150597 -0.322 0.022 0.148
-7.15394e-08 -2.5826e-09 2.34547e-08 0 0 0
-3.92679e-08 -1.79306e-09 -1.69688e-08 0 0 0
0.123933 0.0765191 0.24866 0.13 0.06 0.245
9.16015e-08 1.7917e-08 -5.34858e-08 0 0 0
-1.96089e-08 1.85571e-10 3.58136e-08 0 0 0
-0.214103 0.0352475 -0.285337 -0.212 0.038 -0.287
-3.09963e-08 2.27993e-08 -1.59461e-08 0 0 0
-2.38275e-08 -3.78577e-08 9.15808e-09 0 0 0
-0.101388 -0.180447 -0.0295532 -0.091 -0.182 -0.023
-2.88394e-08 1.67562e-08 1.13306e-08 0 0 0
1.99173e-08 -1.97143e-08 3.02546e-08 0 0 0
-0.0922229 0.106251 -0.125153 -0.105 0.098 -0.132
-3.00394e-08 1.19157e-08 -6.44196e-08 0 0 0
-8.20365e-09 1.69877e-08 1.66331e-08 0 0 0
-0.0635004 0.333023 -0.0293449 -0.05 0.303 -0.036
-9.94917e-09 -1.07693e-08 5.53477e-09 0 0 0
-3.38676e-08 -1.1564e-08 5.71273e-08 0 0 0
0.0730636 0.353722 0.074989 0.08 0.359 0.087
1.70348e-08 -4.91656e-09 2.67852e-08 0 0 0
-1.981e-08 5.45805e-08 1.43601e-08 0 0 0
-0.207774 -0.0542174 -0.140622 -0.199 -0.047 -0.138
-6.10583e-09 -1.57369e-08 2.69688e-08 0 0 0
1.28325e-08 2.41256e-08 -3.06007e-08 0 0 0
-0.129602 -0.235664 0.157925 -0.124 -0.251 0.149
1.6584e-08 3.27072e-08 1.82591e-08 0 0 0
4.24048e-09 -3.98014e-08 -1.38148e-08 0 0 0
-0.196559 0.0623577 -0.297658 -0.215 0.034 -0.337
-2.63698e-08 2.83044e-08 -1.09944e-08 0 0 0
5.23606e-09 1.03937e-08 -3.64431e-08 0 0 0
0.127242 0.11054 0.212437 0.14 0.104 0.218
-2.88176e-08 5.9149e-11 -1.06119e-08 0 0 0
3.59747e-08 -5.84041e-08 -2.06255e-08 0 0 0
0.114449 -0.198138 0.242754 0.105 -0.196 0.248
-1.18313e-09 -3.15131e-08 2.36025e-08 0 0 0
-5.56732e-08 -2.10431e-09 1.17331e-08 0 0 0
0.1719 -0.13933 -0.157435 0.18 -0.132 -0.141
2.79293e-08 1.02322e-08 -8.51601e-10 0 0 0
1.08405e-08 -4.48782e-09 -2.38783e-08 0 0 0
0.11916 -0.232075 0.0437141 0.136 -0.229 0.054
-5.61251e-08 2.484e-08 -1.22726e-08 0 0 0
7.41143e-08 2.16e-08 3.65041e-09 0 0 0
0.360385 -0.0964918 0.0678168 0.356 -0.104 0.064
3.34254e-08 -1.08883e-08 4.68873e-08 0 0 0
-1.5138e-08 4.15538e-08 7.47318e-08 0 0 0
0.294129 -0.0583444 -0.11484 0.293 -0.045 -0.118
-1.95153e-08 1.38227e-08 -3.72444e-08 0 0 0
7.47302e-08 5.27556e-08 2.94628e-08 0 0 0
0.0998344 0.162798 0.0056356 0.102 0.172 0.008
-1.72088e-08 3.40395e-08 1.69161e-08 0 0 0
3.10848e-08 1.70106e-08 1.16287e-08 0 0 0
0.17242 0.033869 -0.0744565 0.177 0.031 -0.066
3.29823e-08 4.54741e-08 3.53465e-09 0 0 0
4.26623e-08 -7.20328e-09 1.46108e-08 0 0 0
0.0471629 0.251313 -0.11724 0.059 0.246 -0.117
-5.12984e-08 2.43139e-08 2.30121e-08 0 0 0
5.54177e-08 -7.18124e-08 -2.60916e-08 0 0 0
-0.110232 0.178501 -0.203697 -0.109 0.183 -0.217
2.502e-08 -2.84002e-09 -5.15056e-09 0 0 0
-3.20766e-09 -1.42667e-09 3.17031e-08 0 0 0
0.299815 0.071819 0.173628 0.318 0.066 0.195
-4.11107e-08 1.53824e-08 1.80685e-08 0 0 0
-1.6034e-08 2.64146e-08 -3.04267e-08 0 0 0
0.191175 -0.00406969 0.0528934 0.211 -0 0.048
-3.02194e-08 1.1713e-09 -9.79759e-10 0 0 0
2.02253e-08 -3.21056e-08 1.90702e-08 0 0 0
0.00398779 0.0119894 -0.350637 0.007 0.008 -0.338
-4.93514e-09 -9.47764e-09 1.23584e-08 0 0 0
-8.54108e-09 -1.46607e-08 -3.84348e-09 0 0 0
-0.120263 0.308508 -0.0492413 -0.157 0.324 -0.031
-5.26557e-09 -6.34007e-08 -3.25298e-11 0 0 0
1.24786e-08 1.929e-08 -2.2525e-08 0 0 0
0.12866 0.138312 0.178152 0.127 0.139 0.18
-3.8879e-08 7.76728e-08 -7.74594e-09 0 0 0
3.25073e-08 -9.53239e-09 2.49799e-08 0 0 0
-0.131915 0.332094 -0.0871955 -0.141 0.337 -0.091
5.51654e-09 -3.61801e-08 1.61681e-09 0 0 0
6.04168e-09 5.44042e-09 -1.10038e-08 0 0 0
-0.389155 0.138881 -0.033013 -0.379 0.134 -0.043
-1.66746e-08 4.7683e-09 5.49752e-09 0 0 0
4.88249e-08 4.06781e-09 1.83411e-08 0 0 0
0.189975 -0.12141 0.2118 0.213 -0.122 0.217
-1.51536e-08 -3.31662e-09 6.93274e-09 0 0 0
-1.67453e-08 2.55633e-08 -4.02128e-09 0 0 0
0.249199 -0.119849 0.034702 0.241 -0.128 0.036
1.3292e-08 -3.47855e-08 2.47651e-08 0 0 0
4.17658e-08 3.90193e-08 3.14133e-08 0 0 0
0.259903 0.0194892 -0.108764 0.265 0.007 -0.102
9.13239e-09 1.43402e-08 -5.08109e-08 0 0 0
6.56684e-09 -6.9364e-08 -2.99547e-08 0 0 0
0.103998 -0.0881105 -0.242395 0.101 -0.083 -0.246
-6.17564e-10 -9.42032e-10 -2.79945e-08 0 0 0
-2.30437e-08 1.07178e-08 2.96811e-08 0 0 0
0.210618 -0.121315 0.14091 0.217 -0.121 0.145
-4.93333e-09 -2.42191e-08 -3.46697e-08 0 0 0
-7.49662e-10 -4.03208e-08 1.51584e-08 0 0 0
0.300262 0.21575 -0.117468 0.299 0.224 -0.104
6.90632e-10 3.15071e-08 6.0561e-09 0 0 0
7.79289e-08 -3.79893e-08 3.46696e-09 0 0 0
0.158148 0.220713 -0.0610644 0.14 0.232 -0.055
3.74619e-08 1.9621e-08 3.70293e-08 0 0 0
-5.49463e-09 1.82817e-08 4.24612e-09 0 0 0
-0.122892 0.165583 -0.0148954 -0.115 0.154 -0.025
-4.93604e-08 -9.5536e-09 5.75712e-08 0 0 0
-2.54357e-09 9.22516e-09 -5.57812e-08 0 0 0
-0.0950194 -0.30055 -0.303381 -0.107 -0.329 -0.325
8.19367e-08 3.36464e-08 3.20108e-09 0 0 0
-3.25389e-08 2.52022e-08 -8.87274e-09 0 0 0
0.154594 -0.142711 -0.35095 0.143 -0.143 -0.354
4.53727e-08 -2.3468e-08 -5.31141e-08 0 0 0
-1.67999e-08 2.29347e-08 2.41749e-08 0 0 0
-0.120298 0.316948 -0.116762 -0.126 0.326 -0.121
-1.64771e-08 1.83043e-08 -1.63849e-08 0 0 0
-1.02107e-08 -4.20666e-08 1.73084e-08 0 0 0
-0.375475 0.144226 0.0871121 -0.375 0.158 0.086
-2.84334e-08 4.11956e-09 -2.18772e-08 0 0 0
-1.59239e-08 7.06915e-08 -2.21306e-08 0 0 0
-0.154045 0.220197 0.274044 -0.151 0.222 0.271
1.55086e-08 3.51009e-08 2.31904e-09 0 0 0
-1.07859e-08 -1.2703e-08 -3.06486e-09 0 0 0
0.210932 -0.0779448 -0.00423311 0.206 -0.079 -0.008
-2.20519e-08 1.803e-08 -1.13824e-09 0 0 0
-1.77523e-08 -1.43195e-08 2.20545e-08 0 0 0
0.32691 -0.0940242 0.0709052 0.327 -0.106 0.066
1.62874e-08 3.60521e-08 -7.24357e-10 0 0 0
-4.66681e-08 5.01549e-08 1.69224e-08 0 0 0
0.200077 -0.193963 0.0751145 0.2 -0.208 0.075
3.58884e-08 4.218e-08 -3.66164e-08 0 0 0
1.45265e-08 4.46716e-08 5.10116e-08 0 0 0
0.217024 0.239253 0.114855 0.223 0.223 0.125
-2.27532e-08 6.19447e-08 -1.03186e-08 0 0 0
3.70343e-09 6.09537e-09 -5.39426e-08 0 0 0
-0.334003 -0.012743 0.201132 -0.34 -0.014 0.191
1.69713e-08 1.7411e-09 -2.7414e-08 0 0 0
7.80885e-09 3.42011e-08 2.76062e-08 0 0 0
0.302114 0.143903 0.0177346 0.293 0.145 0.025
8.81902e-09 -3.4737e-08 -4.91794e-08 0 0 0
-6.0328e-08 -1.95897e-08 -2.90798e-08 0 0 0
0.0635405 -0.226916 -0.151022 0.063 -0.223 -0.161
-7.36516e-08 -3.25446e-08 -9.8558e-09 0 0 0
2.71511e-08 5.91375e-09 -1.33845e-08 0 0 0
0.277324 -0.0558596 0.126774 0.273 -0.053 0.129
-8.64932e-09 -4.82166e-10 1.63814e-08 0 0 0
-3.74127e-08 1.95528e-08 3.58674e-08 0 0 0
0.119481 0.192721 0.113502 0.133 0.198 0.11
-2.25319e-08 3.45043e-08 2.85242e-09 0 0 0
1.81578e-08 -7.33309e-09 6.34461e-08 0 0 0
-0.174497 0.125132 -0.141006 -0.17 0.118 -0.139
1.37659e-08 5.1343e-08 -6.02939e-09 0 0 0
4.65597e-09 -1.62842e-08 -4.35802e-09 0 0 0
-0.223957 0.198723 -0.102988 -0.241 0.205 -0.101
-1.4122e-08 -4.9366e-09 8.59336e-09 0 0 0
4.11071e-08 6.56975e-09 3.85026e-09 0 0 0
-0.15743 0.131794 0.223581 -0.151 0.141 0.227
-7.10066e-09 -1.1861e-08 8.55029e-08 0 0 0
-3.68994e-08 2.85726e-08 1.04289e-08 0 0 0
0.317161 -0.0145362 -0.187966 0.314 -0.006 -0.179
2.93579e-08 2.93688e-08 5.21206e-09 0 0 0
-1.7974e-08 5.25989e-09 -2.89705e-08 0 0 0
-0.259115 0.204377 -0.0481826 -0.252 0.199 -0.041
8.8666e-09 -4.15274e-08 -8.96484e-09 0 0 0
3.53018e-08 2.39418e-09 -3.21178e-08 0 0 0
-0.226248 -0.164887 -0.031287 -0.214 -0.161 -0.029
-2.32016e-08 4.81757e-09 -7.66859e-08 0 0 0
-4.45541e-08 3.5135e-08 3.25624e-08 0 0 0
-0.0267289 -0.115164 0.161947 -0.034 -0.122 0.17
2.32543e-08 1.03842e-09 1.64151e-08 0 0 0
-1.16019e-08 -3.1487e-08 2.1539e-08 0 0 0
-0.0714281 0.20342 -0.0204353 -0.073 0.227 -0.034
3.5059e-08 -3.36504e-08 -4.78389e-08 0 0 0
-3.56639e-08 -1.11055e-08 2.69845e-08 0 0 0
0.115732 -0.27218 0.138267 0.105 -0.27 0.132
3.4968e-08 2.27128e-08 -2.37706e-08 0 0 0
-2.45853e-08 -5.93228e-08 7.27789e-09 0 0 0
0.143673 -0.117299 -0.176774 0.132 -0.109 -0.187
5.23292e-09 3.61546e-08 -1.49233e-08 0 0 0
-1.10273e-08 -1.02647e-08 -3.99846e-08 0 0 0
0.153267 0.133813 0.127134 0.136 0.145 0.109
-3.81858e-10 5.38544e-08 2.05042e-08 0 0 0
1.28385e-08 -4.27542e-08 5.35451e-10 0 0 0
-0.25143 0.138568 -0.147804 -0.248 0.147 -0.161
6.90077e-10 -9.22359e-09 2.22783e-08 0 0 0
-4.09732e-08 -1.91719e-08 -8.52761e-10 0 0 0
0.303035 -0.012611 -0.0782374 0.303 -0.025 -0.085
6.16502e-09 -5.16236e-09 -5.70707e-08 0 0 0
-8.17173e-09 -6.60056e-09 5.91335e-08 0 0 0
-0.154666 -0.155863 0.161053 -0.167 -0.158 0.162
3.52787e-09 1.15717e-08 -1.63364e-09 0 0 0
1.94124e-09 -7.26659e-09 -1.27691e-08 0 0 0
0.294284 0.11523 -0.0209287 0.288 0.106 -0.034
7.71742e-09 1.87083e-08 -2.51605e-08 0 0 0
-1.53621e-08 5.45759e-08 -1.7355e-08 0 0 0
-0.329796 0.00913475 0.0654794 -0.323 0.017 0.064
-6.55069e-08 -6.924e-09 3.53351e-08 0 0 0
4.52292e-08 -1.52274e-08 -1.00501e-08 0 0 0
0.184677 -0.135331 0.171473 0.182 -0.134 0.179
-1.2861e-08 2.60367e-08 3.54626e-08 0 0 0
5.49378e-08 5.30863e-08 -5.68175e-08 0 0 0
-0.174403 -0.0646385 -0.179602 -0.174 -0.07 -0.196
-3.64907e-08 -4.09021e-08 -4.88138e-08 0 0 0
2.34629e-08 9.72309e-09 4.43109e-08 0 0 0
-0.108375 -0.0937293 -0.173485 -0.106 -0.092 -0.174
2.92027e-08 -1.34833e-08 3.13288e-09 0 0 0
-5.13375e-08 1.8013e-08 -4.04525e-08 0 0 0
-0.345598 0.0142471 -0.0865561 -0.333 0.027 -0.091
1.4398e-08 -6.87954e-09 2.94431e-09 0 0 0
3.86805e-08 -1.89655e-08 -3.83594e-08 0 0 0
-0.0585724 0.0894802 0.19829 -0.071 0.091 0.203
1.64392e-08 -1.23389e-08 5.29439e-08 0 0 0
-8.26158e-09 -3.39678e-08 6.66759e-09 0 0 0
0.124567 0.0963168 0.0607795 0.135 0.097 0.067
-1.90932e-08 -2.13587e-08 3.52633e-08 0 0 0
-1.69029e-08 2.43466e-08 3.75948e-08 0 0 0
-0.228761 -0.0793022 -0.210778 -0.219 -0.075 -0.214
-2.95714e-08 -8.78829e-08 6.95854e-09 0 0 0
-7.51169e-09 -4.45434e-10 -5.94678e-08 0 0 0
-0.0286276 -0.108713 0.129386 -0.041 -0.109 0.128
3.37524e-08 -2.24674e-08 -1.53125e-08 0 0 0
-7.13503e-08 -3.1929e-08 3.4014e-08 0 0 0
-0.210286 0.022385 -0.0968588 -0.214 0.006 -0.103
2.52207e-08 -1.51326e-08 -1.57162e-08 0 0 0
1.9088e-09 1.23089e-08 -2.6158e-08 0 0 0
0.17657 0.197694 0.193153 0.171 0.198 0.196
4.76502e-09 -2.64498e-08 1.68764e-08 0 0 0
1.73791e-08 -2.45964e-09 -1.64499e-08 0 0 0
0.139713 0.226734 -0.0212972 0.131 0.228 -0.011
-5.94944e-09 -1.83825e-08 1.83274e-08 0 0 0
1.14803e-08 -7.62875e-09 -5.99757e-08 0 0 0
0.133181 -0.0625138 -0.128884 0.143 -0.06 -0.135
3.3952e-08 -6.3869e-09 -4.92749e-08 0 0 0
7.14542e-11 -4.05372e-08 2.15575e-08 0 0 0
0.230702 -0.0882005 -0.0200479 0.219 -0.09 -0.008
-4.39372e-09 -3.67401e-08 -3.55225e-08 0 0 0
8.09785e-09 -3.17917e-08 -4.43713e-08 0 0 0
0.0552586 -0.153834 0.235107 0.054 -0.156 0.223
-2.29381e-08 -2.04923e-09 -3.78123e-09 0 0 0
-3.33822e-09 1.9506e-08 -3.90484e-09 0 0 0
0.0231732 0.31114 0.14717 0.027 0.34 0.148
3.65892e-10 -8.32372e-09 4.18582e-09 0 0 0
-3.27408e-08 2.33451e-08 -4.64145e-08 0 0 0
0.0423671 0.270121 0.0478217 0.041 0.271 0.04
5.2751e-09 1.06268e-08 1.44049e-08 0 0 0
-1.44815e-08 2.27027e-08 -6.1073e-08 0 0 0
0.229329 0.139842 -0.00955274 0.222 0.125 -0.002
4.23619e-08 -5.53178e-08 5.41796e-08 0 0 0
1.58835e-08 -1.20614e-08 9.09941e-09 0 0 0
-0.208685 -0.243478 -0.0898771 -0.199 -0.242 -0.088
2.0489e-08 2.04203e-08 -1.636e-08 0 0 0
-2.8995e-08 -9.35468e-09 1.42364e-08 0 0 0
0.0782441 0.16474 -0.131097 0.078 0.178 -0.125
-1.44323e-08 2.65906e-08 -1.17811e-08 0 0 0
-3.31911e-08 -1.84195e-08 -1.40419e-08 0 0 0
0.0953611 0.0747401 0.309505 0.105 0.068 0.31
-3.0767e-08 -8.12295e-09 2.92666e-08 0 0 0
-2.91848e-08 1.31363e-08 2.16778e-08 0 0 0
0.346194 -0.0526654 0.10491 0.407 -0.044 0.125
4.13377e-08 -3.15377e-09 -6.2172e-08 0 0 0
-1.23019e-08 1.46453e-10 4.65384e-08 0 0 0
0.181181 0.155414 -0.164764 0.174 0.154 -0.157
5.1605e-09 4.44738e-08 1.33524e-08 0 0 0
6.39545e-09 4.30377e-08 -1.2899e-08 0 0 0
-0.160532 0.185355 0.0769856 -0.164 0.174 0.065
-3.07624e-08 -4.03653e-08 -1.85512e-09 0 0 0
-2.50187e-08 -2.65997e-08 4.88207e-08 0 0 0
-0.161836 0.015379 0.292445 -0.146 0.014 0.293
-3.03291e-08 4.29568e-09 2.36513e-09 0 0 0
5.59076e-08 -2.1947e-08 7.95408e-09 0 0 0
-0.0181765 0.246893 -0.0630814 -0.013 0.25 -0.069
1.21681e-08 3.1953e-08 -2.47743e-08 0 0 0
-1.66885e-08 7.60627e-08 1.03297e-08 0 0 0
0.206743 0.16544 0.25713 0.225 0.164 0.258
7.89374e-10 -3.97028e-08 2.13467e-08 0 0 0
-5.56023e-09 -2.05308e-09 3.53392e-08 0 0 0
0.164903 0.198612 0.184298 0.153 0.218 0.193
2.12427e-08 -1.8809e-09 3.87691e-09 0 0 0
8.26583e-08 3.64907e-08 -3.31867e-09 0 0 0
0.171525 -0.145143 0.186091 0.172 -0.137 0.199
-4.50632e-09 5.91536e-08 2.86206e-08 0 0 0
1.99166e-08 1.1043e-08 -2.64599e-09 0 0 0
-0.0653039 0.0452076 -0.298675 -0.069 0.05 -0.291
9.84763e-09 -3.17648e-08 8.73512e-09 0 0 0
3.8972e-08 2.62726e-08 6.50451e-08 0 0 0
0.191227 -0.0563354 0.0221945 0.222 -0.047 0.015
3.87406e-08 8.09051e-08 5.42759e-10 0 0 0
4.70332e-09 -1.73848e-08 -1.28133e-08 0 0 0
0.293703 -0.050614 0.0901761 0.294 -0.044 0.086
-3.04461e-09 -2.74679e-08 -2.68306e-08 0 0 0
6.62066e-08 -2.5845e-09 -1.64896e-08 0 0 0
0.103711 0.173468 -0.135053 0.096 0.174 -0.123
1.2347e-08 -1.20528e-08 1.40454e-08 0 0 0
-3.6158e-08 2.71431e-08 3.70787e-08 0 0 0
0.0151272 0.206862 -0.00950712 0.007 0.214 -0.015
2.57371e-08 1.8059e-08 1.35181e-08 0 0 0
-2.9451e-08 -1.76319e-08 -1.30441e-08 0 0 0
-0.189053 0.19657 -0.155743 -0.194 0.19 -0.149
2.04804e-08 3.22472e-08 8.99671e-09 0 0 0
-5.91715e-10 2.35928e-08 -1.85018e-08 0 0 0
-0.182794 0.0934375 -0.109249 -0.175 0.085 -0.121
-1.42028e-08 -1.38565e-08 -1.42368e-09 0 0 0
-1.77755e-08 5.31364e-08 7.92305e-08 0 0 0
0.16367 0.202737 -0.117394 0.166 0.195 -0.118
-2.81545e-08 -5.76719e-08 4.24223e-08 0 0 0
-4.29022e-09 1.91638e-08 1.76704e-08 0 0 0
-0.011019 -0.194478 -0.246325 -0.001 -0.17 -0.243
2.17957e-08 4.31927e-08 2.28245e-08 0 0 0
3.85343e-08 6.72508e-08 1.31295e-08 0 0 0
-0.152313 0.211985 0.0662712 -0.145 0.204 0.063
-2.45376e-09 4.97258e-09 -1.39708e-08 0 0 0
1.73505e-08 -1.06916e-08 5.30308e-08 0 0 0
0.169812 0.122165 0.179415 0.158 0.14 0.176
-1.72896e-08 2.05428e-10 -2.94127e-08 0 0 0
-2.1233e-08 -1.42918e-08 -4.4651e-09 0 0 0
0.149965 0.248036 -0.266461 0.146 0.244 -0.264
2.46639e-08 9.95331e-09 -7.03122e-09 0 0 0
3.28911e-08 2.23306e-08 1.54774e-08 0 0 0
0.306604 0.168329 -0.236987 0.289 0.155 -0.249
-1.60742e-08 -1.80736e-08 -3.54087e-08 0 0 0
9.34809e-09 -2.19306e-08 1.09744e-08 0 0 0
0.342801 -0.0275891 0.0935079 0.346 -0.043 0.086
1.11696e-08 -2.51246e-08 9.03305e-09 0 0 0
8.96409e-09 -1.90835e-09 -4.26227e-09 0 0 0
-0.0626873 0.164195 -0.0762772 -0.072 0.171 -0.072
3.77509e-08 -2.20055e-08 2.45484e-08 0 0 0
3.6071e-08 -2.22745e-08 -6.5431e-09 0 0 0
0.0424037 0.0272123 0.294782 0.04 0.019 0.289
-8.30985e-09 -4.4451e-08 -3.66243e-09 0 0 0
1.24551e-08 1.82916e-08 -2.88612e-08 0 0 0
0.121915 0.245635 -0.134828 0.122 0.238 -0.133
-2.99507e-08 6.89869e-09 -3.72825e-08 0 0 0
5.04877e-09 -3.49649e-08 7.99746e-10 0 0 0
0.140612 -0.324254 0.00728025 0.139 -0.317 0.005
-1.36119e-08 1.76462e-08 -3.83136e-09 0 0 0
2.88698e-08 -1.99028e-08 -3.1531e-08 0 0 0
0.0822895 -0.0457083 0.225193 0.097 -0.04 0.215
2.62461e-08 -2.69081e-08 -2.84873e-08 0 0 0
-6.57253e-08 -2.23972e-10 2.82935e-08 0 0 0
-0.0786158 -0.0580265 0.283591 -0.085 -0.053 0.265
4.7654e-08 -4.41147e-09 -3.81815e-08 0 0 0
-2.8445e-08 -6.89529e-09 -1.095e-08 0 0 0
-0.0218324 0.155558 -0.253052 -0.021 0.147 -0.245
-5.36974e-08 2.01354e-08 -6.30324e-08 0 0 0
1.2415e-08 4.25642e-08 -5.03819e-08 0 0 0
-0.195416 0.113844 0.214009 -0.201 0.12 0.205
2.25233e-08 -2.70959e-08 6.53641e-08 0 0 0
-4.9883e-09 1.44375e-08 -5.61476e-08 0 0 0
-0.0816113 0.134562 0.0414122 -0.066 0.102 0.052
-7.00062e-08 7.52599e-08 -1.07205e-08 0 0 0
-7.19101e-09 -3.95804e-08 2.3126e-08 0 0 0
0.0619723 0.376519 0.103785 0.06 0.379 0.092
-5.15194e-09 2.45053e-08 -5.01604e-08 0 0 0
4.14834e-08 2.8734e-08 4.44143e-08 0 0 0
-0.275859 0.277231 0.0619041 -0.265 0.274 0.064
-5.94256e-08 8.43279e-08 -4.87436e-08 0 0 0
-2.28194e-08 -1.92265e-08 3.93303e-09 0 0 0
-0.229892 -0.160834 -0.0510697 -0.221 -0.161 -0.05
-1.81626e-09 -6.30506e-09 -4.00884e-08 0 0 0
-8.94433e-09 3.4766e-08 2.15494e-08 0 0 0
-0.0901644 -0.185206 0.180171 -0.083 -0.164 0.173
3.07952e-08 -2.547e-08 2.01581e-08 0 0 0
-8.03221e-08 -3.88005e-08 -4.45614e-09 0 0 0
-0.145989 0.230078 0.0305298 -0.15 0.228 0.031
2.15292e-08 4.17334e-09 2.07113e-08 0 0 0
-3.50212e-08 9.19601e-09 -8.11147e-08 0 0 0
-0.0840181 -0.232314 0.163891 -0.075 -0.211 0.171
-3.33595e-08 4.84421e-09 -2.91911e-08 0 0 0
1.54694e-08 -1.18807e-08 -1.03724e-08 0 0 0
0.119204 -0.0483686 -0.0865686 0.115 -0.071 -0.113
4.01585e-08 -7.87347e-09 -6.27208e-08 0 0 0
-2.10218e-08 -3.73937e-08 3.19399e-09 0 0 0
0.169483 0.211666 0.130615 0.17 0.214 0.123
8.61261e-09 1.20161e-08 -2.80067e-09 0 0 0
-8.1201e-09 3.61699e-08 2.90295e-08 0 0 0
-0.155767 0.221575 -0.246653 -0.168 0.244 -0.252
-4.78239e-09 1.70312e-08 7.94563e-09 0 0 0
-2.96297e-08 1.71154e-08 2.64633e-08 0 0 0
0.23213 0.189725 -0.108145 0.233 0.189 -0.097
-1.16181e-08 3.48948e-08 -1.22167e-08 0 0 0
2.53414e-09 2.3852e-08 3.67785e-08 0 0 0
0.00989442 0.228395 0.144343 0.031 0.234 0.171
-6.51468e-09 1.79949e-08 4.49351e-08 0 0 0
2.48254e-08 -3.80302e-08 5.59661e-08 0 0 0
0.169395 0.18438 -0.0784145 0.168 0.174 -0.092
4.04283e-08 5.70855e-09 -3.0207e-08 0 0 0
3.75624e-08 4.46374e-08 6.54515e-08 0 0 0
-0.325983 -0.1035 0.171016 -0.336 -0.108 0.172
-7.04633e-09 5.52305e-08 3.02442e-08 0 0 0
-1.23043e-08 -2.7478e-08 -2.64625e-08 0 0 0
0.278304 -0.103437 0.174164 0.281 -0.106 0.184
-1.5908e-08 2.94501e-08 3.082e-08 0 0 0
2.63986e-08 4.15738e-08 8.96805e-09 0 0 0
-0.101165 -0.0393581 -0.2419 -0.094 -0.041 -0.244
2.5045e-08 -1.21131e-08 1.32777e-08 0 0 0
-2.62481e-08 9.79631e-09 -1.65784e-08 0 0 0
-0.0454858 -0.209689 -0.196998 -0.04 -0.213 -0.187
1.92847e-08 -3.55684e-08 -3.27543e-09 0 0 0
-1.53247e-08 2.66709e-08 -1.39954e-09 0 0 0
-0.203451 0.179188 0.0270492 -0.206 0.161 0.019
1.57648e-09 3.16724e-08 -2.99959e-08 0 0 0
4.30289e-08 2.97927e-08 2.26075e-08 0 0 0
0.0215355 0.379468 -0.0021663 0.014 0.38 -0.01
1.9059e-08 -4.24795e-09 -2.75449e-09 0 0 0
1.97542e-08 3.19701e-08 8.12267e-08 0 0 0
-0.0201648 0.189019 0.138801 -0.021 0.2 0.144
-5.12661e-09 4.4822e-08 -8.07553e-10 0 0 0
1.28705e-09 -4.03475e-08 1.22295e-08 0 0 0
-0.0220601 -0.125649 -0.253623 -0.024 -0.139 -0.237
-2.00596e-08 -6.3716e-08 -1.17892e-08 0 0 0
-4.80822e-08 -2.54651e-08 -2.78507e-09 0 0 0
-0.100601 -0.130936 0.264461 -0.096 -0.123 0.26
-2.6057e-08 2.73217e-08 -3.71972e-08 0 0 0
-1.54794e-08 5.60667e-10 1.70522e-08 0 0 0
-0.048335 0.0658066 -0.101494 -0.052 0.058 -0.115
2.31925e-08 4.8668e-08 -3.57909e-08 0 0 0
-2.02044e-08 4.10987e-09 -1.44167e-08 0 0 0
0.171241 0.0353583 0.252943 0.169 0.041 0.243
-4.68479e-09 -2.28114e-08 8.36892e-09 0 0 0
5.23476e-08 -1.79088e-08 -2.15217e-08 0 0 0
0.174426 0.135764 0.0337511 0.189 0.138 0.039
1.77751e-08 -5.13018e-08 2.49869e-08 0 0 0
-3.50164e-08 -1.14813e-08 -3.3947e-08 0 0 0
0.270623 -0.087848 -0.172928 0.263 -0.077 -0.166
-2.67688e-08 6.05437e-09 -2.54473e-08 0 0 0
1.33696e-08 1.63578e-08 -2.90501e-09 0 0 0
0.0728765 -0.017365 0.103813 0.123 -0.029 0.089
1.55346e-08 2.44353e-08 1.99241e-08 0 0 0
2.3125e-08 -4.0754e-08 -6.04326e-08 0 0 0
0.148087 -0.187392 0.188167 0.151 -0.19 0.171
-3.22219e-08 -3.68278e-08 7.43478e-10 0 0 0
-2.45936e-08 2.22403e-08 3.60889e-08 0 0 0
0.0558937 0.309221 0.0724022 0.046 0.315 0.083
-4.64407e-09 3.1777e-08 -2.87973e-08 0 0 0
6.61752e-08 -3.71757e-08 1.58384e-08 0 0 0
-0.00254577 0.35576 0.0370869 -0.001 0.353 0.04
2.759e-08 -6.24291e-09 2.79059e-08 0 0 0
-2.1017e-08 1.26303e-08 -6.46108e-08 0 0 0
0.227323 0.0911611 0.0497804 0.219 0.075 0.028
-4.79484e-08 6.24157e-09 -1.08616e-09 0 0 0
4.25601e-08 -1.64094e-08 5.33029e-08 0 0 0
0.335963 -0.0163171 0.0856159 0.338 -0.018 0.086
-9.66206e-09 -3.3284e-08 -2.69628e-08 0 0 0
2.32645e-08 6.08222e-08 -3.58671e-08 0 0 0
0.150201 0.239123 -0.0550527 0.155 0.238 -0.038
8.22767e-09 3.20444e-08 4.09684e-08 0 0 0
2.06062e-08 3.86491e-08 2.01576e-08 0 0 0
0.0549466 0.149353 0.0586733 0.058 0.161 0.07
-4.45275e-08 4.73285e-09 4.91774e-08 0 0 0
7.22007e-08 2.80041e-08 -3.27562e-08 0 0 0
0.111842 -0.210244 0.0344763 0.132 -0.212 0.036
5.99239e-08 2.32348e-08 -3.25968e-08 0 0 0
-2.29021e-09 -4.31628e-08 -3.6416e-08 0 0 0
0.218222 0.0966505 0.0128595 0.223 0.089 0.024
3.72416e-09 -1.65451e-08 -1.28249e-08 0 0 0
1.62598e-08 6.89995e-09 -3.45599e-08 0 0 0
-0.347682 0.00506258 0.0998073 -0.376 -0 0.103
-1.88619e-08 2.51605e-08 6.63432e-09 0 0 0
2.57238e-08 1.06792e-08 -1.90263e-08 0 0 0
0.163145 0.189167 0.104003 0.148 0.183 0.103
4.87098e-08 -5.97759e-08 8.86627e-09 0 0 0
6.394e-09 4.46656e-08 3.09293e-08 0 0 0
-0.0820831 0.130288 0.064787 -0.081 0.128 0.063
-1.02159e-08 1.78499e-08 7.73828e-10 0 0 0
-7.40349e-09 4.08708e-08 4.91064e-08 0 0 0
0.235773 -0.0683905 0.18994 0.239 -0.072 0.193
-2.09136e-08 -2.01576e-08 1.54838e-08 0 0 0
2.55569e-09 -3.47307e-09 1.07547e-08 0 0 0
0.0718076 0.123842 0.269633 0.073 0.132 0.278
1.71806e-08 3.39273e-08 9.077e-09 0 0 0
3.85221e-09 -2.08157e-08 2.08709e-08 0 0 0
0.255662 -0.152422 0.0521153 0.24 -0.154 0.044
-1.43762e-09 1.06397e-09 3.57107e-08 0 0 0
4.80562e-08 -3.62824e-08 -3.82134e-08 0 0 0
0.00446475 0.0863966 -0.202889 -0.007 0.101 -0.239
-1.26317e-08 -2.68585e-08 7.57838e-09 0 0 0
2.39175e-08 7.39464e-09 -6.13194e-10 0 0 0
0.150323 -0.0773808 -0.294924 0.144 -0.076 -0.29
-2.14315e-08 3.83426e-10 -6.7625e-08 0 0 0
-5.25404e-09 -2.75264e-08 2.48956e-09 0 0 0
0.134107 -0.187701 0.0587387 0.131 -0.192 0.069
3.08182e-08 1.63208e-08 -2.38938e-08 0 0 0
2.75692e-08 -5.14513e-08 -3.66497e-08 0 0 0
0.100352 0.181856 -0.0605636 0.107 0.18 -0.055
9.82762e-09 5.19501e-08 -5.93611e-09 0 0 0
-1.79824e-08 -3.12144e-08 -4.166e-08 0 0 0
0.218445 0.190865 -0.057406 0.206 0.183 -0.059
2.48238e-09 -3.27772e-09 -3.24291e-08 0 0 0
5.21763e-08 2.35381e-08 3.65069e-08 0 0 0
-0.207649 0.100758 -0.256668 -0.199 0.098 -0.237
2.51727e-09 1.54135e-08 -1.19548e-08 0 0 0
-6.9437e-08 4.11775e-08 9.90917e-09 0 0 0
-0.223108 0.174216 -0.119279 -0.222 0.166 -0.127
2.63059e-08 -3.22934e-08 -2.64026e-08 0 0 0
-1.6362e-08 -6.11233e-09 2.75614e-08 0 0 0
0.211822 0.104408 -0.144566 0.208 0.095 -0.146
-3.64121e-08 5.89048e-10 -2.34416e-09 0 0 0
-2.12914e-08 -4.48076e-09 -3.74339e-09 0 0 0
0.0214318 -0.0904517 -0.330828 0.02 -0.094 -0.315
-8.7829e-10 -4.06803e-08 4.09577e-08 0 0 0
-1.967e-08 8.91698e-09 3.33298e-08 0 0 0
-0.244705 0.0202041 -0.0837328 -0.244 -0 -0.071
-2.84937e-08 1.64044e-08 1.75323e-08 0 0 0
-5.78767e-08 4.24877e-08 -4.38659e-08 0 0 0
0.329897 0.0336566 0.119175 0.317 0.023 0.111
-3.61644e-08 1.27401e-08 -3.34127e-08 0 0 0
-2.51808e-09 -4.98185e-08 2.74771e-08 0 0 0
0.194657 0.184956 -0.0693647 0.196 0.18 -0.061
-1.69302e-08 1.38073e-08 -6.30485e-08 0 0 0
1.60776e-08 2.81788e-08 2.44805e-09 0 0 0
0.301637 -0.0735772 0.114618 0.303 -0.064 0.118
2.25841e-09 -1.41431e-08 1.44371e-08 0 0 0
4.73183e-09 -2.32278e-08 -1.59098e-10 0 0 0
0.171966 -0.0915323 0.0926883 0.179 -0.109 0.087
6.91e-08 1.62733e-09 -2.42494e-08 0 0 0
5.55192e-08 -5.09375e-08 1.19024e-08 0 0 0
0.0296723 0.28957 -0.0758795 0.04 0.265 -0.055
7.67953e-09 -2.14066e-08 2.38214e-08 0 0 0
3.77932e-08 -1.54286e-08 3.25121e-08 0 0 0
-0.171178 0.0308645 0.231471 -0.156 0.019 0.225
-7.02937e-08 -3.52454e-08 2.38006e-08 0 0 0
-2.98515e-08 5.91549e-08 1.53385e-08 0 0 0
0.107057 0.160584 -0.16786 0.107 0.166 -0.158
3.09267e-08 -4.79362e-08 -1.61475e-08 0 0 0
-3.23978e-08 2.21348e-08 3.28021e-08 0 0 0
0.127349 -0.176827 -0.121961 0.122 -0.188 -0.129
4.54308e-08 -1.16755e-08 4.96054e-08 0 0 0
-3.36842e-08 -6.19932e-08 -2.6714e-09 0 0 0
0.293201 -0.0653008 0.17246 0.308 -0.06 0.191
1.71754e-08 3.85008e-08 1.28834e-09 0 0 0
-1.03097e-08 1.92804e-08 3.28625e-08 0 0 0
-0.0426647 0.22701 0.20369 -0.047 0.221 0.223
3.04799e-08 -2.26683e-08 2.30816e-10 0 0 0
-1.04779e-08 1.90024e-08 3.84894e-08 0 0 0
-0.184409 0.178095 -0.226915 -0.178 0.164 -0.227
-1.42019e-08 -2.74828e-08 3.31341e-08 0 0 0
4.4458e-09 2.84891e-08 1.27667e-08 0 0 0
0.310716 0.0725327 0.0499745 0.331 0.074 0.056
1.84059e-08 4.01628e-08 -4.07001e-08 0 0 0
-1.38184e-08 4.57542e-08 -1.24381e-08 0 0 0
0.0404708 0.119706 -0.0765624 0.029 0.151 -0.073
-1.96794e-08 6.17822e-08 -5.09282e-08 0 0 0
6.43038e-09 1.5578e-08 2.79524e-08 0 0 0
0.143124 0.330702 0.00836173 0.147 0.331 0.01
1.63997e-08 -5.79313e-09 -7.53422e-08 0 0 0
5.0319e-08 2.07231e-08 3.64119e-09 0 0 0
-0.190025 0.212499 -0.218227 -0.202 0.211 -0.213
-1.64424e-08 -1.13661e-08 1.11732e-08 0 0 0
-6.40906e-09 7.21726e-08 -3.79219e-08 0 0 0
-0.23604 -0.220106 0.0486272 -0.238 -0.231 0.032
-3.46353e-08 1.25023e-09 1.82177e-08 0 0 0
4.1488e-08 -7.44716e-09 -1.93021e-08 0 0 0
0.0575108 -0.300846 0.127249 0.052 -0.299 0.122
-3.20356e-09 -6.0421e-08 2.23349e-10 0 0 0
1.88924e-08 5.80851e-09 5.66385e-08 0 0 0
0.0541955 0.134155 -0.173377 0.044 0.145 -0.167
-1.07788e-08 -5.16308e-09 -9.89311e-10 0 0 0
-1.83122e-08 5.67737e-08 -1.17879e-09 0 0 0
-0.0389426 -0.205031 0.117259 -0.046 -0.212 0.15
2.2065e-08 -1.20556e-08 -1.31813e-08 0 0 0
-6.16433e-08 3.21662e-08 -2.29669e-08 0 0 0
0.160734 0.305839 0.0590876 0.172 0.305 0.054
1.51241e-08 -8.42293e-08 -3.13094e-08 0 0 0
-3.46586e-08 -2.51904e-09 2.22727e-09 0 0 0
0.127245 0.141744 0.109923 0.119 0.144 0.103
-3.76867e-09 1.07751e-08 4.48895e-08 0 0 0
-2.91474e-09 6.87505e-08 8.79353e-10 0 0 0
-0.162078 0.271115 -0.0605056 -0.139 0.263 -0.057
-1.04165e-08 8.26807e-09 1.30756e-08 0 0 0
1.64234e-08 -1.63198e-08 -2.51831e-08 0 0 0
0.308549 0.0778437 -0.0632284 0.312 0.075 -0.068
1.14388e-08 -1.92241e-08 3.15668e-08 0 0 0
-1.60399e-08 2.791e-08 -3.79111e-08 0 0 0
0.0134128 0.393505 0.133902 0.024 0.396 0.134
4.16204e-09 5.33179e-08 2.35452e-08 0 0 0
-2.25298e-08 1.67533e-08 -4.03547e-08 0 0 0
0.163429 0.100844 -0.0994287 0.147 0.105 -0.093
-3.82247e-08 3.67158e-08 2.46254e-08 0 0 0
4.51491e-08 -9.36149e-09 6.45683e-09 0 0 0
-0.19385 -0.0474798 0.216617 -0.188 -0.058 0.202
-2.34556e-08 -2.21271e-08 4.59549e-08 0 0 0
-2.23567e-09 -2.00543e-09 2.13215e-08 0 0 0
0.148667 0.0322116 0.262847 0.146 0.04 0.261
1.54433e-08 2.21231e-08 -1.97216e-08 0 0 0
-8.92674e-09 3.52228e-08 5.75944e-08 0 0 0
-0.000320226 -0.0519959 -0.210705 -0.005 -0.067 -0.213
-4.54888e-08 -1.98114e-08 -1.06351e-08 0 0 0
4.4991e-08 -2.3622e-09 -2.25041e-08 0 0 0
-0.155799 -0.270797 -0.245521 -0.156 -0.255 -0.235
-1.89705e-09 2.74954e-10 -2.09912e-08 0 0 0
-1.43443e-08 -8.04063e-09 7.3808e-08 0 0 0
-0.30809 0.0842181 0.0388477 -0.302 0.065 0.035
-1.4693e-08 5.58859e-08 -4.61451e-08 0 0 0
-1.39953e-08 -2.57317e-09 3.68339e-08 0 0 0
0.0184907 0.244243 -0.149381 0.034 0.242 -0.16
-2.5731e-09 -3.1522e-09 4.09892e-08 0 0 0
-6.54682e-08 -3.56215e-09 -2.88347e-08 0 0 0
-0.254941 0.291258 0.24808 -0.245 0.287 0.247
-8.07523e-10 3.36393e-08 -6.02942e-09 0 0 0
-2.33597e-08 3.1516e-08 -2.49496e-08 0 0 0
-0.22817 0.100313 -0.0188658 -0.237 0.11 0.014
-2.55215e-09 -3.11953e-08 3.12761e-08 0 0 0
-1.30385e-08 1.64855e-08 -5.88111e-08 0 0 0
-0.193764 -0.208317 0.230385 -0.18 -0.205 0.225
-5.65536e-08 1.75897e-08 6.97962e-09 0 0 0
3.09164e-08 -5.19699e-09 9.13287e-09 0 0 0
-0.122698 0.16018 -0.126832 -0.12 0.148 -0.117
2.20016e-08 3.91381e-08 -4.73538e-09 0 0 0
-2.49239e-08 9.61099e-09 -7.37224e-10 0 0 0
0.319906 -0.0504805 0.0775634 0.32 -0.052 0.07
1.71069e-08 -3.74239e-09 6.26719e-10 0 0 0
7.85004e-08 -4.85327e-09 7.85368e-08 0 0 0
0.221139 -0.158819 -0.0523339 0.219 -0.15 -0.051
-6.44171e-08 -2.1243e-08 -2.54169e-08 0 0 0
7.89386e-09 8.05269e-09 3.75189e-08 0 0 0
0.164442 -0.184364 -0.127782 0.158 -0.185 -0.13
-2.83129e-08 -4.48732e-08 1.62035e-08 0 0 0
-9.70623e-09 -1.2067e-09 -3.29978e-09 0 0 0
0.192784 0.0106017 0.161906 0.188 0.007 0.157
-1.86892e-08 -4.29577e-08 -2.35295e-08 0 0 0
5.12418e-08 1.01379e-08 -1.16595e-08 0 0 0
0.0324011 -0.108697 0.087046 0.028 -0.105 0.054
-1.53084e-08 -3.35343e-08 5.50951e-09 0 0 0
-1.78873e-08 3.08389e-08 -1.55523e-08 0 0 0
0.123645 0.254511 0.0444406 0.103 0.242 0.058
4.0725e-08 1.18506e-08 -6.38422e-09 0 0 0
3.15082e-08 1.71324e-08 9.57719e-09 0 0 0
0.069332 0.29122 0.0455786 0.076 0.273 0.044
-1.31907e-08 -1.78082e-08 5.77647e-08 0 0 0
-2.58232e-08 4.14561e-08 -2.44042e-08 0 0 0
0.225581 -0.150066 -0.0982313 0.226 -0.135 -0.095
4.38814e-08 1.30693e-08 -7.22715e-08 0 0 0
-4.49451e-10 -9.55075e-09 3.8807e-08 0 0 0
-0.0111416 0.326965 -0.157356 -0.017 0.332 -0.153
1.58149e-08 5.55637e-09 -2.61702e-09 0 0 0
3.68634e-08 -2.46962e-08 -3.98743e-08 0 0 0
0.020489 0.197448 -0.176504 0.021 0.202 -0.174
2.09505e-08 -6.17346e-08 4.46805e-09 0 0 0
1.47084e-09 8.10856e-09 5.33552e-08 0 0 0
0.225778 -0.00729917 0.190592 0.21 -0.016 0.185
-1.54122e-08 3.77566e-08 1.36165e-08 0 0 0
-7.6868e-08 3.33176e-08 5.35025e-08 0 0 0
-0.157094 0.155044 0.221509 -0.159 0.14 0.222
-6.59073e-09 -4.29303e-08 1.32784e-08 0 0 0
8.93467e-09 3.81841e-08 -4.31848e-08 0 0 0
0.102115 0.221233 -0.0479681 0.106 0.232 -0.055
2.84255e-08 3.01638e-08 4.19695e-08 0 0 0
-2.05455e-09 1.07669e-08 -1.13993e-09 0 0 0
-0.356185 -0.0622162 0.0938814 -0.363 -0.047 0.101
-2.51801e-08 5.37727e-08 2.02516e-08 0 0 0
2.24722e-08 -8.349e-10 5.03717e-09 0 0 0
0.106802 0.0911205 0.221327 0.101 0.089 0.222
6.57605e-09 1.56462e-08 4.93576e-08 0 0 0
2.42034e-08 -6.90947e-08 -4.13726e-08 0 0 0
-0.0742626 0.176955 0.0017255 -0.087 0.18 -0.006
-7.26872e-09 3.80946e-09 -3.60659e-09 0 0 0
-5.54314e-08 3.05932e-08 1.70761e-08 0 0 0
0.141606 -0.0778875 0.207754 0.118 -0.074 0.245
-9.3479e-09 -1.44969e-08 4.61529e-08 0 0 0
4.4472e-08 6.41474e-09 -2.3386e-08 0 0 0
0.150449 0.0313728 0.194883 0.148 0.04 0.206
-1.51986e-08 -6.25996e-09 -7.22172e-09 0 0 0
3.58656e-08 4.77242e-09 1.02678e-08 0 0 0
0.301734 0.0368191 0.0565443 0.296 0.024 0.043
2.57037e-10 1.02646e-08 3.37955e-08 0 0 0
2.50241e-08 -3.15073e-08 -1.22561e-08 0 0 0
0.247262 -0.00604387 -0.0725605 0.236 -0.004 -0.063
6.25548e-09 -2.98233e-08 -4.74987e-08 0 0 0
-2.40259e-08 1.36659e-08 -1.25566e-08 0 0 0
0.175647 -0.0754848 -0.13604 0.175 -0.087 -0.119
-4.97225e-08 -5.06187e-08 -2.02367e-08 0 0 0
-4.22261e-10 2.10574e-08 -2.84205e-08 0 0 0
0.0805387 -0.239434 -0.17776 0.083 -0.244 -0.182
9.17386e-09 -2.7459e-09 -2.30235e-09 0 0 0
3.50069e-08 1.41696e-08 -1.43322e-08 0 0 0
0.148195 0.162316 -0.0392177 0.143 0.172 -0.053
3.19586e-08 1.16255e-08 -1.88987e-08 0 0 0
2.84357e-08 4.0997e-09 -6.81892e-09 0 0 0
0.0974985 0.318922 -0.0580428 0.103 0.314 -0.066
2.98154e-08 -4.46057e-08 -2.9979e-08 0 0 0
1.42566e-08 -2.46378e-09 2.84875e-08 0 0 0
-0.162471 0.0902462 -0.127079 -0.143 0.102 -0.146
3.19516e-09 1.58378e-08 -8.88072e-08 0 0 0
8.76303e-09 8.1238e-08 3.89263e-08 0 0 0
-0.210554 0.0974012 -0.160042 -0.208 0.113 -0.153
-6.1863e-08 3.85338e-08 3.56313e-08 0 0 0
1.56598e-08 -2.09154e-08 -5.23585e-08 0 0 0
0.132104 0.206804 -0.240647 0.146 0.206 -0.234
1.95371e-08 -1.98805e-08 1.70993e-08 0 0 0
4.31347e-08 7.93607e-09 -1.59189e-09 0 0 0
-0.15749 0.352324 -0.108267 -0.166 0.384 -0.109
-3.03336e-09 3.6025e-08 -4.1081e-08 0 0 0
-8.68354e-08 3.38462e-08 -1.58604e-08 0 0 0
-0.286892 0.00621345 -0.0764861 -0.285 0.011 -0.079
2.60497e-09 -7.72191e-09 -5.45272e-08 0 0 0
-1.04704e-08 -3.75305e-09 3.182e-09 0 0 0
0.0517843 0.189556 0.172503 0.053 0.176 0.182
-4.95726e-08 -2.01282e-08 -1.16379e-08 0 0 0
2.24874e-08 -1.95782e-08 2.69571e-08 0 0 0
0.0761629 0.132328 -0.169047 0.061 0.134 -0.167
2.02517e-08 -4.81286e-08 -2.42109e-08 0 0 0
1.33924e-08 2.03275e-08 2.66576e-08 0 0 0
0.186193 -0.132338 0.0881469 0.194 -0.127 0.082
-3.18986e-08 1.73072e-08 -3.21626e-08 0 0 0
2.30606e-08 -6.26425e-08 3.50505e-08 0 0 0
0.30371 0.0221112 0.0430231 0.302 0.026 0.04
2.55274e-08 9.69039e-09 -2.73357e-08 0 0 0
4.04489e-08 -3.43488e-08 6.40466e-09 0 0 0
0.0634534 0.277537 0.0359683 0.063 0.273 0.037
-1.8655e-08 8.88263e-09 3.12263e-08 0 0 0
4.24518e-08 -3.83553e-08 1.2284e-08 0 0 0
0.0221274 0.0189102 0.222596 0.026 0.014 0.224
1.54319e-08 4.4638e-08 -4.43809e-08 0 0 0
-4.0559e-08 -3.92275e-08 -1.16101e-08 0 0 0
0.130005 0.166786 -0.243779 0.116 0.17 -0.263
-1.86201e-08 -6.96396e-09 1.84942e-08 0 0 0
-2.16681e-08 -2.76975e-08 -1.92393e-08 0 0 0
0.17757 -0.202549 -0.0672316 0.167 -0.204 -0.066
3.22646e-09 -4.01524e-08 -1.67493e-08 0 0 0
3.93966e-08 -4.99911e-08 4.47855e-10 0 0 0
-0.137062 0.231393 0.216666 -0.135 0.228 0.211
-1.71355e-08 6.71998e-09 -1.36724e-09 0 0 0
1.9791e-08 2.57774e-08 -1.75965e-10 0 0 0
0.130149 0.108066 0.25864 0.129 0.106 0.26
3.05821e-08 -2.72147e-08 6.20627e-08 0 0 0
-5.19793e-08 1.28012e-09 5.83699e-08 0 0 0
0.0498412 0.109107 -0.276954 0.057 0.1 -0.279
2.39194e-08 6.75456e-08 -2.93038e-09 0 0 0
-6.49855e-09 -4.19606e-08 4.3744e-09 0 0 0
-0.291745 0.221319 0.053768 -0.309 0.221 0.042
5.29321e-09 -1.88906e-08 -9.7603e-09 0 0 0
-1.68797e-08 1.14575e-09 3.66546e-08 0 0 0
-0.105067 0.226744 0.152338 -0.094 0.234 0.161
-8.43559e-09 -5.30176e-08 -1.01547e-08 0 0 0
-4.63431e-08 6.57839e-08 -5.19494e-10 0 0 0
0.185372 0.289943 -0.133794 0.174 0.286 -0.14
-1.7701e-08 2.91942e-08 4.19723e-08 0 0 0
9.5961e-09 1.03198e-08 -2.43778e-08 0 0 0
-0.0759625 0.241936 -0.0741707 -0.075 0.235 -0.071
3.96515e-08 4.79866e-08 -2.45098e-08 0 0 0
-5.8241e-09 -6.97406e-09 -1.69372e-08 0 0 0
-0.123656 -0.179619 -0.0344106 -0.119 -0.176 -0.035
-2.38659e-08 1.84224e-08 9.64389e-09 0 0 0
-1.04805e-08 -2.94901e-08 -3.04503e-08 0 0 0
0.0749605 -0.143581 0.289671 0.083 -0.144 0.3
5.13135e-08 2.41492e-08 3.9415e-08 0 0 0
-7.03766e-08 -6.16862e-09 -2.3583e-08 0 0 0
0.0649403 0.31541 -0.199079 0.067 0.306 -0.186
-5.41232e-09 1.12233e-08 -5.50196e-08 0 0 0
1.23609e-08 1.19011e-08 6.96605e-08 0 0 0
-0.0306695 -0.29352 0.0913674 -0.031 -0.291 0.102
-6.40067e-09 2.66979e-08 3.95576e-08 0 0 0
1.26641e-08 -5.18941e-08 -3.19816e-08 0 0 0
0.218788 -0.234262 -0.145256 0.225 -0.226 -0.125
5.50112e-09 2.9875e-08 -1.05096e-08 0 0 0
-1.19724e-08 4.61445e-09 -1.50637e-08 0 0 0
0.256862 0.139734 0.0351993 0.261 0.143 0.03
-1.35569e-09 2.02718e-08 -1.6265e-08 0 0 0
-2.91985e-10 3.38125e-09 6.06154e-08 0 0 0
-0.196552 0.207475 -0.189403 -0.192 0.194 -0.19
-1.51473e-08 -4.72118e-08 -3.24499e-08 0 0 0
3.57679e-08 -2.88142e-09 3.20735e-08 0 0 0
0.318557 0.0398147 -0.0519344 0.308 0.051 -0.05
2.44136e-08 -2.83988e-08 2.52514e-08 0 0 0
-3.67863e-08 -9.51921e-09 -3.15726e-08 0 0 0
0.103407 0.309589 0.0232396 0.096 0.322 0.022
6.00143e-09 4.68116e-08 2.53091e-08 0 0 0
-8.91103e-09 1.21048e-08 -3.97233e-09 0 0 0
0.186244 0.148576 -0.0606095 0.179 0.142 -0.074
2.16891e-08 -4.34406e-09 -2.36417e-08 0 0 0
-1.63648e-08 1.06572e-07 -9.92295e-09 0 0 0
-0.245471 -0.121664 -0.048486 -0.241 -0.121 -0.055
-4.01422e-10 5.34443e-09 -7.45745e-09 0 0 0
3.20029e-08 5.39308e-09 -1.17981e-08 0 0 0
0.25704 -0.0615588 0.245257 0.276 -0.064 0.268
-1.50325e-08 1.3496e-08 4.36243e-08 0 0 0
9.89956e-09 7.51019e-09 -1.91122e-08 0 0 0
-0.160486 -0.130465 -0.180067 -0.162 -0.127 -0.164
3.01892e-08 1.88522e-09 -6.38654e-08 0 0 0
-5.25846e-08 -3.91251e-08 -2.44664e-08 0 0 0
-0.0400361 -0.128954 -0.220484 -0.039 -0.131 -0.223
-5.48695e-08 1.79032e-08 -5.17169e-08 0 0 0
-2.00621e-08 -3.4502e-08 -3.15014e-09 0 0 0
-0.268485 -0.00903397 -0.0524478 -0.268 -0.03 -0.061
-9.06973e-09 5.06359e-08 -2.80693e-08 0 0 0
-3.97156e-08 1.3804e-08 4.93518e-08 0 0 0
-0.162643 0.246074 -0.0274557 -0.158 0.231 -0.03
3.62957e-08 9.3136e-09 3.20908e-08 0 0 0
-7.98204e-08 5.43672e-09 -7.0507e-09 0 0 0
0.0302007 0.286492 0.178016 0.036 0.27 0.18
-4.35678e-08 3.14246e-08 5.07441e-08 0 0 0
3.61484e-08 3.14718e-09 1.37519e-09 0 0 0
-0.0730514 -0.112232 -0.218291 -0.072 -0.118 -0.213
4.77496e-09 -4.50882e-08 2.66959e-08 0 0 0
1.56752e-08 4.63972e-08 7.88123e-09 0 0 0
-0.0323499 -0.20609 0.104831 -0.025 -0.223 0.103
4.536e-08 -3.08561e-08 7.2321e-10 0 0 0
-6.63866e-08 1.16622e-08 -4.80706e-08 0 0 0
-0.0826296 0.113085 -0.201002 -0.097 0.101 -0.185
4.35258e-09 3.84706e-08 -3.04386e-08 0 0 0
-3.75299e-08 1.11766e-08 -1.89814e-08 0 0 0
0.182686 0.140962 0.240318 0.199 0.153 0.225
5.14887e-08 -5.7846e-09 -5.06256e-09 0 0 0
-5.54849e-09 -6.36622e-08 8.69694e-08 0 0 0
-0.129896 0.23367 0.190892 -0.137 0.221 0.203
3.45066e-08 -1.83411e-08 6.53202e-09 0 0 0
-1.48002e-08 1.86199e-08 -8.79745e-09 0 0 0
0.233489 -0.149964 -0.0177672 0.22 -0.131 -0.023
5.55792e-08 -6.78104e-09 3.10666e-08 0 0 0
-3.14437e-09 1.82585e-08 -4.28546e-09 0 0 0
0.284728 -0.0408676 -0.0819593 0.278 -0.045 -0.073
2.79068e-08 3.44147e-08 -2.0584e-08 0 0 0
-6.55406e-08 -5.35183e-09 -3.40537e-08 0 0 0
0.185947 -0.102351 0.22435 0.18 -0.102 0.208
7.93499e-08 1.38708e-08 5.97981e-08 0 0 0
-4.36811e-08 -1.24842e-08 2.36739e-09 0 0 0
0.0191321 0.279107 0.066696 0.023 0.264 0.08
-7.19861e-09 4.26343e-08 -1.90126e-08 0 0 0
6.30925e-08 -1.29037e-08 -8.59097e-09 0 0 0
0.0723926 0.181627 -0.00447646 0.077 0.188 0.004
-1.87462e-09 -8.01245e-10 -3.89582e-08 0 0 0
-1.54761e-08 1.96224e-08 2.53752e-08 0 0 0
0.179284 0.11857 0.0358253 0.179 0.112 0.03
4.42302e-08 -5.06563e-08 1.83757e-08 0 0 0
-1.94728e-08 1.6424e-08 -3.6045e-09 0 0 0
-0.28837 0.0831609 -0.16328 -0.29 0.094 -0.181
6.78062e-09 -9.34544e-09 -5.31785e-08 0 0 0
-2.03007e-08 2.73135e-09 4.06459e-08 0 0 0
0.244979 0.168167 -0.119537 0.245 0.161 -0.117
9.30973e-09 -1.18304e-08 3.40296e-09 0 0 0
8.83602e-10 -5.99045e-09 -6.15364e-08 0 0 0
0.148352 0.0895493 0.262905 0.153 0.095 0.26
-4.55488e-08 -8.06767e-09 3.73759e-08 0 0 0
2.93138e-08 1.44071e-08 2.10108e-08 0 0 0
0.249714 -0.201899 0.0480678 0.265 -0.184 0.048
4.09594e-08 -3.18349e-08 -4.97065e-08 0 0 0
2.70426e-08 -4.12789e-08 1.86923e-08 0 0 0
0.167106 0.128827 -0.159 0.15 0.131 -0.163
-2.13828e-09 6.45101e-09 2.5612e-08 0 0 0
3.12805e-08 -4.09394e-08 -1.15949e-09 0 0 0
-0.252625 0.0179481 -0.0626809 -0.259 0.021 -0.065
1.62893e-08 8.32766e-09 -1.6011e-08 0 0 0
-5.41557e-08 4.2735e-09 1.50976e-10 0 0 0
0.0214611 0.103867 0.247789 0.026 0.095 0.247
2.10537e-08 1.11356e-08 3.70499e-08 0 0 0
3.85868e-09 1.16489e-08 1.12179e-08 0 0 0
-0.0271765 0.125363 -0.154625 -0.015 0.128 -0.157
-2.90021e-08 3.34477e-08 -8.46858e-10 0 0 0
-3.17877e-08 1.99399e-08 4.31165e-08 0 0 0
0.215524 0.00178876 0.190887 0.223 0.004 0.196
1.62245e-08 -3.66579e-08 3.91098e-08 0 0 0
2.07975e-08 -6.85839e-09 -3.49845e-08 0 0 0
0.0967725 0.176254 0.136137 0.08 0.185 0.136
1.15261e-08 -3.80009e-08 -2.76227e-08 0 0 0
1.04074e-08 8.09976e-09 1.30701e-08 0 0 0
0.318914 -0.125478 -0.0209069 0.318 -0.118 -0.018
1.92241e-09 -3.10466e-08 -6.04092e-09 0 0 0
-3.58057e-08 2.0453e-08 6.14605e-08 0 0 0
-0.101643 -0.0422008 -0.305577 -0.096 -0.047 -0.312
1.05086e-08 -3.49549e-08 1.43196e-08 0 0 0
1.2415e-08 3.39965e-08 -4.05446e-09 0 0 0
0.189762 -0.0248027 -0.182205 0.199 -0.032 -0.146
-3.41006e-08 -3.81958e-08 -2.6993e-08 0 0 0
-8.75675e-09 -4.37037e-08 2.33738e-08 0 0 0
0.140409 -0.252365 0.0804742 0.144 -0.241 0.081
2.61959e-08 -3.03061e-08 -7.37544e-09 0 0 0
-8.71818e-09 -3.03707e-08 -3.0538e-08 0 0 0
0.240618 0.239936 -0.164026 0.231 0.244 -0.151
4.04844e-09 6.78142e-08 -7.3784e-09 0 0 0
6.96937e-08 -2.67132e-08 -2.08126e-08 0 0 0
0.0972283 0.201361 0.0628664 0.09 0.199 0.059
5.0082e-08 1.70696e-08 3.63958e-08 0 0 0
-9.68102e-09 4.40069e-09 -1.70733e-08 0 0 0
-0.163042 0.263593 -0.0935173 -0.152 0.266 -0.099
8.52148e-09 -2.47667e-08 -2.27782e-08 0 0 0
8.01362e-09 -2.32717e-08 -3.68899e-08 0 0 0
-0.238485 0.0808536 -0.110917 -0.244 0.097 -0.12
-1.53192e-08 3.38223e-09 -1.69643e-08 0 0 0
-4.3043e-08 2.56957e-08 6.5129e-08 0 0 0
0.116908 0.142199 -0.213849 0.109 0.126 -0.228
1.131e-08 3.61123e-08 2.02345e-08 0 0 0
1.174e-08 -5.34112e-08 -5.0256e-09 0 0 0
-0.0498897 -0.0839341 -0.227228 -0.064 -0.088 -0.221
-7.47144e-09 -1.07839e-08 2.68391e-08 0 0 0
6.01786e-09 1.76517e-08 -7.21674e-09 0 0 0
-0.164938 0.0855953 -0.161112 -0.162 0.071 -0.16
-2.74896e-08 5.6675e-09 -5.92781e-11 0 0 0
-2.21177e-08 -1.22067e-08 6.89911e-08 0 0 0
0.204504 0.0566581 0.116242 0.211 0.05 0.121
-4.70401e-08 3.52388e-09 2.46154e-08 0 0 0
-4.77934e-08 1.55196e-08 1.95884e-08 0 0 0
0.238249 0.15622 -0.12214 0.235 0.16 -0.115
-1.52467e-08 -5.17767e-08 1.4338e-08 0 0 0
-4.90128e-09 5.3809e-08 3.79719e-08 0 0 0
0.240109 -0.101801 0.0708156 0.251 -0.101 0.069
-4.35647e-08 2.58189e-08 -1.90855e-08 0 0 0
-6.90766e-09 2.9131e-08 2.5469e-08 0 0 0
0.172519 -0.154009 0.120792 0.181 -0.173 0.131
6.34596e-08 6.0764e-09 -5.69436e-08 0 0 0
3.58189e-08 -8.50429e-08 -3.91226e-10 0 0 0
-0.105078 0.346018 -0.0863362 -0.117 0.336 -0.084
1.72728e-09 -4.65949e-08 9.86579e-09 0 0 0
6.91024e-08 -2.52037e-08 6.20334e-10 0 0 0
-0.035306 0.00725001 0.204847 -0.017 0.016 0.223
-2.4277e-08 4.5549e-08 -5.5285e-08 0 0 0
-7.10003e-08 5.8142e-09 9.68638e-09 0 0 0
0.211352 0.27215 -0.0801711 0.21 0.282 -0.079
2.9462e-08 5.58518e-10 2.93213e-10 0 0 0
-3.39774e-08 6.32394e-08 3.6869e-10 0 0 0
0.104985 -0.230816 0.0549855 0.106 -0.225 0.05
3.01596e-08 -2.0665e-08 -1.1515e-08 0 0 0
3.61211e-08 8.43761e-09 -1.72558e-08 0 0 0
0.190278 0.138904 0.144335 0.187 0.13 0.141
1.51428e-08 1.33246e-09 -8.49983e-09 0 0 0
-4.45148e-08 -1.57057e-08 2.4815e-08 0 0 0
-0.0515152 0.0458644 0.209072 -0.041 0.036 0.215
4.47424e-08 4.95534e-08 7.16296e-09 0 0 0
4.42135e-08 8.71236e-10 5.60216e-08 0 0 0
-0.0643879 -0.0898401 -0.372757 -0.057 -0.103 -0.382
3.53176e-09 2.18777e-08 9.75963e-09 0 0 0
-3.49836e-08 3.96497e-08 7.65077e-09 0 0 0
0.171864 -0.196226 0.315209 0.169 -0.192 0.31
2.19587e-09 -1.95579e-08 1.22884e-08 0 0 0
-4.93346e-08 1.78021e-08 -1.10606e-08 0 0 0
-0.0479067 0.144007 -0.0270548 -0.059 0.147 -0.007
-4.39352e-08 1.12718e-08 -6.49265e-08 0 0 0
-5.43658e-08 -2.15613e-08 4.18517e-08 0 0 0
-0.165234 0.302386 0.0237027 -0.167 0.321 -0.002
1.59116e-08 -1.77972e-08 -7.89525e-09 0 0 0
1.88627e-08 -3.04147e-08 -2.30768e-08 0 0 0
-0.170241 -0.0113058 -0.225009 -0.171 -0.011 -0.235
-3.45066e-08 -4.14692e-08 1.26369e-08 0 0 0
1.7936e-08 3.12543e-08 2.01525e-08 0 0 0
-0.0758556 0.303975 0.0462685 -0.084 0.307 0.05
-3.29753e-08 -1.16145e-08 -2.21518e-09 0 0 0
2.26116e-08 1.73897e-08 6.58847e-09 0 0 0
-0.0549014 -0.00126248 0.246857 -0.05 0.007 0.242
-1.9043e-08 -6.25894e-09 2.72978e-08 0 0 0
6.28778e-08 -1.68892e-08 2.46197e-08 0 0 0
-0.0702701 0.166421 -0.0593896 -0.071 0.18 -0.057
3.72062e-08 2.91927e-08 -2.2465e-08 0 0 0
-2.29671e-08 5.13081e-08 -2.10188e-08 0 0 0
-0.0584117 -0.225087 0.125804 -0.069 -0.227 0.125
-5.83727e-08 -2.7888e-08 -4.13827e-08 0 0 0
-1.93296e-08 1.30926e-08 1.9036e-08 0 0 0
0.0848599 0.133775 -0.185716 0.085 0.134 -0.182
2.68994e-08 3.67766e-09 -3.99293e-10 0 0 0
-2.95199e-08 2.55228e-08 -3.13286e-08 0 0 0
0.273013 0.0848818 -0.147105 0.266 0.095 -0.153
1.33586e-09 -4.54942e-09 5.35557e-08 0 0 0
4.53609e-08 1.20919e-08 3.54798e-09 0 0 0
-0.281012 -0.0361241 0.00738301 -0.281 -0.034 0.011
1.66508e-08 -6.22806e-10 -3.35953e-08 0 0 0
5.16886e-08 -1.45525e-09 2.48482e-08 0 0 0
0.218136 0.170466 -0.234102 0.213 0.163 -0.218
5.6544e-08 -1.30998e-08 -6.57819e-08 0 0 0
-1.14449e-08 -1.81586e-08 4.24648e-08 0 0 0
0.276585 0.128946 -0.0258534 0.279 0.133 -0.018
-2.64642e-08 9.42822e-09 2.84769e-08 0 0 0
1.03492e-08 1.69349e-08 -3.15383e-08 0 0 0
0.138417 0.221364 -0.0606588 0.142 0.225 -0.054
-9.28014e-09 -7.06962e-09 -1.13683e-08 0 0 0
-4.75455e-09 7.15393e-09 7.35669e-10 0 0 0
-0.341273 -0.0488022 -0.0275222 -0.343 -0.047 -0.022
-2.86065e-08 4.52754e-09 -5.23868e-09 0 0 0
-4.31894e-08 1.34143e-08 8.03921e-08 0 0 0
0.102624 0.0708529 0.230297 0.095 0.087 0.221
-3.20076e-08 4.81121e-09 2.14629e-08 0 0 0
5.55108e-08 4.42405e-09 -1.27035e-08 0 0 0
-0.0430674 -0.16333 -0.202832 -0.051 -0.16 -0.199
-4.14008e-09 -9.2952e-09 4.05038e-09 0 0 0
-2.36117e-08 2.1531e-08 -4.24635e-08 0 0 0
-0.0161875 -0.214076 0.0376645 -0.004 -0.206 0.035
1.96536e-08 -4.0741e-08 -6.1788e-08 0 0 0
-1.44721e-08 2.76185e-08 1.99731e-08 0 0 0
-0.150732 0.0513587 -0.186841 -0.17 0.051 -0.178
-1.29117e-08 -2.36059e-08 -4.49058e-08 0 0 0
-1.68978e-08 1.08791e-09 -2.29784e-08 0 0 0
-0.0880668 0.247868 0.0323373 -0.085 0.242 0.035
-1.47037e-08 -9.69841e-09 5.94882e-08 0 0 0
2.41699e-08 9.26103e-09 -3.24e-08 0 0 0
0.15479 0.213323 -0.0250425 0.157 0.234 -0.023
-1.94973e-08 2.89785e-08 1.96043e-08 0 0 0
1.65497e-08 -1.3112e-08 5.70983e-08 0 0 0
-0.116833 -0.103358 -0.20025 -0.104 -0.11 -0.203
2.78973e-08 -1.87108e-08 1.49205e-08 0 0 0
2.13109e-08 4.89436e-08 -3.55993e-08 0 0 0
-0.00346437 -0.24588 0.148971 -0.009 -0.244 0.145
-3.83695e-10 -6.11677e-09 2.77574e-08 0 0 0
-8.6501e-09 -4.28508e-08 -2.44823e-08 0 0 0
-0.188561 0.100107 -0.208194 -0.194 0.101 -0.204
-2.5527e-09 -1.81545e-08 -4.16989e-08 0 0 0
-2.79857e-08 5.23004e-08 -2.76528e-09 0 0 0
-0.232892 0.214886 0.181415 -0.229 0.22 0.165
2.04917e-08 1.09753e-08 1.53716e-08 0 0 0
2.73047e-08 -1.30841e-08 -2.03535e-08 0 0 0
0.255069 -0.221622 0.209373 0.238 -0.243 0.205
-5.28255e-08 1.0761e-08 5.11011e-09 0 0 0
2.657e-08 3.11672e-09 1.9182e-08 0 0 0
0.283287 -0.121996 -0.0988173 0.278 -0.121 -0.093
3.16711e-08 -1.20806e-08 -3.60291e-09 0 0 0
1.51099e-08 -7.74812e-09 -1.62946e-09 0 0 0
0.26531 -0.235211 -0.0158229 0.28 -0.223 -0.012
3.23718e-08 1.87063e-08 3.78315e-09 0 0 0
-5.28587e-08 8.56265e-09 -4.7887e-08 0 0 0
0.0677396 -0.0873391 0.367296 0.059 -0.086 0.377
-1.73242e-09 4.57817e-08 -2.96731e-08 0 0 0
2.0121e-08 -4.12442e-08 1.66627e-08 0 0 0
0.154245 -0.0985 -0.11309 0.168 -0.09 -0.11
6.35996e-08 2.93762e-08 2.67729e-08 0 0 0
2.78174e-08 2.60336e-08 -2.01615e-08 0 0 0
0.168728 0.140831 -0.116126 0.176 0.131 -0.126
1.00176e-08 1.22882e-08 -6.32019e-09 0 0 0
7.2535e-09 2.81321e-08 -4.23018e-08 0 0 0
0.251752 0.178822 0.0752362 0.244 0.174 0.065
1.29568e-08 7.30512e-09 -8.99948e-09 0 0 0
1.52791e-09 -3.68789e-08 2.60094e-08 0 0 0
-0.0561726 0.228297 -0.0580002 -0.046 0.248 -0.053
-4.17072e-08 -3.12239e-09 3.03245e-08 0 0 0
5.87785e-08 -7.14628e-08 1.23964e-08 0 0 0
-0.171993 0.0770305 -0.189563 -0.172 0.075 -0.209
-1.49213e-08 3.42947e-10 1.94531e-08 0 0 0
3.85669e-08 4.76312e-08 -2.30917e-08 0 0 0
0.334897 0.0221242 0.116283 0.334 0.022 0.125
-9.5682e-09 3.555e-08 -3.24467e-08 0 0 0
-2.19595e-08 9.51424e-09 1.41082e-08 0 0 0
0.2236 -0.0731112 0.237089 0.225 -0.06 0.225
-4.1371e-08 8.19821e-09 -6.3852e-08 0 0 0
2.26112e-08 -2.72996e-08 5.16831e-08 0 0 0
0.0586746 0.0979121 -0.316859 0.073 0.102 -0.303
1.30224e-08 -3.61997e-08 2.44045e-08 0 0 0
5.91861e-09 -1.21591e-08 -3.56971e-08 0 0 0
-0.13942 0.205616 -0.0211059 -0.129 0.207 -0.024
-1.60054e-08 -1.0703e-08 -3.58466e-08 0 0 0
-7.12038e-09 -4.44289e-10 -2.12942e-08 0 0 0
0.130613 0.187961 0.0893904 0.134 0.173 0.072
2.81615e-08 -3.89276e-08 7.53604e-09 0 0 0
2.56339e-09 6.4186e-08 2.08909e-08 0 0 0
-0.0274252 0.20605 -0.0660232 -0.035 0.215 -0.071
2.58876e-08 1.99322e-08 -1.89485e-08 0 0 0
-4.0746e-08 1.0288e-08 3.44927e-08 0 0 0
-0.184332 0.227988 0.247332 -0.182 0.227 0.239
4.68366e-08 -1.18241e-08 -1.07733e-08 0 0 0
-2.99775e-08 1.2291e-08 1.76483e-09 0 0 0
0.162063 -0.139172 0.24388 0.166 -0.14 0.242
-1.2455e-08 1.40115e-08 -5.29447e-09 0 0 0
-9.94381e-09 2.10908e-08 -1.06184e-08 0 0 0
0.236201 -0.0533673 -0.0791665 0.235 -0.053 -0.078
7.27838e-09 2.39552e-08 3.90915e-08 0 0 0
8.10486e-09 -4.19935e-08 6.02845e-09 0 0 0
0.142578 -0.00906999 -0.159045 0.16 -0.019 -0.148
1.68804e-08 -7.09224e-08 5.19808e-09 0 0 0
-5.90165e-09 3.86072e-08 -7.1747e-08 0 0 0
0.0847668 -0.131481 -0.307032 0.095 -0.122 -0.298
-7.76656e-09 -1.72893e-08 -2.38469e-08 0 0 0
-3.41973e-08 1.71715e-08 1.66121e-08 0 0 0
0.222713 -0.158578 0.179476 0.248 -0.167 0.203
3.5209e-08 -5.34487e-08 -1.14322e-08 0 0 0
-2.55587e-08 1.7735e-09 -1.60837e-08 0 0 0
0.191102 0.243203 -0.205966 0.183 0.249 -0.208
-3.13406e-09 3.18575e-08 4.95504e-08 0 0 0
2.29731e-08 1.72145e-08 1.67188e-08 0 0 0
0.139983 0.17833 0.0128151 0.129 0.185 0.019
2.76301e-08 2.14194e-08 -2.61165e-09 0 0 0
4.3263e-08 6.83593e-09 5.31898e-08 0 0 0
-0.0824587 0.2048 -0.0669085 -0.078 0.185 -0.083
-6.53023e-09 1.83059e-08 -2.05841e-08 0 0 0
-4.94883e-08 2.01898e-08 6.76649e-08 0 0 0
-0.00167373 -0.338202 -0.226713 0.019 -0.344 -0.234
1.89223e-08 -7.11312e-09 -1.64373e-08 0 0 0
-4.90123e-08 3.91328e-08 3.99585e-09 0 0 0
0.0469244 -0.0289488 -0.291655 0.043 -0.026 -0.3
8.60624e-09 4.81497e-08 -1.81338e-09 0 0 0
4.83367e-08 -5.07709e-08 -4.78501e-08 0 0 0
-0.105771 0.212814 -0.0525129 -0.107 0.209 -0.065
-2.1236e-08 -3.7513e-08 6.3011e-09 0 0 0
7.35721e-09 9.81839e-09 -8.76626e-09 0 0 0
-0.185112 0.155512 -0.0410681 -0.18 0.166 -0.043
-3.06368e-08 9.35309e-10 -1.70573e-08 0 0 0
-8.07389e-09 -1.55672e-08 3.02514e-08 0 0 0
-0.150424 0.0831705 0.230352 -0.148 0.079 0.231
2.27346e-08 4.5607e-08 5.43837e-09 0 0 0
-4.13533e-09 2.35367e-08 7.45169e-09 0 0 0
0.178073 0.0195934 -0.192332 0.183 0.033 -0.203
-1.12833e-08 -3.62278e-08 -8.5522e-10 0 0 0
8.25803e-09 -1.33284e-08 -1.65467e-08 0 0 0
0.238876 -0.243308 0.00385964 0.227 -0.23 0.002
-4.28876e-08 9.82228e-09 4.97082e-09 0 0 0
-1.42468e-08 7.8833e-08 -1.72897e-08 0 0 0
0.244768 -0.234144 0.0573625 0.241 -0.225 0.053
2.6593e-08 -3.38472e-08 8.51077e-09 0 0 0
2.23391e-08 5.35825e-08 2.09452e-08 0 0 0
0.178559 0.299085 0.0868906 0.181 0.285 0.096
1.22911e-08 -5.714e-09 -2.76604e-08 0 0 0
-1.60895e-08 5.70198e-08 1.99298e-08 0 0 0
-0.267245 -0.206872 0.117036 -0.258 -0.199 0.11
2.64003e-09 1.1892e-09 1.89583e-08 0 0 0
3.00485e-09 5.24524e-08 2.23994e-08 0 0 0
0.164737 0.110089 -0.0761525 0.174 0.113 -0.073
3.68625e-08 -3.10472e-08 -2.63674e-08 0 0 0
-3.88905e-08 -7.15382e-09 -1.28132e-08 0 0 0
0.138767 -0.265678 -0.159234 0.147 -0.234 -0.152
7.80065e-09 -1.69902e-08 -1.09793e-09 0 0 0
5.22503e-09 2.66683e-08 4.8045e-08 0 0 0
0.160711 -0.0876387 0.168696 0.173 -0.087 0.168
-5.41757e-09 2.70083e-08 1.53015e-08 0 0 0
-4.0856e-09 -8.67839e-09 2.72692e-08 0 0 0
0.000437721 0.158686 0.123211 0.01 0.161 0.138
2.08928e-08 -2.27145e-08 -1.09204e-08 0 0 0
-4.12557e-08 6.8969e-08 1.41323e-08 0 0 0
-0.110793 0.235937 -0.206371 -0.129 0.237 -0.184
1.32901e-08 -1.75479e-08 1.62667e-08 0 0 0
1.4043e-08 4.56184e-08 -2.16226e-08 0 0 0
-0.0839829 0.179263 0.397688 -0.09 0.184 0.413
3.68083e-08 -3.0175e-08 2.71348e-08 0 0 0
-1.28597e-08 2.35187e-08 -2.84076e-08 0 0 0
-0.00201661 0.269056 0.133192 -0.001 0.26 0.14
3.19418e-08 -5.31181e-09 4.7356e-08 0 0 0
-1.22517e-08 -1.6313e-08 -1.40811e-08 0 0 0
-0.0364763 0.248202 0.160266 -0.041 0.258 0.152
1.53081e-08 -9.3892e-09 3.93913e-08 0 0 0
-1.80572e-08 -2.47324e-10 1.09149e-08 0 0 0
-0.0141363 0.290323 0.00916782 -0.012 0.285 0.008
4.78229e-08 5.13382e-08 -4.1017e-09 0 0 0
-2.5254e-08 2.13672e-08 2.31272e-08 0 0 0
-0.191295 -0.0992069 -0.0209549 -0.183 -0.101 -0.026
-4.25461e-08 -1.72138e-08 -3.15812e-08 0 0 0
-3.62984e-08 5.96738e-08 -1.71549e-08 0 0 0
0.0720494 -0.249281 0.191957 0.066 -0.251 0.205
4.58619e-09 2.99241e-09 1.28178e-08 0 0 0
-4.61805e-09 1.36563e-08 -1.29983e-08 0 0 0
-0.0296587 0.249207 0.000769569 -0.032 0.252 -0.005
-4.65668e-08 1.61202e-08 1.04071e-07 0 0 0
1.1813e-09 3.49512e-08 -2.79995e-09 0 0 0
-0.230173 -0.273722 0.140922 -0.225 -0.278 0.141
4.10981e-08 -3.08216e-08 1.30554e-08 0 0 0
-1.42806e-08 3.7642e-08 3.69999e-08 0 0 0
0.0727049 0.268204 -0.0287682 0.079 0.259 -0.024
3.88647e-08 -1.59852e-08 -2.07251e-08 0 0 0
-4.64138e-08 6.99555e-08 -2.54817e-08 0 0 0
0.262244 0.124207 0.0827925 0.257 0.129 0.085
3.03139e-08 -2.62605e-08 6.35289e-09 0 0 0
-3.63759e-10 3.46315e-08 -2.23153e-08 0 0 0
-0.294422 0.106231 -0.161506 -0.286 0.105 -0.161
-2.89537e-08 3.67602e-08 -1.18107e-08 0 0 0
3.74653e-08 -1.4845e-08 1.11218e-09 0 0 0
0.14117 0.0915129 -0.167971 0.139 0.085 -0.17
-1.13738e-08 4.93999e-09 -2.66956e-08 0 0 0
-5.0533e-08 -7.4481e-09 4.41148e-08 0 0 0
0.131448 0.295944 -0.0426125 0.143 0.294 -0.048
4.23514e-09 -6.15353e-09 2.58857e-08 0 0 0
3.82371e-08 -3.78314e-08 -1.47291e-08 0 0 0
0.191112 0.194039 -0.0423899 0.187 0.196 -0.036
9.56108e-09 1.55916e-08 1.80355e-08 0 0 0
-3.30892e-08 4.74657e-08 -2.48455e-08 0 0 0
-0.163028 -0.187648 -0.0381763 -0.175 -0.19 -0.047
7.72014e-08 -1.16801e-08 9.00284e-09 0 0 0
-9.80776e-09 5.69856e-08 2.84691e-08 0 0 0
0.147142 0.253059 0.20004 0.142 0.256 0.215
-2.75584e-08 -1.28597e-08 2.52142e-08 0 0 0
4.7241e-08 9.76318e-09 -2.15394e-08 0 0 0
-0.00816662 0.103929 -0.301286 -0.017 0.115 -0.282
2.79542e-08 -1.60103e-08 1.75782e-08 0 0 0
-5.32634e-08 -5.60702e-08 -2.96115e-08 0 0 0
-0.167301 -0.187416 -0.12162 -0.162 -0.19 -0.107
1.68332e-08 -4.92482e-09 -2.26206e-08 0 0 0
-1.01327e-08 1.27587e-08 -2.75683e-08 0 0 0
-0.241721 0.0787146 0.0391428 -0.245 0.075 0.033
-3.66815e-09 5.26693e-08 -4.28861e-08 0 0 0
-7.77049e-09 2.00457e-08 3.86171e-08 0 0 0
-0.125348 0.248713 -0.113364 -0.117 0.247 -0.122
-5.22942e-08 3.50577e-08 -3.05239e-08 0 0 0
6.67126e-08 5.89497e-08 1.67788e-08 0 0 0
0.167144 0.151643 0.232364 0.165 0.154 0.219
7.24662e-09 8.9883e-09 -6.95974e-09 0 0 0
-1.916e-08 -1.95703e-08 7.3719e-08 0 0 0
-0.248351 0.0222878 -0.13906 -0.244 0.025 -0.135
1.31416e-09 4.82452e-08 -2.11676e-08 0 0 0
-1.95733e-08 -6.8407e-08 2.05653e-08 0 0 0
-0.0602713 -0.170045 0.14562 -0.064 -0.17 0.138
-6.62687e-08 6.70775e-09 -1.92245e-08 0 0 0
8.35425e-09 -1.049e-08 -5.76443e-09 0 0 0
-0.140725 0.0118435 -0.240588 -0.144 0.004 -0.235
4.14753e-08 1.92327e-08 -8.02745e-09 0 0 0
-3.85219e-08 -6.57956e-08 -3.57241e-08 0 0 0
0.0249719 0.137701 0.218749 0.021 0.128 0.219
-2.50208e-08 -4.16652e-08 3.74563e-08 0 0 0
4.08508e-08 3.63438e-08 5.42405e-09 0 0 0
-0.117412 0.248217 0.119044 -0.121 0.245 0.131
3.33476e-08 4.73247e-09 7.77455e-08 0 0 0
-3.35104e-09 4.01213e-08 -1.67769e-08 0 0 0
0.174195 -0.00166839 -0.112346 0.184 0.004 -0.106
-6.58531e-09 -1.17117e-08 -3.60427e-09 0 0 0
-8.72074e-09 -7.39633e-09 3.52164e-08 0 0 0
0.203826 -0.053681 -0.0380566 0.215 -0.061 -0.053
-8.44146e-09 -7.46162e-08 -2.38433e-09 0 0 0
5.7136e-08 -2.56572e-08 -3.39433e-08 0 0 0
-0.0137129 -0.170454 0.298805 -0.009 -0.166 0.286
-6.12695e-09 1.42491e-08 4.18025e-08 0 0 0
3.69472e-08 2.14521e-08 -2.91123e-08 0 0 0
0.00216345 0.296629 0.0142708 -0.003 0.306 0.027
-1.97053e-09 -2.10899e-08 -3.31599e-08 0 0 0
4.19903e-08 1.36675e-08 -4.74342e-08 0 0 0
0.185062 0.287761 0.019267 0.179 0.284 0.007
-4.91311e-09 9.3729e-09 -3.30806e-08 0 0 0
4.07797e-09 3.02395e-10 1.02971e-07 0 0 0
0.34762 0.0255337 -0.0702032 0.354 0.028 -0.079
-1.27516e-08 2.3964e-08 -1.55791e-08 0 0 0
-1.30907e-08 -3.10811e-08 2.80421e-08 0 0 0
0.253377 0.267896 0.0464038 0.249 0.269 0.059
3.17846e-08 -8.49407e-09 -6.38631e-09 0 0 0
-5.05686e-09 2.03848e-08 -3.53728e-08 0 0 0
-0.0486349 0.17135 -0.193764 -0.038 0.168 -0.193
4.76026e-08 -7.40013e-09 -1.1622e-08 0 0 0
1.11571e-08 7.07579e-08 1.59817e-08 0 0 0
0.0334937 0.124448 0.21353 0.028 0.119 0.203
-2.68342e-09 -5.41799e-09 4.55462e-08 0 0 0
1.13818e-08 2.80492e-08 -2.26331e-08 0 0 0
0.174728 -0.178065 0.181214 0.179 -0.173 0.189
3.19378e-10 -1.56715e-10 1.21909e-09 0 0 0
3.63013e-08 2.02765e-08 -3.32924e-08 0 0 0
0.173751 0.295786 0.038797 0.165 0.288 0.047
-1.32392e-08 -2.50615e-08 -3.66115e-08 0 0 0
4.62987e-08 -3.12755e-08 2.65629e-08 0 0 0
-0.0640935 -0.172242 0.171671 -0.052 -0.195 0.169
-4.96293e-08 1.58536e-08 -2.40403e-08 0 0 0
3.5631e-09 4.51189e-09 -4.03859e-08 0 0 0
0.110014 0.208516 0.186817 0.091 0.21 0.174
3.2022e-08 -3.04557e-08 1.93675e-08 0 0 0
1.67467e-08 3.3094e-08 4.22537e-08 0 0 0
-0.0948265 0.247194 0.0487078 -0.091 0.242 0.035
-7.70741e-09 4.31507e-09 2.33708e-08 0 0 0
-3.14805e-08 1.57609e-08 1.71687e-08 0 0 0
0.269273 0.0368077 0.159664 0.268 0.036 0.17
6.14754e-09 2.68102e-08 5.75168e-08 0 0 0
1.20234e-09 1.93479e-08 -2.22037e-08 0 0 0
0.0930715 0.127753 0.19885 0.114 0.131 0.198
-4.92415e-08 1.73345e-08 -2.60005e-08 0 0 0
2.8244e-09 -1.55194e-09 3.23919e-08 0 0 0
0.244529 -0.0897554 -0.0483827 0.247 -0.088 -0.043
-6.39886e-09 6.04578e-09 -2.79468e-09 0 0 0
2.69517e-08 -2.12211e-08 -3.62091e-08 0 0 0
-0.0954439 0.20551 -0.137996 -0.104 0.208 -0.143
3.30958e-08 3.35617e-08 -2.20211e-08 0 0 0
-2.4368e-08 4.45339e-09 6.50569e-09 0 0 0
0.268577 -0.143934 -0.00328785 0.253 -0.131 -0.007
-3.89151e-08 -2.15713e-08 -1.00259e-08 0 0 0
4.34952e-08 3.89342e-08 5.71873e-08 0 0 0
0.0463891 -0.263716 -0.190691 0.038 -0.27 -0.199
-1.49763e-08 8.77138e-09 -4.50441e-09 0 0 0
-1.39658e-09 -3.63126e-08 -5.85846e-08 0 0 0
0.211453 0.138544 -0.0439196 0.221 0.15 -0.05
4.32601e-08 -2.53458e-08 -2.74184e-08 0 0 0
5.55062e-08 3.41596e-08 -1.20963e-08 0 0 0
0.159919 0.0782694 -0.126927 0.145 0.088 -0.134
4.6853e-08 5.43503e-09 -9.2947e-09 0 0 0
2.72646e-08 3.09926e-08 -8.69955e-08 0 0 0
-0.147836 0.188099 -0.136273 -0.154 0.178 -0.144
-3.94147e-08 3.75795e-08 -3.38132e-08 0 0 0
1.5098e-08 -4.49373e-09 -2.45884e-08 0 0 0
-0.209925 0.0650656 -0.07841 -0.217 0.064 -0.091
-7.55582e-09 1.66834e-08 -1.83942e-08 0 0 0
-5.78735e-08 2.93875e-08 3.66951e-08 0 0 0
0.251818 0.130106 -0.227966 0.259 0.117 -0.229
-1.44244e-08 -2.46762e-08 1.15523e-08 0 0 0
-2.63071e-08 2.69666e-08 1.4225e-08 0 0 0
-0.0822013 -0.0829343 -0.244562 -0.085 -0.061 -0.234
-1.37372e-09 -3.68711e-08 -6.42911e-08 0 0 0
-2.69019e-08 -4.19613e-08 -4.72508e-09 0 0 0
-0.226455 0.106941 -0.0207076 -0.232 0.105 -0.017
-1.62309e-08 -4.42064e-08 -7.84069e-08 0 0 0
2.68943e-08 -2.11172e-08 -1.51742e-09 0 0 0
0.323757 0.105679 0.0430815 0.322 0.11 0.044
-6.04799e-08 6.32021e-08 1.95798e-09 0 0 0
1.06994e-08 -1.37557e-08 4.61226e-08 0 0 0
-0.0598368 0.17683 -0.144364 -0.057 0.18 -0.142
4.47445e-10 -1.21577e-08 2.1378e-08 0 0 0
7.10461e-09 -6.36556e-08 4.22832e-08 0 0 0
0.276264 -0.146086 0.0557356 0.279 -0.15 0.061
8.25386e-09 6.02278e-09 -2.77935e-08 0 0 0
2.4113e-08 -2.09593e-08 -1.65697e-08 0 0 0
0.0309138 -0.1555 0.171478 0.041 -0.158 0.181
-2.38146e-08 -3.55871e-08 -2.23948e-08 0 0 0
4.93007e-08 -2.09058e-08 -2.31197e-08 0 0 0
0.11683 0.196797 0.140734 0.113 0.186 0.148
-4.70257e-09 -5.25317e-08 -4.1271e-09 0 0 0
-3.88771e-09 1.99277e-08 -2.73148e-08 0 0 0
-0.155076 -0.104113 0.0495172 -0.15 -0.106 0.037
7.78367e-09 1.47881e-09 2.73565e-08 0 0 0
-3.85903e-08 2.28173e-08 -3.6295e-08 0 0 0
-0.0254705 0.197872 -0.0762905 -0.028 0.195 -0.075
-3.79517e-09 6.41664e-08 4.09312e-08 0 0 0
3.62583e-08 1.17369e-08 -2.12068e-08 0 0 0
0.164856 -0.194749 0.085254 0.158 -0.185 0.073
-9.95748e-10 -3.72186e-10 -6.35355e-08 0 0 0
1.74331e-08 -4.33921e-08 1.67396e-08 0 0 0
0.0675177 0.0757711 0.117409 0.062 0.08 0.116
-1.45898e-08 -2.11851e-09 4.24115e-08 0 0 0
3.45827e-08 -1.2814e-08 -6.87224e-10 0 0 0
0.0975628 0.185755 0.197761 0.094 0.186 0.196
-7.87711e-09 1.16046e-08 -1.56734e-10 0 0 0
9.11843e-09 -3.87011e-08 7.95661e-09 0 0 0
-0.168102 0.077743 -0.282908 -0.177 0.07 -0.278
-1.97928e-08 -5.0857e-08 2.68783e-08 0 0 0
-2.36948e-08 8.13018e-08 1.20201e-08 0 0 0
0.192477 -0.161793 0.293445 0.219 -0.189 0.283
1.15864e-10 -3.26615e-08 -1.67928e-08 0 0 0
-2.61786e-08 6.39448e-08 3.72902e-08 0 0 0
-0.112812 0.126333 0.0816674 -0.111 0.137 0.079
-1.78228e-08 -5.09109e-08 9.30261e-09 0 0 0
2.22498e-09 8.64671e-08 -5.06822e-08 0 0 0
0.204373 0.278477 -0.0436199 0.199 0.264 -0.054
1.00007e-08 6.82401e-09 -3.38353e-09 0 0 0
-3.16782e-08 -6.85943e-09 -7.03169e-08 0 0 0
0.0409841 -0.0590297 -0.332639 0.044 -0.052 -0.333
2.15189e-08 1.47568e-09 -1.71262e-08 0 0 0
-5.44734e-08 -1.45042e-08 5.03048e-08 0 0 0
-0.0732625 -0.106786 -0.306417 -0.085 -0.107 -0.311
3.84876e-08 2.14907e-08 -4.279e-08 0 0 0
2.7364e-08 -3.83867e-09 5.83409e-08 0 0 0
-0.102188 -0.162686 0.0317936 -0.105 -0.178 0.028
-1.52762e-08 -7.69972e-09 1.00751e-08 0 0 0
1.72191e-08 -5.35562e-09 -1.60207e-08 0 0 0
0.0394466 0.214673 0.214583 0.039 0.226 0.213
-5.0389e-08 1.93801e-09 -1.4831e-08 0 0 0
1.37423e-08 2.98781e-08 -7.02107e-09 0 0 0
-0.138364 0.00680161 0.0968022 -0.126 0.009 0.094
-4.49824e-08 3.69013e-09 4.34509e-08 0 0 0
-2.02039e-08 -3.07017e-08 -1.03655e-09 0 0 0
0.00837762 0.266485 -0.0599929 0.002 0.262 -0.058
-1.6579e-08 4.25717e-08 1.4798e-08 0 0 0
3.39435e-08 -9.30926e-09 -2.87046e-09 0 0 0
0.318448 0.257218 0.0323928 0.306 0.248 0.028
-2.51082e-09 1.60473e-09 -5.83496e-09 0 0 0
4.3018e-08 9.80229e-09 1.44716e-08 0 0 0
-0.00146846 -0.244747 0.0593298 -0.003 -0.229 0.059
-9.12659e-09 -5.09647e-08 -4.02175e-08 0 0 0
-2.54478e-08 -1.90801e-08 7.21806e-08 0 0 0
0.244014 0.0169485 -0.0660554 0.256 0.006 -0.065
2.96953e-08 3.51918e-08 4.10079e-08 0 0 0
1.23893e-08 -7.1104e-09 -1.0066e-07 0 0 0
0.0662474 0.205164 0.143369 0.07 0.203 0.144
4.16943e-08 -4.67885e-09 -2.16694e-08 0 0 0
-4.3739e-08 1.9634e-08 -7.93932e-09 0 0 0
0.138253 0.154716 0.164188 0.141 0.152 0.171
2.7598e-08 1.94564e-09 -2.60445e-08 0 0 0
1.54848e-08 -2.29529e-08 1.82176e-08 0 0 0
0.0347423 0.174374 -0.345658 0.046 0.183 -0.344
2.09075e-08 -1.34152e-08 7.67075e-09 0 0 0
-3.51348e-08 -2.7243e-08 9.79195e-10 0 0 0
0.192445 -0.183412 0.124805 0.196 -0.187 0.13
-1.99635e-08 -7.99305e-09 2.82665e-08 0 0 0
-1.23893e-09 -1.17508e-08 2.96184e-10 0 0 0
0.0371153 -0.244549 -0.228539 0.046 -0.23 -0.222
1.1378e-08 3.34695e-08 -2.06813e-08 0 0 0
1.30939e-08 3.31965e-08 -1.10196e-08 0 0 0
-0.0592144 -0.318291 -0.00771298 -0.062 -0.312 -0.006
3.99618e-08 3.18635e-08 -3.47458e-08 0 0 0
-3.79332e-08 2.75348e-08 1.5617e-08 0 0 0
-0.13574 0.190712 -0.0361346 -0.165 0.21 -0.015
-3.49785e-08 7.02168e-09 -3.6993e-08 0 0 0
-4.01385e-09 3.84927e-08 -5.24422e-08 0 0 0
0.0127692 0.278484 -0.0688934 -0.006 0.273 -0.062
3.26968e-09 -5.73471e-08 1.11876e-08 0 0 0
-3.96761e-08 2.38499e-08 4.13645e-08 0 0 0
0.0110971 0.350379 0.0548796 0.011 0.329 0.051
1.96307e-09 -1.6601e-08 -6.82859e-08 0 0 0
4.83963e-08 1.73634e-09 5.85636e-08 0 0 0
-0.22152 -0.0540818 -0.132588 -0.213 -0.04 -0.132
2.33616e-08 1.64445e-08 -1.14931e-08 0 0 0
-1.04778e-08 -2.2711e-08 1.61072e-08 0 0 0
-0.192388 -0.0453672 0.32099 -0.197 -0.062 0.338
-1.65307e-08 1.71297e-08 -1.10416e-08 0 0 0
6.37872e-09 -4.21628e-10 1.75909e-08 0 0 0
-0.212023 0.0759601 -0.0157384 -0.222 0.078 -0.027
1.42688e-09 1.92717e-08 -2.18964e-08 0 0 0
1.46359e-09 -3.12043e-08 -2.04898e-08 0 0 0
0.0209798 0.138111 0.227398 0.026 0.146 0.206
5.58277e-08 2.49204e-08 -2.07804e-08 0 0 0
-1.69786e-08 -1.10233e-08 1.97518e-09 0 0 0
0.26669 0.0219574 -0.0091349 0.274 0.015 -0.028
3.58777e-09 1.38472e-09 -6.11443e-08 0 0 0
-2.25781e-08 -8.49996e-09 1.48255e-08 0 0 0
0.147944 -0.0985494 -0.0374899 0.138 -0.09 -0.032
-4.10947e-08 3.22202e-08 -3.28895e-08 0 0 0
3.84829e-09 7.36514e-10 1.84993e-08 0 0 0
0.28127 -0.040692 -0.094796 0.28 -0.042 -0.099
3.26346e-08 -2.78159e-08 -3.03324e-08 0 0 0
-4.91422e-08 -6.73676e-08 9.01748e-09 0 0 0
0.31993 0.0201159 0.0240293 0.321 0.02 0.028
4.59593e-09 -2.13437e-08 -1.46145e-08 0 0 0
-2.64995e-08 4.02913e-08 -1.59391e-08 0 0 0
0.221281 0.209216 0.0211105 0.225 0.203 0.027
2.09589e-08 -2.49867e-08 4.34794e-09 0 0 0
4.63286e-08 -1.22775e-08 6.06592e-08 0 0 0
0.208497 0.220286 -0.193536 0.198 0.22 -0.195
-1.49498e-08 3.67543e-08 -3.01897e-08 0 0 0
-4.28025e-08 3.49847e-08 -4.46243e-08 0 0 0
0.226891 -0.142113 -0.148578 0.232 -0.157 -0.156
2.64418e-08 4.76822e-08 -1.91958e-09 0 0 0
3.69365e-08 2.34005e-08 1.65389e-09 0 0 0
0.174098 0.177071 0.059843 0.194 0.176 0.07
4.78471e-09 -1.74413e-08 -1.29895e-08 0 0 0
6.73469e-10 1.02405e-08 3.27695e-08 0 0 0
0.101739 0.27168 -0.0521164 0.097 0.275 -0.064
7.64887e-09 -1.27389e-08 -5.60891e-08 0 0 0
-3.17998e-08 1.19474e-08 7.51964e-09 0 0 0
0.194951 0.186597 0.273674 0.192 0.179 0.273
2.85543e-09 -1.27839e-08 1.26495e-08 0 0 0
-2.12497e-08 5.09065e-08 2.8447e-09 0 0 0
0.108101 -0.044582 0.296282 0.112 -0.025 0.291
3.23601e-08 -6.21415e-09 -1.20337e-08 0 0 0
-4.19155e-08 -2.89893e-08 -9.68834e-09 0 0 0
-0.000466758 0.0678357 -0.239361 0.002 0.064 -0.252
1.2498e-08 3.26272e-08 3.3959e-09 0 0 0
8.22793e-09 -4.96823e-08 -5.27346e-08 0 0 0
-0.223879 0.118953 -0.148106 -0.237 0.127 -0.14
5.97457e-09 -8.71842e-09 1.55472e-08 0 0 0
-4.13129e-09 2.38682e-08 1.17299e-08 0 0 0
0.146284 0.121414 0.13783 0.162 0.121 0.128
2.03339e-08 -5.66782e-09 5.52385e-08 0 0 0
3.88826e-08 -3.33377e-08 2.16492e-08 0 0 0
-0.142176 0.225402 -0.0693876 -0.136 0.238 -0.063
1.1867e-08 2.45864e-08 7.92893e-09 0 0 0
-1.16934e-08 -4.30848e-08 -2.36454e-08 0 0 0
0.0142315 0.141531 0.172152 0.016 0.132 0.171
8.08946e-09 4.1859e-08 2.59142e-08 0 0 0
1.47162e-08 9.50687e-09 5.6493e-08 0 0 0
0.210729 0.280287 -0.0259504 0.218 0.276 -0.011
4.48776e-08 -2.95583e-09 5.05478e-08 0 0 0
1.14724e-08 5.85731e-09 9.24968e-09 0 0 0
0.195964 0.0427801 -0.0990191 0.204 0.046 -0.103
9.2225e-09 -3.12775e-08 -3.74242e-08 0 0 0
3.65436e-08 4.42704e-08 -3.4021e-10 0 0 0
0.328169 0.100077 0.00494469 0.323 0.09 0.002
-1.79969e-08 5.18038e-09 -1.77394e-08 0 0 0
-2.65062e-08 -5.17301e-08 1.49755e-08 0 0 0
0.239246 -0.108477 -0.0990677 0.245 -0.096 -0.096
-3.23999e-08 -1.39387e-08 4.00111e-09 0 0 0
6.87124e-09 3.57431e-08 -2.70341e-08 0 0 0
0.0926225 -0.129461 0.342518 0.084 -0.125 0.343
4.66334e-08 -7.06441e-09 3.12996e-08 0 0 0
5.0765e-09 -2.3371e-08 -2.37757e-08 0 0 0
0.115984 -0.0540887 0.239432 0.128 -0.048 0.245
-5.34439e-09 -2.25858e-08 2.32468e-08 0 0 0
-1.61332e-08 -2.427e-08 -1.34502e-08 0 0 0
0.215123 0.0386704 0.264571 0.226 0.044 0.263
-3.52799e-08 -1.61388e-08 2.84652e-08 0 0 0
3.06023e-08 2.83126e-08 3.00983e-08 0 0 0
-0.28573 0.0553825 -0.247789 -0.285 0.047 -0.245
1.20341e-08 2.71141e-08 1.56736e-08 0 0 0
-2.29049e-08 1.00192e-08 -9.5987e-09 0 0 0
0.181567 -0.0560918 -0.278077 0.167 -0.054 -0.274
3.52626e-09 4.44111e-08 -2.81553e-08 0 0 0
-4.75498e-10 -1.00588e-08 1.14727e-08 0 0 0
0.193119 -0.101584 -0.0280108 0.197 -0.115 -0.033
-8.75767e-10 4.67373e-08 -2.50464e-08 0 0 0
3.09563e-08 -1.82003e-08 -4.83544e-08 0 0 0
-0.129379 0.164596 -0.112204 -0.15 0.16 -0.112
-7.96857e-09 4.49563e-08 3.79415e-08 0 0 0
-4.66075e-08 -2.54388e-08 1.57476e-08 0 0 0
-0.260905 -0.103488 0.00805016 -0.262 -0.087 0.003
-3.67381e-08 3.96293e-09 3.20964e-08 0 0 0
1.12596e-09 3.80625e-08 -2.74901e-08 0 0 0
0.231351 0.27822 0.145745 0.229 0.276 0.153
-3.1116e-08 8.20961e-09 5.52286e-09 0 0 0
-1.94584e-08 -7.56519e-09 1.10421e-08 0 0 0
0.404148 -0.102177 -0.0739803 0.415 -0.114 -0.071
-2.7538e-08 -2.5636e-08 2.08565e-08 0 0 0
-1.46338e-08 -2.46942e-08 -1.24607e-08 0 0 0
0.228585 0.175759 -0.0507869 0.211 0.172 -0.051
7.50589e-10 -8.99225e-09 2.74125e-08 0 0 0
-5.25031e-08 -1.18716e-08 2.49685e-08 0 0 0
0.269561 -0.123883 0.161708 0.26 -0.125 0.147
-3.6065e-09 -1.98724e-08 -1.71514e-08 0 0 0
-9.80021e-09 -8.22942e-09 1.36113e-08 0 0 0
-0.0423744 0.29585 -0.19425 -0.092 0.326 -0.209
-8.54423e-09 -2.06499e-08 -1.90155e-08 0 0 0
-1.5091e-08 1.60794e-08 1.26855e-09 0 0 0
-0.371209 -0.0514795 0.0151394 -0.366 -0.054 0.004
-7.8554e-09 4.52526e-09 -1.63402e-08 0 0 0
-2.88555e-08 -1.36302e-08 -4.3711e-08 0 0 0
0.129447 0.160645 -0.0907173 0.116 0.162 -0.074
-2.40043e-08 2.65455e-08 -2.12969e-08 0 0 0
-2.84259e-09 -5.90204e-09 1.43711e-08 0 0 0
0.147698 -0.0853508 0.182202 0.156 -0.088 0.19
-1.19668e-08 4.83012e-08 -3.20627e-08 0 0 0
-3.05173e-08 3.08383e-09 2.3281e-08 0 0 0
0.138374 0.0507985 0.240617 0.152 0.059 0.236
-1.06557e-08 -1.28652e-09 2.45132e-08 0 0 0
1.11245e-08 4.4212e-09 2.67542e-09 0 0 0
-0.061459 0.100059 0.152618 -0.061 0.105 0.18
3.33694e-08 4.26063e-08 3.85455e-08 0 0 0
3.97042e-09 3.01341e-08 -1.70309e-08 0 0 0
-0.134638 0.00427966 -0.167444 -0.146 0.005 -0.174
2.39006e-10 1.57813e-08 1.79643e-08 0 0 0
7.34279e-09 -4.58733e-08 2.4955e-08 0 0 0
-0.209188 0.182646 -0.170355 -0.222 0.188 -0.176
-1.88831e-08 2.20787e-10 2.20245e-08 0 0 0
4.10105e-08 5.60837e-09 -9.64295e-09 0 0 0
-0.211393 0.18819 0.245256 -0.215 0.196 0.256
-2.67164e-08 2.12226e-08 1.55414e-08 0 0 0
1.72013e-08 -2.6558e-08 6.26894e-08 0 0 0
0.28802 -0.0181598 -0.191272 0.292 -0.002 -0.194
2.77783e-08 2.88644e-08 1.35146e-08 0 0 0
-1.44636e-08 -5.50509e-09 -2.75149e-08 0 0 0
-0.295345 0.241971 -0.0757609 -0.293 0.231 -0.067
8.06311e-09 -4.76789e-08 -9.26838e-09 0 0 0
5.04058e-08 5.27037e-09 -2.99638e-08 0 0 0
-0.200449 -0.20361 -0.0176364 -0.19 -0.196 -0.017
-2.90395e-08 1.26213e-09 -5.46958e-08 0 0 0
-5.68074e-08 4.49789e-08 3.93341e-08 0 0 0
-0.0391857 -0.159394 0.175066 -0.048 -0.163 0.184
-3.01259e-09 -2.54755e-08 2.9856e-08 0 0 0
2.60164e-08 8.82005e-09 1.70925e-08 0 0 0
-0.0433104 0.228476 -0.00802493 -0.04 0.237 -0.022
2.60332e-08 -2.66055e-08 -4.71651e-08 0 0 0
-3.67317e-08 -1.76822e-08 1.67928e-08 0 0 0
0.0600542 -0.318111 0.153507 0.053 -0.321 0.186
4.69577e-08 1.09885e-08 -2.72739e-08 0 0 0
-2.77662e-08 -4.66532e-08 -4.08586e-09 0 0 0
0.120121 -0.11612 -0.22188 0.11 -0.111 -0.222
1.22483e-08 3.25188e-08 -1.16202e-08 0 0 0
-1.81218e-08 -1.51703e-08 -3.48233e-08 0 0 0
0.17802 0.0954701 0.175779 0.163 0.101 0.157
5.3449e-09 -2.94881e-08 8.2095e-11 0 0 0
6.62596e-09 5.5091e-08 1.00206e-08 0 0 0
-0.267263 0.179471 -0.194313 -0.27 0.19 -0.204
-3.84143e-09 -7.45394e-09 1.13781e-08 0 0 0
-3.66944e-08 -2.48427e-08 -4.28129e-09 0 0 0
0.342782 -0.059217 -0.0736788 0.349 -0.055 -0.089
2.95356e-11 -2.04305e-08 -5.99555e-08 0 0 0
-5.14204e-09 -5.86214e-09 7.33695e-08 0 0 0
-0.0966607 -0.164689 0.180987 -0.105 -0.169 0.17
-1.16489e-08 -4.11857e-09 -1.69266e-08 0 0 0
-1.42025e-08 -1.16638e-09 2.42619e-08 0 0 0
0.29555 0.110109 -0.0266292 0.282 0.091 -0.029
1.4181e-08 1.53959e-08 -2.26842e-08 0 0 0
-1.07275e-08 4.6869e-08 -2.55389e-08 0 0 0
-0.307944 0.0324191 0.0551919 -0.307 0.035 0.051
3.75434e-08 -2.26238e-08 -1.84891e-08 0 0 0
-5.95181e-08 3.85752e-09 3.85067e-08 0 0 0
0.17161 -0.0840387 0.199215 0.165 -0.087 0.204
5.86804e-08 5.08791e-08 -5.84675e-08 0 0 0
-1.82495e-08 3.15782e-08 2.93453e-08 0 0 0
-0.189957 -0.0192214 -0.218472 -0.185 -0.032 -0.231
2.2374e-08 1.21899e-08 4.05435e-08 0 0 0
-3.12963e-08 -5.25131e-08 -4.14881e-08 0 0 0
-0.0864406 -0.0990656 -0.181776 -0.085 -0.092 -0.18
-4.23728e-08 2.50671e-08 -4.171e-08 0 0 0
1.59295e-08 -8.20216e-10 4.53905e-09 0 0 0
-0.272362 0.095842 -0.0852224 -0.257 0.104 -0.09
2.30214e-08 7.09105e-09 -4.32159e-08 0 0 0
-2.16711e-08 -2.69545e-08 6.15176e-09 0 0 0
-0.0351283 0.0934717 0.228924 -0.046 0.089 0.231
-2.60991e-10 -2.2121e-08 4.39167e-08 0 0 0
-9.88657e-09 -3.89622e-08 2.24422e-08 0 0 0
0.130713 0.121404 0.0443897 0.144 0.129 0.06
-1.14847e-08 -1.87942e-08 4.37325e-08 0 0 0
-1.36793e-08 2.93508e-08 2.91109e-08 0 0 0
-0.203828 -0.0439911 -0.178747 -0.199 -0.041 -0.18
-1.43687e-08 4.25435e-09 -4.62851e-08 0 0 0
-3.03193e-08 -8.92196e-08 1.085e-08 0 0 0
-0.0558962 -0.0780051 0.0898591 -0.063 -0.073 0.098
-5.41233e-08 -4.4325e-08 3.7971e-08 0 0 0
4.36317e-08 -1.40912e-08 -3.15188e-08 0 0 0
-0.239433 0.0260028 -0.0810632 -0.249 0.009 -0.093
1.09259e-08 -1.0443e-08 -1.34358e-08 0 0 0
3.47349e-09 1.44285e-08 -3.2912e-08 0 0 0
0.189143 0.127959 0.195352 0.192 0.119 0.197
1.35812e-09 -2.02665e-08 2.39574e-08 0 0 0
2.31546e-09 -7.41485e-09 -2.82801e-08 0 0 0
0.131841 0.231259 -0.0701947 0.126 0.227 -0.06
1.63349e-08 -7.01914e-09 -5.30832e-08 0 0 0
-4.89438e-09 -2.23784e-08 2.00055e-08 0 0 0
0.121544 -0.089033 -0.131369 0.124 -0.096 -0.134
4.97354e-09 -3.97396e-08 2.5481e-08 0 0 0
3.6463e-08 -1.76024e-08 -6.43832e-08 0 0 0
0.225424 -0.0416292 -0.0268079 0.211 -0.044 -0.011
-4.85013e-10 -4.79208e-08 -4.13672e-08 0 0 0
8.66867e-09 -3.83476e-08 -4.81788e-08 0 0 0
0.0159319 -0.195995 0.232204 0.011 -0.2 0.224
-1.33396e-08 8.30239e-09 -9.86058e-09 0 0 0
-4.66652e-09 1.74013e-08 -5.95605e-10 0 0 0
0.00918305 0.351543 0.134017 -0.009 0.378 0.132
-3.49674e-08 4.00397e-08 -5.39747e-08 0 0 0
3.1906e-09 -1.45232e-08 -5.81768e-09 0 0 0
0.0928719 0.336133 0.0502702 0.09 0.35 0.048
-3.27703e-08 1.19678e-08 -5.80903e-08 0 0 0
1.16834e-08 2.74828e-09 4.59995e-08 0 0 0
0.244017 0.193368 -0.00969227 0.237 0.176 -0.002
3.58645e-08 -4.68008e-08 5.67099e-08 0 0 0
9.60666e-09 -1.88009e-08 1.27527e-08 0 0 0
-0.243974 -0.241427 -0.0303358 -0.225 -0.234 -0.026
1.79636e-08 1.32226e-08 -1.6589e-08 0 0 0
-3.61187e-08 -1.4847e-08 2.0537e-08 0 0 0
0.134234 0.219991 -0.155143 0.134 0.231 -0.146
-2.56473e-08 1.67142e-08 -3.6944e-09 0 0 0
-2.13632e-08 -1.79523e-08 -2.04177e-10 0 0 0
0.139434 0.0725555 0.22814 0.151 0.07 0.229
-4.16011e-08 4.3766e-09 2.68891e-08 0 0 0
-3.23583e-08 6.78008e-09 2.90797e-08 0 0 0
0.309202 -0.0598626 0.118399 0.363 -0.059 0.137
3.18841e-08 -1.5551e-08 -7.06697e-08 0 0 0
-7.67484e-09 -1.37334e-09 4.7939e-08 0 0 0
0.202403 0.176759 -0.23811 0.189 0.174 -0.234
1.03509e-08 5.22267e-08 -2.31523e-08 0 0 0
6.28119e-09 4.51972e-08 1.64532e-08 0 0 0
-0.235475 0.181617 0.0879148 -0.233 0.166 0.076
-2.51261e-08 -2.78432e-08 1.02185e-08 0 0 0
-2.79772e-08 -3.27552e-08 4.6301e-08 0 0 0
-0.128674 0.0427664 0.266877 -0.118 0.047 0.271
-3.38308e-08 7.91147e-09 4.13918e-10 0 0 0
5.58993e-08 -2.57785e-08 1.01399e-08 0 0 0
-0.0262174 0.247086 -0.0137669 -0.029 0.244 -0.026
4.90956e-09 3.4261e-08 -2.77617e-08 0 0 0
-1.71969e-08 7.98042e-08 9.38331e-09 0 0 0
0.195278 0.154529 0.182309 0.203 0.158 0.178
1.78147e-09 -9.01675e-09 3.82037e-08 0 0 0
4.98825e-09 -3.20912e-08 1.72379e-08 0 0 0
0.204778 0.181609 0.169336 0.191 0.194 0.173
9.41472e-08 4.3376e-08 -3.96259e-09 0 0 0
1.75737e-08 -6.83513e-09 1.48575e-08 0 0 0
0.0945466 -0.0723426 0.15266 0.093 -0.064 0.165
2.21352e-09 5.24654e-08 3.62416e-08 0 0 0
1.20608e-08 7.71898e-09 -8.88414e-09 0 0 0
-0.043565 0.0105063 -0.288196 -0.047 0.015 -0.283
3.40265e-08 2.39529e-08 4.54205e-08 0 0 0
1.60706e-08 -1.74625e-08 1.40933e-08 0 0 0
0.234124 -0.0498555 -0.0184575 0.259 -0.058 -0.026
4.81042e-10 -3.16198e-09 -1.96828e-08 0 0 0
4.05137e-08 8.32181e-08 -1.15364e-09 0 0 0
0.341802 -0.0870404 0.06624 0.341 -0.069 0.066
-2.44669e-08 -9.43232e-09 -2.36116e-08 0 0 0
5.56777e-08 2.54327e-09 -1.98708e-08 0 0 0
0.113868 0.175088 -0.189915 0.096 0.177 -0.174
3.28664e-08 -5.62881e-09 9.7705e-09 0 0 0
-4.564e-08 2.62586e-08 4.71106e-08 0 0 0
0.0498323 0.251501 -0.0451315 0.044 0.258 -0.051
-3.73105e-08 -2.39093e-08 -5.06161e-09 0 0 0
1.5629e-08 7.03657e-09 2.0164e-08 0 0 0
-0.20068 0.191296 -0.155639 -0.201 0.188 -0.15
2.05884e-08 3.35111e-08 1.81812e-08 0 0 0
5.41329e-09 1.38661e-08 -1.26574e-08 0 0 0
-0.165635 0.108432 -0.103333 -0.17 0.107 -0.107
-9.37842e-09 -1.95129e-08 -1.24626e-08 0 0 0
-2.13809e-08 4.40509e-08 7.79862e-08 0 0 0
0.111392 0.156718 -0.10129 0.122 0.151 -0.105
-1.94137e-08 -5.13604e-08 3.70928e-08 0 0 0
1.23933e-08 2.09097e-08 -1.67673e-09 0 0 0
0.0347683 -0.174193 -0.20814 0.041 -0.147 -0.205
4.18604e-08 5.20767e-08 1.26933e-08 0 0 0
-1.69572e-09 3.90284e-08 1.69743e-08 0 0 0
-0.219964 0.129403 0.0691579 -0.221 0.126 0.075
-6.65295e-09 2.72177e-08 -1.61146e-08 0 0 0
2.04674e-08 -1.98688e-08 5.32141e-08 0 0 0
0.178087 0.110368 0.170318 0.173 0.124 0.171
-1.26867e-08 3.0239e-10 -2.52248e-08 0 0 0
-2.72857e-08 -2.1297e-08 1.18193e-08 0 0 0
0.143296 0.21158 -0.258297 0.138 0.2 -0.256
3.76746e-08 1.03659e-08 -1.26825e-09 0 0 0
2.58048e-08 2.13693e-08 8.77355e-09 0 0 0
0.30259 0.160303 -0.211133 0.286 0.144 -0.223
-3.15801e-08 -1.04929e-08 -3.18322e-08 0 0 0
1.81737e-08 -1.9557e-08 -1.26378e-08 0 0 0
0.348235 -0.0250242 0.0692716 0.337 -0.039 0.064
1.91499e-08 -2.9181e-08 6.09237e-10 0 0 0
2.15928e-08 -3.61729e-09 -8.3594e-09 0 0 0
-0.0308405 0.175783 -0.0906938 -0.03 0.175 -0.084
3.89968e-08 -1.54991e-08 -5.52834e-09 0 0 0
3.10094e-08 -1.64363e-08 1.97787e-08 0 0 0
0.0281394 0.0543937 0.334385 0.024 0.048 0.334
1.14022e-08 -4.7217e-08 -1.96346e-08 0 0 0
1.96084e-08 8.84646e-09 -2.17989e-08 0 0 0
0.0709077 0.170122 -0.129709 0.077 0.179 -0.15
-1.60459e-08 1.09139e-08 -3.20788e-08 0 0 0
1.01882e-09 -2.68797e-08 -1.29214e-08 0 0 0
0.125713 -0.330128 0.0398119 0.119 -0.324 0.033
-1.94356e-08 8.7012e-09 1.88177e-08 0 0 0
4.08494e-08 -1.8013e-08 -3.97678e-08 0 0 0
0.0627985 -0.000957327 0.214913 0.08 0.01 0.214
3.17185e-08 -3.37969e-08 -3.13402e-08 0 0 0
-6.27381e-08 8.81471e-10 2.76868e-08 0 0 0
-0.0973488 -0.0676009 0.265199 -0.105 -0.06 0.247
5.2958e-08 -2.10242e-09 -3.89337e-08 0 0 0
-1.56121e-08 -8.07983e-09 -6.1055e-09 0 0 0
0.0365152 0.182284 -0.266282 0.037 0.172 -0.255
1.28832e-08 3.5633e-08 -5.17674e-08 0 0 0
-3.41834e-08 2.69299e-08 -6.86396e-08 0 0 0
-0.0129712 0.101357 -0.151792 -0.015 0.11 -0.148
1.32473e-08 2.85867e-08 3.1497e-09 0 0 0
1.19526e-08 -1.19586e-08 3.75052e-09 0 0 0
-0.0337485 0.234482 -0.0487791 -0.04 0.251 -0.063
2.97719e-08 -5.34263e-09 -1.65185e-08 0 0 0
-3.02561e-08 -2.39708e-08 1.43771e-08 0 0 0
0.157461 0.245997 -0.243717 0.165 0.237 -0.237
2.73068e-08 3.48859e-08 -5.17474e-08 0 0 0
-7.41861e-09 1.03614e-08 5.93038e-09 0 0 0
0.228534 0.19614 0.0574014 0.222 0.207 0.06
4.08172e-08 -9.48604e-09 -2.06254e-09 0 0 0
-7.83431e-08 1.53508e-08 2.59363e-09 0 0 0
-0.0653554 -0.18415 0.206066 -0.096 -0.219 0.205
4.33116e-08 -3.05804e-08 -1.34502e-08 0 0 0
-2.47212e-08 1.19037e-08 4.22873e-08 0 0 0
0.089338 -0.256864 0.0554665 0.09 -0.248 0.053
-3.49247e-08 -4.87844e-08 -5.81219e-08 0 0 0
-1.76894e-08 2.81024e-08 3.67609e-08 0 0 0
0.136618 0.300144 0.0666079 0.149 0.306 0.059
2.2345e-08 -2.71667e-08 -1.06299e-08 0 0 0
-4.68913e-08 1.80245e-08 3.83739e-09 0 0 0
-0.0737195 -0.141374 0.280891 -0.064 -0.144 0.296
-3.28391e-08 -4.77384e-08 -3.44113e-08 0 0 0
-1.10878e-08 5.47128e-08 8.3221e-09 0 0 0
-0.158628 -0.227018 -0.170431 -0.155 -0.233 -0.183
-2.80052e-08 1.908e-09 -3.95809e-08 0 0 0
-6.05351e-09 2.57387e-08 -1.21468e-09 0 0 0
0.280807 -0.215028 0.0743013 0.284 -0.227 0.066
1.85184e-08 -1.16424e-08 -1.2566e-08 0 0 0
-1.90264e-08 8.00216e-09 8.17733e-09 0 0 0
-0.199156 0.15202 -0.0318667 -0.205 0.156 -0.013
-8.6077e-09 4.2798e-08 5.15693e-08 0 0 0
-2.2749e-08 -2.82517e-08 2.24714e-08 0 0 0
0.0912934 0.217994 0.0669864 0.095 0.222 0.068
1.66958e-08 -4.24079e-08 1.87234e-08 0 0 0
4.62519e-08 -1.01606e-08 -7.36681e-08 0 0 0
0.184465 0.247418 0.00944706 0.179 0.249 0.014
5.33847e-09 8.84315e-09 3.94862e-08 0 0 0
-1.36039e-08 3.31231e-09 -1.08089e-08 0 0 0
0.264825 0.0930749 -0.0485499 0.267 0.094 -0.046
-5.31558e-09 -4.18893e-08 1.05033e-08 0 0 0
1.87162e-08 5.26197e-08 -3.59955e-09 0 0 0
-0.224663 -0.0104666 -0.107109 -0.25 0.009 -0.118
4.60986e-08 -6.73274e-09 -9.89101e-09 0 0 0
-2.80398e-08 7.52569e-09 3.9747e-08 0 0 0
0.188099 -0.0777742 0.155439 0.196 -0.071 0.167
1.75685e-08 -2.89817e-09 -3.23541e-08 0 0 0
-1.20278e-08 -3.23045e-08 8.54296e-08 0 0 0
0.0084268 -0.227598 -0.15744 0.006 -0.225 -0.159
-4.62489e-08 1.71443e-08 -3.00824e-09 0 0 0
3.20592e-08 -1.59167e-08 -5.88228e-09 0 0 0
0.0871332 -0.329332 -0.0549179 0.08 -0.321 -0.046
4.26081e-08 7.88806e-09 2.59047e-08 0 0 0
-4.00948e-08 1.70246e-08 -1.7703e-08 0 0 0
-0.191415 0.139356 0.132063 -0.17 0.145 0.131
1.28842e-08 -1.68242e-08 -5.16523e-09 0 0 0
-2.78959e-08 -1.06049e-08 2.81214e-08 0 0 0
0.0947619 0.319801 0.285705 0.092 0.314 0.281
5.10584e-08 -6.28924e-09 5.59425e-09 0 0 0
-1.4215e-08 3.17686e-08 -5.36326e-08 0 0 0
0.0274475 0.173434 0.131615 0.023 0.183 0.144
7.68779e-09 2.6331e-08 -1.91779e-08 0 0 0
2.04555e-08 -7.00061e-08 1.7736e-08 0 0 0
0.0774149 -0.241483 -0.152845 0.061 -0.243 -0.17
-6.80986e-08 -1.64512e-08 -1.85893e-08 0 0 0
5.54662e-08 2.03042e-08 -4.89625e-08 0 0 0
-0.120836 -0.191402 0.184275 -0.106 -0.187 0.177
-2.78997e-08 -3.79449e-08 2.35128e-09 0 0 0
2.37336e-08 5.01055e-08 -6.05892e-10 0 0 0
-0.205433 0.254689 -0.0665669 -0.205 0.258 -0.061
-6.63677e-09 -3.07529e-08 -7.41884e-09 0 0 0
-3.33484e-09 1.83003e-09 -3.67371e-08 0 0 0
0.0825141 0.156768 0.257275 0.096 0.159 0.258
-5.52337e-09 3.36868e-08 2.98974e-08 0 0 0
-3.07234e-08 3.00102e-09 2.82974e-08 0 0 0
0.289359 0.01906 0.142078 0.286 0.016 0.145
4.17669e-08 -3.21398e-08 -1.83989e-08 0 0 0
-2.84355e-08 3.7275e-08 1.24972e-08 0 0 0
0.338908 -0.215778 -0.213679 0.337 -0.225 -0.227
3.98205e-08 4.76396e-08 -5.8361e-08 0 0 0
4.99558e-08 -1.40554e-08 4.33779e-08 0 0 0
0.180555 -0.126312 -0.288357 0.184 -0.12 -0.278
4.90568e-08 -1.32056e-08 -2.37219e-08 0 0 0
-1.41057e-08 4.04991e-08 -3.04983e-08 0 0 0
-0.0215523 -0.139051 0.298978 -0.026 -0.144 0.304
5.41636e-08 -2.08957e-08 -2.38379e-08 0 0 0
-1.1959e-08 -3.70425e-08 9.72787e-09 0 0 0
0.158332 0.13683 0.11952 0.163 0.144 0.108
-5.13624e-08 1.46081e-08 -2.20426e-08 0 0 0
3.67131e-09 -5.63543e-09 7.86666e-09 0 0 0
-0.0181489 0.341034 -0.0270953 -0.023 0.352 -0.029
2.74408e-08 2.50517e-08 2.66856e-08 0 0 0
-8.39536e-09 -2.7716e-08 -4.43674e-08 0 0 0
-0.0203562 -0.0838168 -0.156601 -0.02 -0.083 -0.144
3.70635e-08 6.84767e-09 5.67227e-08 0 0 0
2.06573e-08 5.51316e-08 -2.4736e-08 0 0 0
-0.368397 -0.0716904 0.0583288 -0.371 -0.067 0.06
-1.62662e-08 -5.2753e-09 -1.3955e-08 0 0 0
-1.19673e-08 1.02528e-08 -3.064e-08 0 0 0
0.214407 -0.133905 -0.266857 0.223 -0.143 -0.269
1.81903e-09 -4.51528e-08 -4.30655e-08 0 0 0
2.34358e-08 5.53439e-08 -9.87704e-09 0 0 0
0.15289 0.130561 0.221036 0.15 0.13 0.215
-2.63236e-08 3.50274e-08 5.86676e-08 0 0 0
2.66733e-08 3.80139e-08 -1.59479e-08 0 0 0
0.188223 -0.233723 0.151633 0.2 -0.222 0.217
8.08599e-09 -2.88139e-08 1.0431e-08 0 0 0
-1.77324e-08 -1.12705e-08 -3.78433e-08 0 0 0
-0.00259235 0.143588 -0.338103 -0.01 0.141 -0.332
1.86495e-08 -6.49793e-09 -1.07996e-09 0 0 0
-6.53932e-10 -2.19935e-08 2.72427e-08 0 0 0
-0.0970183 0.319903 0.127844 -0.09 0.322 0.117
2.56327e-08 -5.00299e-09 4.17834e-08 0 0 0
-1.73435e-08 1.97179e-08 -3.56111e-08 0 0 0
-0.223305 0.141856 -0.185172 -0.219 0.143 -0.19
-7.08963e-09 2.79107e-08 5.56209e-09 0 0 0
3.95372e-08 6.75801e-09 -7.18462e-09 0 0 0
0.102742 0.233319 0.0293059 0.104 0.241 0.033
6.08136e-09 5.57946e-08 3.20198e-08 0 0 0
-2.10621e-08 -5.98843e-09 -1.58782e-08 0 0 0
-0.0616531 0.264399 -0.0191096 -0.056 0.262 -0.014
-6.3285e-09 -4.10586e-09 1.47632e-08 0 0 0
-5.56433e-11 -2.1417e-08 3.50034e-08 0 0 0
0.32813 -0.131098 0.0491861 0.327 -0.133 0.055
-1.51701e-08 -4.08793e-08 2.0492e-09 0 0 0
1.75483e-08 1.82227e-08 9.70606e-09 0 0 0
0.314307 0.0436359 0.0402945 0.309 0.045 0.033
2.3507e-08 -2.54023e-08 -5.86462e-09 0 0 0
3.94896e-08 1.86775e-09 7.52475e-08 0 0 0
0.207997 -0.0296459 -0.209782 0.215 -0.042 -0.197
-2.39097e-08 -9.62005e-09 2.55711e-08 0 0 0
4.02242e-09 3.55567e-08 -1.86394e-08 0 0 0
0.10175 0.0882147 -0.19089 0.097 0.082 -0.197
-3.86019e-08 5.29901e-08 -2.23649e-08 0 0 0
3.01667e-08 -6.98213e-09 -1.29459e-08 0 0 0
0.24477 0.0754587 -0.0891877 0.237 0.086 -0.096
4.80543e-08 4.21667e-08 -2.06535e-08 0 0 0
1.79488e-08 -9.69365e-09 -4.92145e-10 0 0 0
0.261638 0.212975 0.102708 0.268 0.205 0.109
2.8736e-08 -4.86186e-08 -4.09784e-08 0 0 0
-2.15353e-08 3.751e-08 -3.77912e-08 0 0 0
0.0747685 0.253919 -0.141812 0.073 0.246 -0.129
4.84077e-09 8.33232e-09 2.5498e-08 0 0 0
-3.29807e-08 -1.85587e-08 -1.01161e-09 0 0 0
-0.0871617 0.339415 0.0908664 -0.083 0.346 0.088
3.18742e-08 -4.49526e-08 -2.46439e-08 0 0 0
3.18999e-08 -4.56333e-08 4.14383e-09 0 0 0
-0.206381 0.060925 -0.23522 -0.22 0.058 -0.228
-1.17135e-08 -1.76717e-09 -1.31166e-08 0 0 0
-1.08706e-08 8.74927e-09 7.09565e-09 0 0 0
0.283928 -0.0237901 -0.0450817 0.284 -0.021 -0.041
-1.38387e-08 1.18311e-08 2.32472e-08 0 0 0
1.93588e-08 3.19723e-08 -3.48637e-08 0 0 0
0.171173 -0.153675 -0.298074 0.172 -0.157 -0.304
-2.76973e-08 1.43612e-08 9.02934e-09 0 0 0
-5.4088e-09 3.89455e-09 -3.33483e-09 0 0 0
-0.155375 0.295891 0.0376983 -0.164 0.315 0.04
-4.28301e-08 2.06735e-08 3.98751e-08 0 0 0
-1.20334e-08 -4.07312e-08 -5.22136e-08 0 0 0
0.0661533 0.0833802 0.179083 0.079 0.076 0.188
-2.71073e-08 7.99316e-09 2.44192e-08 0 0 0
4.06832e-09 4.55413e-08 -4.66305e-09 0 0 0
-0.106746 0.280499 -0.0300696 -0.097 0.278 -0.035
7.09702e-09 -3.54066e-08 -1.47757e-08 0 0 0
6.80245e-08 5.93594e-09 5.07724e-08 0 0 0
0.118981 0.140154 -0.220393 0.113 0.146 -0.225
-3.09024e-08 -1.25478e-08 -4.40903e-09 0 0 0
-9.11119e-09 -3.02434e-09 2.81962e-08 0 0 0
0.136391 0.125588 0.161875 0.137 0.122 0.152
-3.08115e-08 5.48011e-08 -3.63403e-08 0 0 0
4.34091e-08 -2.00984e-08 7.22042e-09 0 0 0
0.0952022 0.180349 -0.181931 0.097 0.177 -0.173
3.43602e-08 2.03763e-08 -1.79052e-08 0 0 0
-3.94204e-08 6.10575e-08 -2.81069e-08 0 0 0
-0.285605 0.108097 0.161596 -0.279 0.12 0.164
-8.15113e-09 -1.06631e-08 -6.70306e-09 0 0 0
-4.73746e-09 -8.02204e-08 -6.65289e-09 0 0 0
0.194721 0.222178 0.00629945 0.185 0.216 -0.006
4.17414e-09 -2.96324e-08 -2.41417e-08 0 0 0
-4.40495e-08 2.72085e-09 8.41001e-09 0 0 0
0.152274 -0.197622 -0.0297276 0.147 -0.195 -0.017
2.23243e-08 -5.19461e-08 -5.13836e-10 0 0 0
-1.07148e-09 5.40011e-08 -3.6574e-11 0 0 0
0.0329061 -0.0558303 0.199566 0.036 -0.046 0.202
-1.80138e-08 -2.18593e-08 4.22833e-08 0 0 0
1.36916e-08 2.86572e-08 -2.8114e-09 0 0 0
-0.239656 -0.061277 0.258515 -0.25 -0.054 0.248
-1.04598e-08 -3.09508e-08 -6.94397e-08 0 0 0
2.00381e-08 -1.54545e-08 5.7052e-08 0 0 0
-0.26324 0.226089 0.00156722 -0.259 0.227 0.003
-3.86049e-08 -4.76815e-08 -4.46759e-08 0 0 0
-2.32788e-08 -7.38765e-09 2.07731e-08 0 0 0
-0.330899 0.17057 -0.0089307 -0.362 0.194 -0.035
-1.76512e-08 -5.89133e-08 -1.42454e-08 0 0 0
-7.39105e-08 3.67975e-08 3.17528e-08 0 0 0
-0.130886 0.0845602 0.211177 -0.126 0.096 0.209
-3.6109e-08 3.98814e-08 -1.23334e-08 0 0 0
-2.43296e-08 -2.3812e-08 1.38199e-08 0 0 0
0.296879 -0.000614595 -0.144478 0.301 -0.003 -0.148
1.52021e-08 3.88418e-08 -7.4139e-09 0 0 0
1.36055e-08 -1.98337e-08 9.23736e-09 0 0 0
-0.0593664 0.302002 0.0949208 -0.051 0.305 0.088
8.95752e-09 -2.85789e-08 1.45682e-08 0 0 0
1.36749e-08 4.84565e-08 -3.3477e-08 0 0 0
-0.0869492 -0.201232 0.124362 -0.074 -0.231 0.13
1.10958e-08 -3.38271e-09 -2.59288e-08 0 0 0
4.05842e-09 -4.43486e-09 -5.42649e-08 0 0 0
-0.0126367 -0.135258 0.184209 -0.017 -0.119 0.187
-4.6415e-08 -1.30299e-08 -2.38732e-08 0 0 0
4.95997e-08 2.49792e-09 2.21987e-08 0 0 0
-0.0975552 0.154296 -0.0212047 -0.097 0.16 -0.019
-3.88325e-08 -1.79615e-11 -6.0283e-08 0 0 0
7.19282e-08 3.157e-08 1.90235e-08 0 0 0
-0.0173789 -0.130616 0.159716 -0.019 -0.14 0.147
2.49115e-08 -5.41353e-08 -4.10249e-08 0 0 0
-2.64721e-08 -3.44154e-08 1.90019e-08 0 0 0
0.200652 -0.251448 -0.11849 0.199 -0.25 -0.11
1.74131e-08 4.28275e-08 1.23484e-08 0 0 0
-2.83791e-08 3.55491e-09 -1.89252e-08 0 0 0
0.259953 0.0679327 -0.04655 0.261 0.05 -0.062
-3.14097e-09 -1.29842e-08 3.54969e-08 0 0 0
1.66436e-08 5.48182e-08 2.77939e-08 0 0 0
-0.272586 0.12389 -0.136864 -0.276 0.135 -0.131
2.38245e-08 -5.11953e-09 3.83437e-08 0 0 0
-3.07085e-08 -7.59038e-09 -4.39834e-08 0 0 0
0.2693 0.0659924 -0.00113228 0.266 0.058 0.007
3.19573e-08 -5.54132e-09 3.15433e-08 0 0 0
-3.41493e-08 -5.00799e-09 -6.8883e-08 0 0 0
-0.118204 0.290749 0.259876 -0.11 0.283 0.303
-1.6324e-08 1.86594e-08 1.73901e-08 0 0 0
-2.97297e-08 -5.31573e-08 5.48745e-09 0 0 0
0.374634 0.0499742 0.00636154 0.364 0.05 0.009
-3.84197e-08 5.61171e-08 -1.4381e-08 0 0 0
4.70814e-08 -1.76824e-08 -2.82211e-08 0 0 0
-0.242429 -0.0826219 -0.222466 -0.244 -0.06 -0.237
8.91978e-09 8.98609e-10 1.26537e-08 0 0 0
-2.13646e-08 1.3247e-08 -1.43618e-08 0 0 0
0.253925 0.0696355 0.198233 0.25 0.058 0.198
5.63282e-09 8.95945e-09 4.9286e-08 0 0 0
6.64382e-09 8.53258e-09 3.24236e-08 0 0 0
0.0204932 -0.153315 -0.137398 0.018 -0.149 -0.138
1.68567e-08 1.78609e-08 -7.38269e-08 0 0 0
-2.15352e-08 -2.36682e-08 -2.96969e-08 0 0 0
-0.146093 -0.158218 -0.0700394 -0.143 -0.152 -0.083
4.35441e-09 -5.10361e-08 -9.73432e-09 0 0 0
4.73286e-09 -4.55177e-09 -2.73892e-09 0 0 0
-0.292147 0.176323 -0.0829838 -0.28 0.19 -0.074
-3.90413e-08 2.58994e-08 3.8144e-08 0 0 0
5.89406e-08 3.77106e-09 -1.79873e-08 0 0 0
-0.0991683 0.219285 -0.0953624 -0.1 0.211 -0.099
2.61845e-09 3.49907e-09 4.1711e-08 0 0 0
-7.29482e-08 -1.61929e-08 1.09101e-08 0 0 0
0.205894 0.206717 0.172178 0.21 0.209 0.165
-3.86994e-08 3.04202e-08 -1.29578e-09 0 0 0
1.97315e-08 1.35812e-08 4.08701e-09 0 0 0
-0.0909212 -0.0526438 -0.338319 -0.091 -0.048 -0.335
1.80077e-09 5.46002e-09 -1.89208e-08 0 0 0
2.06178e-09 -4.33071e-08 5.46503e-08 0 0 0
-0.0974975 -0.216325 0.168999 -0.101 -0.206 0.169
-2.97115e-08 -1.49796e-08 -1.16098e-08 0 0 0
2.1652e-08 -1.69792e-08 8.91573e-09 0 0 0
-0.039058 -0.0203702 -0.230582 -0.036 -0.026 -0.225
-5.95245e-08 2.19543e-08 -1.84478e-08 0 0 0
-1.32651e-08 1.95372e-08 -1.09447e-09 0 0 0
0.226375 0.111124 0.256659 0.218 0.118 0.253
-1.55484e-08 -3.4244e-08 5.77343e-08 0 0 0
3.73937e-08 -2.81913e-08 -3.03285e-08 0 0 0
0.164651 0.364988 0.0643633 0.173 0.389 0.061
7.46875e-09 -2.61518e-08 -6.03574e-09 0 0 0
-2.84728e-08 -3.994e-08 -1.5012e-09 0 0 0
0.122881 -0.125457 -0.0992281 0.114 -0.13 -0.116
6.69728e-08 -1.69741e-08 5.69752e-09 0 0 0
3.67464e-09 3.05702e-08 -1.23658e-08 0 0 0
0.253938 -0.00177313 -0.0729098 0.254 0.006 -0.071
-4.62691e-08 8.44443e-09 -3.09052e-08 0 0 0
5.16012e-08 6.90162e-08 -2.94049e-08 0 0 0
0.0593678 -0.258134 0.154477 0.065 -0.259 0.156
-4.14204e-09 1.03928e-08 -1.24855e-08 0 0 0
6.25484e-08 5.37296e-09 3.3723e-08 0 0 0
0.0714417 0.254451 0.0738727 0.071 0.252 0.081
-1.86422e-08 4.82377e-08 -1.56397e-09 0 0 0
6.83998e-08 -1.06487e-08 -2.30582e-08 0 0 0
-0.0198417 0.198481 0.142392 -0.018 0.207 0.156
-1.25927e-08 -1.19322e-08 -3.6911e-08 0 0 0
-2.18747e-08 3.2497e-08 1.08046e-08 0 0 0
0.285707 0.108389 -0.0712184 0.29 0.102 -0.069
3.91776e-08 -4.58445e-08 4.32926e-08 0 0 0
7.05695e-09 2.28602e-08 -3.36839e-08 0 0 0
-0.180733 -0.0637672 -0.19819 -0.201 -0.068 -0.215
3.40765e-08 -1.74474e-08 -4.9981e-08 0 0 0
-4.64515e-08 -2.51891e-08 2.70087e-08 0 0 0
0.0794966 0.112757 -0.100103 0.091 0.119 -0.085
5.69886e-09 3.16021e-09 -8.02286e-08 0 0 0
-2.16595e-08 -1.6184e-08 4.05078e-08 0 0 0
0.058889 0.0578295 0.2515 0.056 0.068 0.252
-5.80316e-09 2.62914e-08 1.75729e-08 0 0 0
-6.28183e-08 1.4905e-08 4.86783e-08 0 0 0
0.358221 -0.188153 0.139573 0.355 -0.219 0.15
-4.11021e-09 -9.25861e-09 -1.53976e-08 0 0 0
3.55456e-08 -2.68179e-08 -3.77189e-08 0 0 0
0.223814 0.202235 -0.10056 0.21 0.201 -0.094
2.06232e-09 5.99039e-08 3.02828e-08 0 0 0
4.5836e-08 1.46758e-08 -4.117e-08 0 0 0
-0.171338 0.308114 -0.0500172 -0.167 0.312 -0.054
-4.506e-08 -2.28201e-08 2.42959e-09 0 0 0
1.16374e-08 4.16376e-08 -2.49271e-08 0 0 0
0.189752 0.277186 0.10536 0.192 0.268 0.102
-3.80359e-08 1.90464e-08 4.43955e-08 0 0 0
-1.36651e-08 -4.03378e-08 2.27132e-08 0 0 0
-0.0421005 0.203755 -0.21748 -0.035 0.208 -0.211
-1.05538e-08 3.94342e-08 9.55141e-09 0 0 0
-3.4339e-08 -5.92322e-09 2.04972e-08 0 0 0
0.116217 -0.0223037 0.129122 0.115 -0.032 0.131
2.72708e-08 -5.55071e-11 -1.94579e-08 0 0 0
6.67855e-09 -2.76991e-08 7.01524e-08 0 0 0
0.0820652 0.127524 0.268575 0.07 0.131 0.273
3.73698e-09 3.54907e-09 -7.06195e-09 0 0 0
8.89262e-09 5.56394e-08 -4.07146e-08 0 0 0
0.234822 -0.0956043 0.0106493 0.23 -0.085 -0.002
-1.02589e-08 -1.07706e-08 -1.05101e-08 0 0 0
-4.00495e-08 2.75866e-09 7.31902e-08 0 0 0
-0.103451 0.192169 -0.158725 -0.117 0.188 -0.15
1.70419e-08 -2.0123e-08 -1.79833e-08 0 0 0
4.51055e-08 -1.68656e-08 9.60712e-09 0 0 0
0.106323 -0.0663433 -0.118725 0.104 -0.079 -0.118
8.40167e-09 -4.32445e-08 -4.47717e-08 0 0 0
-2.96027e-08 -4.88192e-09 1.80318e-08 0 0 0
0.303954 -0.0779989 -0.142234 0.297 -0.097 -0.127
-2.2459e-08 3.91121e-08 4.19702e-08 0 0 0
6.01911e-09 -4.04272e-08 -2.77483e-08 0 0 0
0.0769768 0.198586 -0.130267 0.078 0.202 -0.153
6.09756e-08 -3.60285e-09 -1.00665e-08 0 0 0
-1.53349e-09 7.08475e-08 1.64962e-08 0 0 0
0.0484263 0.235389 -0.0510382 0.059 0.226 -0.033
2.8679e-08 9.28788e-09 1.89416e-08 0 0 0
4.38592e-08 5.20009e-09 3.4878e-08 0 0 0
-0.0789541 0.243073 -0.141625 -0.075 0.246 -0.143
-6.35419e-09 -1.84936e-08 -3.79331e-09 0 0 0
3.07168e-09 3.19525e-08 2.81192e-08 0 0 0
-0.22313 0.183824 -0.00552521 -0.23 0.191 -0.023
7.45477e-09 3.85968e-11 -3.35485e-08 0 0 0
-4.50765e-08 4.34345e-10 9.67364e-09 0 0 0
0.230285 0.127901 -0.173294 0.239 0.11 -0.167
2.59586e-08 -5.07382e-08 1.92697e-08 0 0 0
1.65414e-08 6.35743e-08 -9.78323e-09 0 0 0
0.0429193 -0.163982 -0.279306 0.027 -0.165 -0.274
2.70678e-08 -2.14484e-08 -2.6682e-09 0 0 0
2.11294e-08 8.6101e-09 1.76894e-08 0 0 0
-0.365932 0.0669554 0.17228 -0.362 0.07 0.174
-1.06712e-08 -2.82232e-08 -6.95426e-08 0 0 0
-1.87202e-09 2.39984e-09 3.14347e-08 0 0 0
0.259989 0.0969726 0.23733 0.256 0.092 0.231
-1.61751e-08 1.00935e-08 2.19811e-08 0 0 0
-3.3718e-08 -5.33928e-10 1.34922e-08 0 0 0
0.103228 0.173516 -0.185954 0.108 0.169 -0.184
-3.97244e-09 -2.1831e-08 -3.78238e-08 0 0 0
7.25949e-09 2.50014e-08 -1.38613e-08 0 0 0
0.214547 0.105241 0.150383 0.213 0.117 0.161
-3.51661e-11 -2.58251e-08 -3.13071e-08 0 0 0
-6.20463e-08 -1.50155e-08 -1.70197e-09 0 0 0
0.127812 -0.00207891 0.126455 0.128 -0.012 0.147
8.99759e-08 1.1783e-08 -3.11538e-08 0 0 0
3.77203e-08 -8.44406e-08 7.91924e-09 0 0 0
0.0367508 0.159035 0.153552 0.044 0.157 0.15
-9.20521e-09 -3.27744e-09 -1.96116e-08 0 0 0
1.86811e-08 1.77491e-08 -5.97934e-08 0 0 0
-0.135899 0.112028 0.223466 -0.127 0.111 0.221
3.76351e-09 1.68926e-09 2.5582e-08 0 0 0
-2.64555e-08 4.47648e-09 -3.57301e-08 0 0 0
0.127685 0.17389 -0.065532 0.134 0.178 -0.056
1.80769e-08 -1.36919e-08 -1.49466e-09 0 0 0
-2.73456e-08 5.13329e-08 -8.07512e-10 0 0 0
0.0856472 -0.156804 -0.121088 0.092 -0.159 -0.119
1.66296e-08 -1.48572e-08 3.0565e-08 0 0 0
-1.06904e-08 -2.04374e-08 1.57968e-08 0 0 0
0.249129 0.0813618 0.30139 0.24 0.082 0.305
-4.63129e-08 2.00187e-09 1.26663e-08 0 0 0
3.84083e-09 2.61269e-08 -1.36652e-08 0 0 0
0.0718541 0.19991 0.234392 0.075 0.195 0.232
-1.46279e-08 7.2601e-08 9.19916e-09 0 0 0
3.52368e-08 -3.84221e-08 2.68791e-08 0 0 0
-0.061547 0.105004 -0.156688 -0.061 0.116 -0.178
1.48953e-08 -3.71827e-08 -2.6188e-09 0 0 0
-4.5385e-08 -1.70231e-08 -1.99615e-08 0 0 0
-0.195808 0.0987191 0.175392 -0.203 0.103 0.165
1.19955e-08 1.40742e-08 -4.65358e-08 0 0 0
4.37829e-08 -1.78703e-08 6.61756e-08 0 0 0
-0.131544 0.13492 0.104093 -0.122 0.116 0.115
-4.31135e-08 7.85867e-08 -1.59925e-09 0 0 0
-2.02646e-08 -5.38639e-08 2.52052e-08 0 0 0
0.0674891 0.313638 0.151852 0.07 0.311 0.151
2.36972e-08 2.97251e-08 3.57728e-08 0 0 0
-1.17926e-08 1.53804e-08 -4.68354e-08 0 0 0
-0.241414 0.288157 0.0644823 -0.243 0.295 0.078
-3.28912e-08 -2.162e-08 3.53436e-09 0 0 0
-5.47634e-08 9.85356e-08 -6.87885e-08 0 0 0
-0.256853 -0.0563821 -0.0601762 -0.246 -0.059 -0.061
-5.63581e-09 -3.23583e-09 5.86288e-09 0 0 0
-3.25276e-09 -1.79562e-08 -3.32393e-08 0 0 0
-0.0568898 -0.158765 0.193475 -0.059 -0.148 0.192
3.83264e-08 -2.14453e-08 -7.58914e-10 0 0 0
-8.47943e-08 -3.68775e-08 1.69634e-10 0 0 0
-0.107919 0.259244 0.0366459 -0.116 0.251 0.018
9.13318e-09 -7.55906e-10 2.60727e-08 0 0 0
-3.33524e-08 1.20336e-08 -7.3829e-08 0 0 0
-0.0527805 -0.150278 0.133956 -0.027 -0.177 0.142
-1.13862e-08 1.2496e-08 -3.59477e-08 0 0 0
-1.02127e-09 -1.10741e-08 -1.41241e-08 0 0 0
0.122825 -0.118738 -0.178849 0.125 -0.131 -0.192
-2.60707e-08 -5.66365e-08 2.7165e-08 0 0 0
3.14048e-08 -9.1427e-09 -4.44837e-08 0 0 0
0.141263 0.185133 0.095364 0.143 0.184 0.078
8.19081e-09 4.04399e-08 1.02161e-08 0 0 0
-1.16099e-09 3.58051e-08 3.69739e-08 0 0 0
-0.153548 0.183254 -0.176295 -0.161 0.195 -0.18
-4.13293e-08 2.20364e-08 3.31435e-08 0 0 0
-1.0778e-08 1.44491e-08 -1.75745e-08 0 0 0
0.160153 0.153552 -0.0796365 0.16 0.162 -0.071
1.06927e-08 2.74816e-08 3.888e-08 0 0 0
-3.61314e-09 5.4666e-08 -1.83514e-08 0 0 0
0.119113 0.229367 0.228171 0.14 0.228 0.231
3.41857e-09 -5.44434e-08 3.31588e-08 0 0 0
-3.24763e-08 1.65805e-08 4.19336e-08 0 0 0
0.161725 0.188685 -0.0624644 0.162 0.178 -0.084
3.48493e-08 -8.37085e-09 -3.26085e-08 0 0 0
4.41125e-08 4.81026e-08 5.21439e-08 0 0 0
-0.265855 -0.0110095 0.153564 -0.268 -0.007 0.14
-1.23246e-08 2.84482e-08 3.25007e-08 0 0 0
-1.01282e-08 -2.89641e-08 -3.2356e-08 0 0 0
0.25702 -0.0902624 0.170931 0.236 -0.093 0.177
-1.05117e-08 2.52592e-08 3.69968e-08 0 0 0
2.12236e-08 3.19423e-08 3.74945e-09 0 0 0
-0.163467 -0.0345943 -0.345739 -0.158 -0.036 -0.349
3.56226e-08 -1.44994e-08 2.93972e-08 0 0 0
-2.21009e-08 1.07982e-08 7.07007e-09 0 0 0
-0.0507534 -0.218427 -0.223949 -0.047 -0.21 -0.22
-3.1447e-08 3.37509e-08 1.49837e-08 0 0 0
3.52621e-08 -4.10745e-08 -4.09533e-09 0 0 0
-0.197798 0.137251 0.0322995 -0.207 0.131 0.041
3.08029e-08 1.41142e-08 7.31895e-09 0 0 0
-6.28565e-11 5.20885e-08 -3.58619e-08 0 0 0
0.0289689 0.281153 0.0607829 0.021 0.281 0.047
-4.55487e-10 2.88764e-08 7.68492e-08 0 0 0
1.25627e-08 -7.82826e-09 -1.27754e-08 0 0 0
-0.0178994 0.259738 0.259888 -0.015 0.247 0.251
-2.5737e-09 3.97988e-08 1.20366e-09 0 0 0
1.72166e-09 -1.38698e-08 -2.31882e-09 0 0 0
-0.0662369 -0.0822809 -0.317195 -0.063 -0.085 -0.296
-4.93826e-08 -2.6059e-08 -9.49117e-10 0 0 0
-2.15862e-08 -5.85962e-08 -8.33998e-09 0 0 0
-0.0985001 -0.171093 0.293735 -0.098 -0.163 0.293
-2.17972e-09 8.30427e-09 -5.54586e-10 0 0 0
-2.82908e-08 3.34887e-08 -3.80662e-08 0 0 0
-0.0633451 0.0437461 -0.0729858 -0.054 0.047 -0.069
-9.42121e-09 4.90367e-09 -1.35091e-08 0 0 0
1.08021e-08 3.93836e-08 -4.87623e-08 0 0 0
0.15629 0.0143638 0.224307 0.157 0.027 0.224
2.2044e-08 -4.82179e-08 1.46039e-08 0 0 0
4.80216e-08 -2.56455e-08 -1.87741e-08 0 0 0
0.191031 0.183892 0.0628538 0.187 0.193 0.062
-2.18095e-08 -7.45686e-09 -5.46537e-08 0 0 0
2.04205e-08 -6.60516e-08 2.95142e-08 0 0 0
0.211862 -0.0342876 -0.158919 0.209 -0.034 -0.148
-3.41136e-08 9.6387e-09 -3.25534e-08 0 0 0
2.88191e-08 5.85896e-09 -1.31502e-09 0 0 0
0.100077 -0.0796277 0.0725548 0.086 -0.077 0.077
2.47032e-08 -2.66809e-08 -6.63612e-08 0 0 0
1.82573e-08 1.79411e-08 2.18006e-08 0 0 0
0.149592 -0.16 0.253979 0.162 -0.167 0.23
-2.49381e-08 -4.0857e-08 -1.30808e-08 0 0 0
4.09709e-09 3.08432e-08 3.07764e-08 0 0 0
0.0299889 0.263854 0.100894 0.01 0.276 0.116
-2.63194e-09 3.29426e-08 -4.03415e-08 0 0 0
7.52932e-08 -2.77397e-08 6.06474e-09 0 0 0
-0.0687053 0.344261 -0.0236741 -0.067 0.347 -0.028
-1.3123e-08 6.16671e-09 -6.8116e-08 0 0 0
2.66853e-08 -2.47978e-09 4.59044e-08 0 0 0
0.251868 0.0335513 0.0301438 0.234 0.017 0.009
3.9337e-08 -2.08735e-08 3.87452e-08 0 0 0
-4.33503e-08 2.13895e-08 3.15279e-12 0 0 0
0.418288 -0.0379421 0.0681564 0.43 -0.035 0.061
1.42742e-08 -2.67738e-08 -3.83826e-08 0 0 0
3.31748e-08 6.63221e-08 -4.30092e-08 0 0 0
0.228682 0.21669 -0.0738357 0.221 0.217 -0.057
1.24066e-09 3.60206e-08 2.43293e-08 0 0 0
2.60808e-08 2.96574e-08 3.77412e-08 0 0 0
0.067111 0.0924238 0.0461348 0.064 0.136 0.053
-2.88818e-08 3.34657e-09 3.95617e-08 0 0 0
8.99629e-08 3.72532e-08 -4.2626e-08 0 0 0
0.194766 -0.234855 0.0742911 0.21 -0.225 0.082
4.44164e-08 2.39228e-08 -4.56685e-08 0 0 0
-5.3377e-09 -3.79896e-08 -4.39277e-08 0 0 0
0.253173 0.0998415 -0.0102435 0.265 0.103 -0.001
1.53887e-08 -1.50748e-08 9.90565e-09 0 0 0
1.17833e-08 8.60076e-09 -4.07559e-08 0 0 0
-0.275806 -0.0505317 0.0885205 -0.283 -0.049 0.098
-1.71154e-08 2.20243e-08 1.4573e-08 0 0 0
2.10979e-08 2.88502e-08 -3.06486e-08 0 0 0
0.155325 0.158402 0.143178 0.143 0.162 0.141
1.95326e-08 -4.85756e-08 -2.29424e-09 0 0 0
9.36404e-09 3.56092e-08 1.80208e-08 0 0 0
-0.0929901 0.156986 0.130801 -0.108 0.166 0.12
-7.88163e-09 2.63714e-08 4.27906e-08 0 0 0
4.15669e-10 1.06986e-08 5.71044e-09 0 0 0
0.3097 0.0379587 0.18168 0.318 0.035 0.203
-2.25838e-08 -3.4861e-08 1.4719e-08 0 0 0
-1.13123e-08 -2.89058e-08 9.16536e-09 0 0 0
0.117136 0.139817 0.267738 0.114 0.141 0.284
-2.19726e-08 -8.82752e-10 8.24893e-09 0 0 0
1.31723e-08 3.08207e-08 1.17569e-08 0 0 0
0.316192 -0.134101 -0.0695574 0.289 -0.136 -0.077
-1.32076e-08 -1.18351e-08 3.78744e-08 0 0 0
4.16802e-08 -5.237e-08 -4.32626e-08 0 0 0
-0.0151488 0.0910981 -0.189181 -0.022 0.087 -0.21
-8.51714e-09 -1.83534e-08 1.2153e-08 0 0 0
4.30385e-08 1.99296e-08 -3.04741e-08 0 0 0
0.128312 -0.078467 -0.314145 0.131 -0.092 -0.305
-2.35959e-08 -3.96868e-08 1.5997e-08 0 0 0
1.35988e-08 -1.67947e-08 -4.28624e-08 0 0 0
0.179615 -0.189181 -0.0178795 0.17 -0.194 -0.003
3.10954e-08 6.68017e-09 -1.08568e-08 0 0 0
2.93511e-08 -5.54686e-08 -2.5982e-08 0 0 0
0.129037 0.186776 -0.0479828 0.134 0.182 -0.045
5.25974e-09 4.34704e-08 3.25902e-09 0 0 0
-2.08495e-08 -2.40762e-08 -3.64496e-08 0 0 0
0.200039 0.201542 -0.0350154 0.203 0.202 -0.033
5.2982e-08 4.04864e-09 1.55345e-08 0 0 0
-2.09772e-09 -8.3746e-09 -3.95498e-08 0 0 0
-0.164246 0.14965 -0.229405 -0.14 0.157 -0.234
-9.53134e-09 1.86745e-08 7.46829e-10 0 0 0
-7.26069e-08 4.21428e-08 9.48809e-10 0 0 0
-0.238276 0.156648 -0.114547 -0.24 0.146 -0.122
2.02916e-08 -3.18135e-08 -2.57506e-08 0 0 0
-1.66597e-08 -6.77877e-09 2.78261e-08 0 0 0
0.228283 0.18856 -0.204521 0.206 0.18 -0.207
-2.50225e-08 -1.24565e-08 1.35949e-08 0 0 0
-3.28986e-08 2.76015e-09 -1.34021e-09 0 0 0
0.0216069 -0.13616 -0.405099 0.021 -0.14 -0.418
3.06556e-08 -4.25496e-08 5.14631e-08 0 0 0
-2.10108e-08 8.80922e-09 2.46977e-08 0 0 0
-0.277067 -0.0106205 -0.131347 -0.271 -0.032 -0.117
-5.21283e-08 4.32285e-08 -3.32242e-08 0 0 0
-3.93938e-08 1.47131e-08 1.86084e-08 0 0 0
0.300264 0.057967 0.109629 0.313 0.041 0.102
-1.8093e-08 -5.50309e-08 1.96488e-08 0 0 0
-3.39159e-08 1.18116e-08 -4.07519e-08 0 0 0
0.181062 0.20349 -0.0492444 0.178 0.205 -0.041
-1.60195e-08 3.94838e-09 -5.8311e-08 0 0 0
2.4661e-08 3.63541e-08 -5.33976e-09 0 0 0
0.291194 -0.131406 0.0365676 0.287 -0.121 0.049
-6.78248e-09 -1.41699e-08 1.01505e-08 0 0 0
1.6204e-08 5.88203e-09 3.36653e-08 0 0 0
0.12227 -0.175585 0.124617 0.124 -0.192 0.119
6.29737e-08 -3.07016e-08 1.90756e-08 0 0 0
6.61085e-08 1.15984e-08 -3.66254e-08 0 0 0
-0.00339966 0.25273 -0.0509711 0.001 0.236 -0.04
7.43591e-09 -1.06663e-08 2.26776e-08 0 0 0
4.79218e-08 -3.37866e-09 3.4556e-08 0 0 0
-0.173152 0.0060309 0.18666 -0.157 -0.014 0.16
-3.13313e-08 4.68574e-08 7.75011e-09 0 0 0
-7.41741e-08 -4.13928e-08 3.92681e-08 0 0 0
0.0933635 0.166769 -0.198011 0.097 0.17 -0.189
-2.47602e-08 -1.29966e-09 4.04011e-08 0 0 0
4.0888e-08 -4.49461e-08 2.44836e-09 0 0 0
0.055788 -0.26002 -0.155788 0.071 -0.263 -0.156
4.96044e-08 -1.27346e-08 4.30625e-08 0 0 0
-2.33462e-08 -6.48593e-08 -1.35766e-08 0 0 0
0.227892 -0.07829 0.242483 0.227 -0.077 0.243
1.66102e-08 4.31746e-08 -5.29968e-09 0 0 0
-1.99342e-08 1.92883e-08 4.62396e-08 0 0 0
-0.0709312 0.264598 0.181784 -0.063 0.264 0.198
-1.27803e-08 2.99063e-08 5.3142e-08 0 0 0
2.10533e-08 -1.79121e-08 8.29613e-09 0 0 0
-0.162973 0.0923943 -0.16382 -0.163 0.085 -0.171
2.79248e-09 2.40323e-08 1.23727e-08 0 0 0
-2.10055e-08 -4.88373e-09 6.44828e-09 0 0 0
-0.261741 0.0187155 0.273831 -0.26 0.009 0.254
-1.61957e-09 -3.41969e-08 3.10468e-08 0 0 0
5.18398e-08 1.76814e-08 2.57252e-08 0 0 0
-0.129247 0.0606807 0.0552613 -0.135 0.064 0.065
-1.67171e-08 -4.05366e-09 5.14427e-09 0 0 0
-1.02681e-08 -4.23348e-09 2.83643e-08 0 0 0
0.120059 0.240645 -0.0830122 0.128 0.263 -0.08
-4.82694e-08 9.15351e-09 8.74741e-09 0 0 0
-2.06087e-08 1.97551e-08 3.12185e-09 0 0 0
-0.167935 0.186731 -0.18805 -0.175 0.183 -0.183
-8.29694e-09 1.40713e-08 3.4462e-09 0 0 0
-1.6203e-08 4.65911e-08 2.82087e-08 0 0 0
-0.114098 0.274588 -0.0434194 -0.115 0.277 -0.039
-1.07631e-08 -5.47738e-09 4.06453e-08 0 0 0
3.29931e-08 -3.63493e-08 6.03242e-09 0 0 0
-0.0427375 -0.154458 0.234791 -0.045 -0.142 0.232
-2.44194e-08 -1.68386e-08 4.76686e-08 0 0 0
2.45394e-08 1.94082e-08 3.55598e-08 0 0 0
-0.0299938 0.199054 -0.0144524 -0.024 0.2 -0.025
4.73512e-08 1.23408e-09 -3.24049e-09 0 0 0
-5.48024e-08 5.69787e-08 -2.71349e-08 0 0 0
-0.190091 -0.209383 0.168502 -0.189 -0.189 0.15
5.85778e-09 -9.70859e-09 3.08406e-08 0 0 0
-1.68302e-08 -2.87685e-08 -8.03402e-08 0 0 0
0.0728436 0.159462 -0.0922703 0.067 0.156 -0.091
2.46969e-08 -1.201e-08 -2.85454e-08 0 0 0
-6.13171e-08 7.4448e-09 -5.6639e-08 0 0 0
0.139878 0.0764428 -0.175647 0.133 0.075 -0.173
3.61845e-08 -9.0209e-09 -1.79532e-09 0 0 0
-1.20425e-08 1.27494e-08 6.06206e-08 0 0 0
-0.192759 -0.138732 0.226198 -0.187 -0.122 0.224
-1.35978e-08 -3.49547e-08 -1.72147e-09 0 0 0
2.22634e-08 -3.72759e-08 -3.7061e-08 0 0 0
0.213387 0.130572 -0.257831 0.215 0.124 -0.254
1.77407e-09 4.90781e-09 -7.53802e-08 0 0 0
1.28243e-08 -1.12075e-08 7.96717e-09 0 0 0
0.0905446 0.227392 0.0744194 0.094 0.231 0.064
-2.0208e-08 5.31405e-08 2.00806e-09 0 0 0
3.57809e-08 3.7382e-08 -1.17793e-09 0 0 0
0.105575 0.19161 -0.0740952 0.115 0.191 -0.065
3.20791e-08 -6.02504e-08 1.63781e-08 0 0 0
-4.08172e-08 2.23161e-08 -1.8926e-08 0 0 0
-0.285103 0.0203509 -0.00736764 -0.278 0.022 -0.015
-9.27351e-09 -5.21715e-08 2.15192e-08 0 0 0
-7.0762e-08 -1.83207e-08 3.31381e-08 0 0 0
0.186101 -0.0382233 0.212082 0.192 -0.031 0.203
-3.38004e-08 3.63303e-08 2.9508e-08 0 0 0
6.34701e-08 2.41602e-08 -1.68979e-08 0 0 0
-0.108106 0.0174576 -0.223268 -0.101 -0.009 -0.229
-1.18391e-08 -3.22496e-08 -5.79484e-08 0 0 0
-3.1222e-08 -2.9972e-08 7.01936e-09 0 0 0
-0.00901054 -0.293032 -0.0909644 -0.005 -0.287 -0.098
8.69254e-09 -1.75532e-08 -2.56776e-08 0 0 0
6.22559e-08 3.46483e-09 3.7508e-08 0 0 0
-0.106904 0.122666 -0.226863 -0.101 0.127 -0.219
-3.15805e-08 4.09698e-08 -4.63926e-08 0 0 0
-2.33016e-08 2.68827e-08 2.7249e-08 0 0 0
-0.0643933 0.359273 0.0336308 -0.063 0.346 0.037
4.11894e-09 -3.64313e-08 1.96406e-08 0 0 0
1.24527e-08 -1.02828e-08 4.37769e-08 0 0 0
0.0281232 0.217309 0.019757 0.033 0.223 0.011
2.84178e-08 -1.80535e-09 3.31798e-08 0 0 0
-5.76967e-08 7.40727e-08 9.69495e-09 0 0 0
-0.0780741 -0.167113 -0.249007 -0.067 -0.174 -0.247
3.45286e-08 2.03531e-09 1.61252e-08 0 0 0
4.34066e-09 2.22589e-08 -3.82021e-08 0 0 0
-0.0612465 -0.27112 0.0953627 -0.087 -0.254 0.089
2.41975e-08 4.08061e-08 2.78342e-08 0 0 0
-3.31028e-08 -4.70641e-08 1.20083e-08 0 0 0
-0.258828 0.130267 -0.218974 -0.268 0.119 -0.215
-2.17363e-08 -1.09457e-08 -3.16332e-08 0 0 0
-3.08091e-08 5.27593e-08 -1.2686e-08 0 0 0
0.0610323 0.0163098 0.308461 0.063 0.011 0.319
-8.30696e-09 1.25838e-08 7.80527e-09 0 0 0
4.31668e-09 2.25708e-08 -3.61695e-08 0 0 0
0.139774 -0.238001 0.0409925 0.131 -0.242 0.035
-4.80326e-08 -3.32738e-08 6.57454e-09 0 0 0
2.18272e-08 -2.50182e-08 1.57276e-08 0 0 0
0.103612 -0.115846 -0.152926 0.102 -0.116 -0.15
4.67423e-08 2.99687e-09 -7.06784e-08 0 0 0
4.90034e-08 -1.57393e-08 1.63435e-08 0 0 0
0.253931 -0.203162 0.0245978 0.256 -0.205 0.031
-4.32565e-08 -1.28206e-08 -3.4784e-08 0 0 0
2.97234e-08 2.41358e-08 -4.54281e-08 0 0 0
0.333272 -0.0554532 0.183562 0.326 -0.052 0.164
-2.74976e-08 7.08135e-08 -1.22557e-08 0 0 0
-2.45374e-08 1.65256e-08 3.5579e-08 0 0 0
0.327723 -0.0362292 -0.019405 0.328 -0.034 -0.009
2.64104e-08 2.75904e-08 -1.09398e-08 0 0 0
-1.08037e-08 2.2614e-08 -3.91437e-08 0 0 0
0.228659 0.0978943 -0.216434 0.228 0.095 -0.217
5.18474e-08 4.72229e-08 -6.96744e-08 0 0 0
-3.17314e-08 4.475e-08 8.33979e-09 0 0 0
0.128876 0.177272 0.0732612 0.117 0.159 0.072
2.02932e-08 2.09734e-08 2.75803e-08 0 0 0
3.18738e-08 3.15046e-08 -1.35714e-08 0 0 0
-0.0473463 0.248211 -0.160897 -0.039 0.263 -0.154
-3.48357e-08 2.36504e-08 2.69179e-08 0 0 0
7.56141e-08 -7.01067e-08 -1.67202e-08 0 0 0
-0.0453057 0.145962 -0.168771 -0.042 0.132 -0.16
-1.044e-08 -2.73354e-08 2.8044e-09 0 0 0
-6.54369e-09 -2.22696e-09 -1.34219e-08 0 0 0
0.245613 0.0866558 0.171843 0.25 0.075 0.177
-9.26681e-09 1.50703e-08 -1.56637e-08 0 0 0
-4.52323e-08 -3.3702e-08 1.70869e-09 0 0 0
0.168522 -0.0365482 0.187512 0.175 -0.044 0.179
-1.70327e-08 1.60963e-08 -3.5359e-08 0 0 0
2.93966e-08 -4.022e-08 6.55315e-08 0 0 0
-0.00638823 0.0675892 -0.288454 -0.011 0.075 -0.279
2.66358e-08 -5.42034e-08 -1.32535e-08 0 0 0
3.01521e-08 -2.84434e-08 -5.04061e-08 0 0 0
-0.125891 0.305097 -0.00702171 -0.125 0.304 -0.011
1.9926e-08 2.8847e-08 -2.78262e-08 0 0 0
-2.7051e-08 -2.12143e-08 -1.57526e-08 0 0 0
0.220236 0.158114 0.129043 0.237 0.146 0.118
3.57602e-08 -4.00277e-08 2.26057e-09 0 0 0
-2.92035e-08 6.69454e-08 -1.3412e-09 0 0 0
-0.121056 0.186462 -0.107038 -0.132 0.2 -0.105
-1.76387e-08 -4.32545e-08 5.12587e-10 0 0 0
1.0655e-08 -2.67189e-08 1.93997e-08 0 0 0
-0.0620775 0.222813 0.347601 -0.048 0.226 0.335
2.96863e-10 1.41229e-08 -3.41373e-08 0 0 0
-5.00846e-08 -1.36822e-08 3.65721e-10 0 0 0
0.235909 0.0319081 0.223278 0.236 0.035 0.221
2.11058e-08 -7.16522e-09 -1.67634e-08 0 0 0
2.33682e-08 3.45759e-08 -1.87805e-08 0 0 0
0.212054 -0.064748 -0.0459414 0.211 -0.057 -0.053
-5.35014e-09 -4.32278e-08 -2.11086e-08 0 0 0
6.05925e-08 1.79864e-08 4.8356e-08 0 0 0
0.189038 -0.0179725 -0.191655 0.174 -0.015 -0.202
7.14248e-09 6.28609e-08 -1.03118e-08 0 0 0
1.95642e-08 -6.48789e-08 1.94297e-08 0 0 0
0.196269 -0.0405172 -0.25671 0.214 -0.028 -0.246
3.91759e-09 1.70097e-08 3.25955e-08 0 0 0
-3.79243e-09 -4.65969e-09 -3.09681e-08 0 0 0
0.152818 -0.126257 -0.0273604 0.166 -0.12 -0.023
2.6182e-08 -4.74979e-08 -1.24906e-08 0 0 0
-5.98481e-10 -4.16792e-08 -4.49915e-08 0 0 0
0.244839 0.153939 -0.0502595 0.239 0.156 -0.055
-5.61495e-08 1.96975e-08 -1.00168e-08 0 0 0
-1.67663e-08 2.40027e-08 2.51894e-08 0 0 0
0.104362 0.210573 -0.0630231 0.105 0.218 -0.05
5.89568e-09 4.53487e-08 -3.2437e-08 0 0 0
1.77303e-08 -2.33414e-08 9.42128e-09 0 0 0
-0.170786 0.241306 -0.243076 -0.166 0.242 -0.252
-1.21058e-08 -4.79259e-08 -7.82214e-09 0 0 0
-8.12451e-09 4.48371e-11 -9.814e-08 0 0 0
-0.0588816 -0.228808 -0.0462485 -0.063 -0.235 -0.043
6.27913e-08 4.39686e-08 1.77952e-08 0 0 0
-3.06811e-08 -1.0503e-08 4.00356e-08 0 0 0
0.199985 -0.0811767 -0.18167 0.188 -0.079 -0.18
3.44271e-08 -4.5624e-08 -4.33451e-08 0 0 0
7.02253e-09 2.23385e-08 3.51e-09 0 0 0
-0.175169 0.245979 -0.101112 -0.17 0.233 -0.091
-1.99695e-08 -1.85327e-08 4.48016e-09 0 0 0
2.73661e-09 2.40488e-09 2.7686e-08 0 0 0
-0.230949 -0.0551534 -0.119223 -0.225 -0.056 -0.117
-3.03156e-08 6.06983e-08 -3.20582e-09 0 0 0
4.68786e-09 -1.77539e-08 2.707e-08 0 0 0
-0.216928 0.100695 0.190886 -0.225 0.103 0.19
-7.15853e-08 -1.37219e-08 6.50526e-09 0 0 0
2.89944e-08 3.71899e-08 3.37763e-08 0 0 0
0.196224 0.0231538 -0.219805 0.205 0.026 -0.223
-1.41669e-08 -2.2838e-08 2.15969e-08 0 0 0
1.43031e-08 -1.27112e-08 6.76255e-09 0 0 0
0.286331 -0.260334 -0.115892 0.272 -0.272 -0.131
2.50674e-08 -1.31219e-08 7.50032e-09 0 0 0
8.51117e-09 8.00685e-08 1.95563e-08 0 0 0
0.134057 -0.0836844 0.195723 0.133 -0.092 0.187
1.06228e-08 -1.39779e-08 -9.22413e-10 0 0 0
2.02206e-08 -5.2084e-08 -1.00528e-08 0 0 0
0.268554 0.126267 0.0271107 0.269 0.117 0.035
2.88454e-08 2.48742e-08 -2.72191e-08 0 0 0
-2.00867e-09 4.75252e-08 8.9732e-09 0 0 0
-0.225898 -0.190934 0.167105 -0.209 -0.188 0.184
-3.08744e-08 2.05967e-08 -2.43117e-08 0 0 0
2.80935e-08 -5.11805e-09 1.63648e-08 0 0 0
0.254053 0.111873 0.0767388 0.266 0.107 0.075
2.02766e-08 -3.13937e-09 3.91224e-09 0 0 0
-4.10861e-08 3.1242e-08 -1.55897e-08 0 0 0
0.076143 -0.263863 -0.0856889 0.087 -0.246 -0.102
3.78928e-08 1.60059e-08 -6.04888e-09 0 0 0
-8.90046e-09 2.92871e-08 1.50829e-08 0 0 0
0.221752 0.0420396 0.182445 0.218 0.042 0.18
-4.54045e-08 -8.95798e-09 -1.84932e-08 0 0 0
-2.19639e-08 1.08966e-08 2.18197e-08 0 0 0
0.128582 0.170531 -0.00642548 0.146 0.185 -0.011
-4.61199e-09 3.34381e-08 2.75599e-08 0 0 0
2.93721e-08 -6.18378e-09 3.06507e-08 0 0 0
-0.109727 0.19443 -0.148211 -0.117 0.197 -0.138
3.69894e-08 4.86615e-08 -1.83755e-08 0 0 0
-9.19493e-09 -2.04405e-08 5.51482e-09 0 0 0
-0.0273884 0.108078 -0.195829 -0.035 0.12 -0.199
1.08595e-08 2.03141e-08 7.89119e-09 0 0 0
2.91301e-08 -2.37522e-08 2.07228e-08 0 0 0
-0.00120843 0.247545 -0.0469382 -0.012 0.265 -0.064
2.45801e-08 -5.27956e-09 -1.09819e-08 0 0 0
-2.79306e-08 -2.30041e-08 6.45122e-09 0 0 0
0.1673 0.233112 -0.229987 0.177 0.22 -0.222
2.12902e-08 3.48388e-08 -4.53703e-08 0 0 0
-1.26231e-08 7.0882e-09 6.38921e-09 0 0 0
0.167529 0.214054 0.0736705 0.168 0.217 0.075
-8.29748e-08 1.58097e-08 1.20936e-09 0 0 0
4.82522e-08 -8.60476e-09 -1.54544e-08 0 0 0
-0.158039 -0.256597 0.177858 -0.151 -0.257 0.179
3.36472e-08 -2.76685e-08 -1.2847e-08 0 0 0
-1.53368e-08 8.84819e-09 4.62855e-08 0 0 0
0.102073 -0.23601 -0.005605 0.106 -0.227 -0.009
-3.75145e-08 -4.97711e-08 -5.27983e-08 0 0 0
-1.65218e-08 2.84542e-08 5.23977e-08 0 0 0
0.168225 0.281036 0.0380979 0.173 0.288 0.031
2.02002e-08 -2.18235e-08 -5.25525e-09 0 0 0
-3.91876e-08 8.19641e-09 -6.56735e-09 0 0 0
-0.0457534 -0.146784 0.251617 -0.047 -0.146 0.25
-3.37931e-08 -4.94777e-08 -3.11472e-08 0 0 0
-4.04864e-09 6.3663e-08 2.29479e-08 0 0 0
-0.147905 -0.212761 -0.225607 -0.142 -0.209 -0.241
-2.57451e-08 4.33022e-09 -3.15572e-08 0 0 0
-4.21233e-09 2.09502e-08 9.13691e-09 0 0 0
0.261424 -0.222204 0.0857536 0.264 -0.231 0.082
2.52611e-08 -1.38554e-08 -9.75632e-09 0 0 0
-2.4191e-08 8.38613e-09 1.73957e-08 0 0 0
-0.263705 0.120542 -0.0183762 -0.267 0.123 0.001
-1.68429e-09 4.72436e-08 4.95234e-08 0 0 0
-1.93661e-08 -2.53142e-08 2.46399e-08 0 0 0
0.118911 0.201036 0.0347612 0.117 0.211 0.047
1.96291e-08 -4.00992e-08 1.71599e-08 0 0 0
4.70769e-08 -1.07974e-08 -7.81301e-08 0 0 0
0.198605 0.230894 0.0392256 0.195 0.232 0.043
1.01305e-08 -1.96825e-09 3.79128e-08 0 0 0
-1.95064e-08 3.21048e-09 -1.40237e-08 0 0 0
0.27241 0.0759149 -0.00793493 0.273 0.08 -0.006
1.45269e-08 5.78567e-08 -8.10939e-09 0 0 0
-1.41234e-08 -4.45707e-08 -5.82375e-09 0 0 0
-0.28172 0.0179679 -0.0959821 -0.288 0.013 -0.094
4.44219e-08 -2.34495e-09 -5.32081e-09 0 0 0
-3.02123e-08 7.64878e-09 3.46146e-08 0 0 0
0.213784 -0.0781783 0.17203 0.217 -0.075 0.178
-9.25489e-09 -3.38742e-08 7.29407e-08 0 0 0
2.323e-08 2.85618e-09 -2.56788e-08 0 0 0
0.0130524 -0.224448 -0.133218 0.006 -0.224 -0.136
-4.77757e-08 4.96649e-09 -6.92859e-09 0 0 0
4.08471e-08 -1.33195e-08 -9.56738e-09 0 0 0
0.0746914 -0.359058 -0.0503322 0.075 -0.361 -0.036
3.23582e-08 1.32005e-08 2.15045e-08 0 0 0
-3.70085e-08 1.04545e-08 -3.46427e-08 0 0 0
-0.190786 0.143524 0.118278 -0.17 0.153 0.119
1.98788e-08 -1.61924e-08 -6.71149e-09 0 0 0
-3.02205e-08 -3.07681e-09 3.3863e-08 0 0 0
0.0927041 0.339998 0.28432 0.087 0.346 0.275
-1.4831e-08 2.74632e-08 -4.84776e-08 0 0 0
5.55528e-08 4.66121e-09 9.4818e-09 0 0 0
0.0473795 0.163059 0.103418 0.047 0.167 0.111
6.86149e-09 2.5772e-08 -1.61598e-08 0 0 0
1.31181e-08 -7.15725e-08 2.54616e-08 0 0 0
0.0715516 -0.272176 -0.136078 0.056 -0.274 -0.157
-6.8394e-08 -1.73492e-08 -1.41848e-08 0 0 0
5.11166e-08 1.64443e-08 -5.3493e-08 0 0 0
-0.0924221 -0.19686 0.161924 -0.081 -0.199 0.158
2.71255e-08 4.66759e-08 -6.76387e-09 0 0 0
-4.14319e-08 -3.9746e-08 1.17375e-08 0 0 0
-0.21578 0.274105 -0.0516461 -0.21 0.282 -0.047
-1.50485e-08 -1.45359e-08 -4.06236e-09 0 0 0
-3.63482e-09 5.69038e-09 -3.80739e-08 0 0 0
0.03978 0.113491 0.25997 0.055 0.121 0.264
-2.86712e-08 -1.59201e-09 3.15988e-08 0 0 0
-1.45278e-08 1.90369e-08 2.15181e-08 0 0 0
0.254369 0.00876004 0.151423 0.254 0.005 0.149
5.39055e-08 -2.63935e-08 -1.93088e-08 0 0 0
-3.18685e-08 3.56443e-08 1.68116e-08 0 0 0
0.36562 -0.219394 -0.189222 0.379 -0.227 -0.198
4.94657e-08 -1.66693e-08 3.89493e-08 0 0 0
2.80634e-08 4.6888e-08 -6.16848e-08 0 0 0
0.143459 -0.123507 -0.259083 0.143 -0.12 -0.25
6.1464e-08 -1.21716e-08 -2.46176e-08 0 0 0
-2.71701e-08 3.30601e-08 -3.53629e-08 0 0 0
0.0189866 -0.1467 0.256301 0.012 -0.146 0.257
4.58973e-08 -9.45443e-09 -1.55437e-08 0 0 0
-2.36416e-08 -4.61116e-08 1.8449e-08 0 0 0
0.17157 0.196886 0.185106 0.171 0.196 0.175
-5.43651e-08 1.38943e-08 -2.55855e-08 0 0 0
2.61881e-09 -1.18802e-08 8.60379e-09 0 0 0
-0.0391689 0.37594 -0.00493878 -0.043 0.4 0.002
1.24694e-08 3.1023e-08 3.05389e-08 0 0 0
-1.5945e-08 -3.24121e-08 -4.77357e-08 0 0 0
-0.0410379 -0.0557705 -0.160204 -0.042 -0.059 -0.153
2.5173e-08 4.82617e-08 -1.41311e-08 0 0 0
4.59341e-08 -4.12479e-09 6.35728e-08 0 0 0
-0.368538 -0.0716513 0.0525699 -0.377 -0.06 0.052
-5.67094e-09 -8.13182e-09 -1.03343e-08 0 0 0
-8.88066e-09 1.93054e-08 -3.77102e-08 0 0 0
0.200284 -0.120353 -0.244229 0.204 -0.132 -0.248
-1.43293e-09 -3.92355e-08 -4.17631e-08 0 0 0
2.45667e-08 5.53266e-08 -9.63742e-09 0 0 0
0.171095 0.0807282 0.228377 0.169 0.082 0.22
1.76419e-08 3.80457e-08 -2.0194e-08 0 0 0
-2.56213e-08 4.01273e-08 5.00647e-08 0 0 0
0.177388 -0.206482 0.147978 0.187 -0.198 0.205
4.97215e-10 -2.66745e-08 6.94157e-09 0 0 0
-1.75369e-08 -1.08285e-08 -4.31771e-08 0 0 0
-0.0113742 0.118348 -0.342347 -0.014 0.116 -0.336
1.79847e-08 -1.19009e-08 -4.91317e-09 0 0 0
1.66723e-09 -1.82875e-08 2.78696e-08 0 0 0
-0.0493678 0.253621 0.156302 -0.041 0.27 0.141
2.97179e-08 -4.65345e-09 3.91151e-08 0 0 0
-1.97349e-08 2.20355e-08 -3.9408e-08 0 0 0
-0.200704 0.142154 -0.250108 -0.189 0.141 -0.265
2.88828e-08 1.99617e-09 -6.94884e-09 0 0 0
-1.56858e-08 2.28402e-08 7.93814e-09 0 0 0
0.069516 0.267901 0.0310732 0.069 0.269 0.036
-1.63792e-08 -2.40668e-09 -1.5952e-08 0 0 0
4.93312e-09 4.66767e-08 3.81265e-08 0 0 0
-0.0827949 0.230475 -0.0168024 -0.083 0.231 -0.012
-7.85762e-09 -1.0626e-08 1.8057e-08 0 0 0
-5.80251e-09 -3.29031e-08 3.01474e-08 0 0 0
0.317685 -0.134475 0.0863717 0.316 -0.142 0.084
-4.584e-09 -4.24618e-08 1.88377e-09 0 0 0
2.14748e-08 1.98376e-08 1.52936e-08 0 0 0
0.318666 0.0177846 0.0644609 0.314 0.014 0.064
2.44705e-08 -1.79082e-08 -9.19322e-09 0 0 0
4.26269e-08 7.06619e-09 7.9525e-08 0 0 0
0.162273 -0.063853 -0.250617 0.165 -0.071 -0.245
-1.12534e-08 3.47155e-08 -1.96757e-08 0 0 0
-2.5882e-08 -1.1148e-08 2.4292e-08 0 0 0
0.125932 0.0802807 -0.181266 0.119 0.071 -0.19
-2.96839e-08 4.6134e-08 -1.29025e-08 0 0 0
3.22362e-08 -9.24085e-09 -1.41267e-08 0 0 0
0.217717 0.0551455 -0.0855882 0.217 0.064 -0.092
5.12217e-08 4.59867e-08 -1.51374e-08 0 0 0
1.30238e-08 -9.26693e-09 7.54962e-09 0 0 0
0.256414 0.203457 0.1203 0.265 0.198 0.128
2.99941e-08 -5.17875e-08 -4.1844e-08 0 0 0
-2.45607e-08 3.70844e-08 -3.53888e-08 0 0 0
0.0715394 0.270132 -0.151155 0.075 0.263 -0.141
1.44228e-09 7.81226e-09 2.34726e-08 0 0 0
-2.56938e-08 -5.6545e-09 -8.00925e-09 0 0 0
-0.0699814 0.379307 0.103959 -0.063 0.393 0.111
3.05968e-08 -6.07778e-08 -2.28778e-08 0 0 0
2.75895e-08 -4.31013e-08 4.44595e-09 0 0 0
-0.223426 0.031527 -0.233544 -0.236 0.03 -0.227
-1.79915e-08 -1.66449e-09 -8.45056e-09 0 0 0
-9.20806e-09 5.78128e-09 4.26955e-09 0 0 0
0.292427 -0.0227734 -0.0636962 0.291 -0.02 -0.059
-1.39553e-08 9.34059e-09 1.98745e-08 0 0 0
2.59321e-08 3.5944e-08 -3.01257e-08 0 0 0
0.189065 -0.135471 -0.304481 0.191 -0.142 -0.32
-2.45611e-08 2.86515e-08 2.18618e-09 0 0 0
-6.01616e-09 -1.37827e-09 -8.32533e-09 0 0 0
-0.193574 0.300409 0.0641319 -0.209 0.327 0.073
-4.14615e-08 1.70603e-08 3.37834e-08 0 0 0
-1.01418e-08 -3.35135e-08 -4.61826e-08 0 0 0
0.102071 0.073418 0.193405 0.116 0.062 0.196
-2.81657e-08 8.45997e-09 1.53463e-08 0 0 0
-4.56526e-09 5.00555e-08 -1.25175e-08 0 0 0
-0.115651 0.240512 -0.0382877 -0.102 0.241 -0.04
7.91474e-09 -4.03454e-08 -1.54992e-08 0 0 0
6.13341e-08 2.32032e-08 4.79115e-08 0 0 0
0.107188 0.138105 -0.205293 0.1 0.146 -0.21
-2.77859e-08 -6.64641e-09 -8.55737e-09 0 0 0
-9.52119e-09 -1.67716e-09 2.68212e-08 0 0 0
0.165143 0.136045 0.164635 0.164 0.128 0.153
3.68758e-08 -1.62346e-08 6.00885e-09 0 0 0
-3.37254e-08 5.36998e-08 -3.67126e-08 0 0 0
0.0814432 0.21039 -0.191911 0.082 0.203 -0.185
-3.65566e-08 6.13454e-08 -3.33406e-08 0 0 0
3.31856e-08 1.49642e-08 -2.12594e-08 0 0 0
-0.296206 0.102746 0.144432 -0.294 0.117 0.147
-3.6426e-10 -8.24093e-09 -3.37367e-10 0 0 0
-9.86917e-10 -7.55569e-08 -1.45107e-08 0 0 0
0.16513 0.229838 -0.00322402 0.164 0.226 -0.013
-3.97607e-08 -2.16132e-10 1.18705e-08 0 0 0
1.99371e-09 -2.93505e-08 -2.25834e-08 0 0 0
0.140345 -0.203194 -0.0300074 0.139 -0.204 -0.019
2.74219e-09 5.96503e-08 4.01339e-09 0 0 0
1.81335e-08 -5.12278e-08 -4.49036e-09 0 0 0
-0.0208131 -0.0595596 0.211601 -0.009 -0.05 0.212
-6.14753e-09 -1.22932e-08 3.68143e-08 0 0 0
3.12019e-08 2.79206e-08 -3.43701e-09 0 0 0
-0.196317 -0.0695393 0.254738 -0.197 -0.064 0.24
-1.74903e-08 -3.5874e-08 -7.58209e-08 0 0 0
1.38632e-08 -8.03063e-09 5.64499e-08 0 0 0
-0.257287 0.209202 0.0308306 -0.258 0.21 0.032
-2.50808e-08 -7.98629e-09 2.21322e-08 0 0 0
-3.77731e-08 -4.31683e-08 -4.29247e-08 0 0 0
0.0438734 -0.248959 0.357362 0.04 -0.247 0.346
-2.03803e-09 -2.89004e-08 2.11486e-08 0 0 0
-2.10051e-10 5.74042e-08 5.21567e-08 0 0 0
-0.131052 0.159691 0.194105 -0.129 0.182 0.182
3.22431e-08 7.12891e-10 -8.39848e-09 0 0 0
1.75931e-08 -9.41656e-09 5.31356e-08 0 0 0
-0.0968228 0.315156 0.112497 -0.107 0.314 0.098
-1.71355e-08 -1.24202e-09 -4.1633e-08 0 0 0
4.51803e-10 -1.45749e-08 1.13831e-08 0 0 0
-0.171276 0.00514866 -0.18451 -0.167 0.004 -0.198
2.97469e-08 3.34025e-08 3.15305e-08 0 0 0
-2.7261e-08 -1.94578e-08 2.07565e-08 0 0 0
0.0679732 0.222934 -0.0504492 0.063 0.241 -0.044
4.92745e-08 7.69124e-09 -4.35022e-08 0 0 0
-3.85569e-08 -3.69688e-09 3.80516e-08 0 0 0
-0.00407126 -0.105518 0.172761 0.002 -0.106 0.172
-6.74766e-09 -8.8197e-09 2.13397e-08 0 0 0
2.38481e-08 6.94762e-09 4.50231e-08 0 0 0
0.0111815 0.217625 -0.0323565 0.006 0.227 -0.03
-4.14887e-08 1.06389e-08 4.4958e-09 0 0 0
3.46243e-08 5.94302e-10 -1.02455e-08 0 0 0
-0.0650295 -0.228965 0.0921108 -0.061 -0.228 0.091
-4.09541e-09 3.55812e-08 2.46623e-08 0 0 0
-4.77574e-08 -3.03257e-08 -3.90286e-08 0 0 0
-0.0669288 0.197926 -0.230974 -0.07 0.192 -0.228
-2.94641e-08 1.36538e-08 -1.66775e-11 0 0 0
1.78152e-08 7.0281e-09 1.05697e-08 0 0 0
0.202215 0.239471 0.148695 0.197 0.248 0.148
-5.85889e-09 7.70417e-09 -3.60557e-08 0 0 0
4.57329e-09 -9.78001e-09 -1.17555e-08 0 0 0
-0.264784 -0.0840224 0.142337 -0.263 -0.092 0.137
2.73029e-09 -5.66815e-09 -3.99444e-08 0 0 0
1.16228e-08 -2.89945e-08 1.39472e-08 0 0 0
0.194923 0.236851 -0.0874361 0.193 0.242 -0.081
-2.02793e-08 2.62015e-09 -5.41572e-08 0 0 0
1.6281e-08 -2.77999e-08 -5.54733e-09 0 0 0
0.0559379 0.253707 0.0912412 0.069 0.258 0.088
2.16177e-08 3.9583e-08 -6.82983e-09 0 0 0
-4.69487e-08 5.54582e-08 1.90159e-08 0 0 0
0.0752649 0.209972 -0.115175 0.067 0.218 -0.1
-5.21692e-08 3.78394e-08 -3.07387e-08 0 0 0
2.03141e-08 -4.91802e-08 -4.03531e-08 0 0 0
-0.234089 -0.174328 0.0650234 -0.217 -0.199 0.052
-1.28719e-08 -2.54868e-08 -7.3321e-09 0 0 0
-5.59299e-08 7.92843e-10 3.96294e-08 0 0 0
0.22152 0.0960893 0.151627 0.22 0.103 0.162
3.88229e-08 2.15389e-08 -1.27505e-08 0 0 0
-5.28414e-08 4.73614e-08 3.37318e-08 0 0 0
-0.0827508 -0.136608 -0.275451 -0.094 -0.138 -0.284
-1.19699e-08 -3.6894e-08 -6.86517e-08 0 0 0
-4.29311e-08 -2.21573e-08 2.39341e-08 0 0 0
-0.198415 -0.308333 -0.0787709 -0.188 -0.314 -0.058
4.25352e-08 -3.37703e-08 6.47416e-09 0 0 0
3.02611e-10 8.0291e-09 -3.90215e-08 0 0 0
-0.271961 0.166108 -0.131862 -0.251 0.152 -0.125
-4.84326e-09 2.48204e-08 -1.5506e-09 0 0 0
1.8679e-08 -1.50008e-08 -4.08027e-08 0 0 0
-0.0901803 0.360375 0.0747564 -0.086 0.352 0.076
-3.64885e-08 -1.80278e-08 5.4273e-08 0 0 0
-9.25291e-09 -3.96333e-08 1.67318e-08 0 0 0
0.161524 0.174383 -0.0218335 0.154 0.181 -0.025
3.18263e-08 -1.34669e-08 2.09735e-08 0 0 0
-3.56571e-08 6.35939e-08 2.46365e-08 0 0 0
-0.162127 0.0301455 -0.267033 -0.145 0.028 -0.26
1.73443e-08 3.99327e-08 -5.23321e-08 0 0 0
4.36074e-11 -2.97478e-09 1.50066e-08 0 0 0
-0.0557415 0.0411092 0.304569 -0.057 0.029 0.294
8.61007e-09 9.52866e-09 3.87297e-08 0 0 0
-4.05283e-09 -7.65025e-08 -1.76258e-08 0 0 0
-0.355456 0.0679657 -0.172302 -0.356 0.077 -0.189
-4.62975e-08 -3.81835e-09 -6.62131e-09 0 0 0
5.69168e-09 -1.05152e-08 -1.41961e-08 0 0 0
-0.0917733 0.214025 0.0255717 -0.093 0.221 0.026
1.45729e-08 -1.98555e-08 1.84572e-08 0 0 0
2.85208e-08 5.85658e-08 1.39089e-08 0 0 0
0.206186 -0.241536 0.0606607 0.198 -0.246 0.07
2.06566e-08 -1.54501e-08 1.91767e-08 0 0 0
-3.78191e-08 -2.33136e-08 -3.97244e-09 0 0 0
0.0533831 -0.194404 -0.114691 0.052 -0.194 -0.109
3.68411e-08 -7.18176e-09 -6.16909e-08 0 0 0
3.46602e-08 -1.26979e-08 1.22546e-08 0 0 0
0.266868 -0.275808 -0.0768724 0.269 -0.268 -0.078
4.2312e-08 4.17715e-08 -5.81234e-09 0 0 0
7.70148e-11 -6.76489e-08 2.55251e-08 0 0 0
0.321622 -0.0636807 0.206569 0.313 -0.063 0.189
2.56525e-09 7.07352e-08 -5.50038e-09 0 0 0
2.39401e-08 -3.38037e-09 4.9209e-08 0 0 0
0.18688 0.06931 -0.0763781 0.175 0.073 -0.083
-6.38311e-09 -2.57906e-09 -1.43862e-08 0 0 0
1.40818e-08 -4.71718e-09 -2.5271e-08 0 0 0
0.17869 0.158194 0.0392196 0.182 0.15 0.032
3.62403e-09 4.02622e-08 -4.79034e-09 0 0 0
-1.70685e-09 -2.63851e-08 -4.28354e-08 0 0 0
0.27927 0.0522898 0.148915 0.281 0.061 0.154
3.86789e-08 2.82263e-08 4.70123e-08 0 0 0
6.9819e-09 4.08565e-08 -2.68951e-08 0 0 0
-7.86036e-05 0.279288 -0.0302426 0.003 0.29 -0.022
4.08417e-08 -4.36679e-08 3.18822e-08 0 0 0
-2.33438e-08 -6.76316e-08 -1.78473e-09 0 0 0
-0.152061 0.158902 -0.114832 -0.126 0.157 -0.132
-4.85563e-08 3.16387e-08 1.16137e-09 0 0 0
2.90622e-10 1.07034e-08 -3.09877e-08 0 0 0
0.0790252 0.148171 0.259528 0.068 0.144 0.249
-1.91894e-08 -2.46318e-08 1.06549e-08 0 0 0
3.65351e-08 -2.47251e-08 -7.45316e-09 0 0 0
0.162185 -0.151016 0.149095 0.159 -0.15 0.144
1.30649e-08 -3.47398e-08 2.65948e-08 0 0 0
-1.37305e-08 1.00905e-08 -4.59675e-08 0 0 0
0.0361853 0.0601326 -0.295321 0.03 0.059 -0.293
5.84247e-08 7.91187e-09 4.26556e-09 0 0 0
1.98442e-08 -6.95032e-08 -1.27825e-08 0 0 0
-0.129859 0.308149 -0.0209548 -0.12 0.301 -0.023
-1.99278e-08 -3.40455e-09 -1.8777e-08 0 0 0
-7.23358e-08 -2.82173e-08 3.18149e-08 0 0 0
0.185524 0.137833 0.226212 0.192 0.127 0.213
-5.20553e-08 6.95579e-08 -1.15479e-08 0 0 0
3.48914e-08 -5.55406e-08 -3.44669e-08 0 0 0
-0.0329868 0.160089 -0.312778 -0.031 0.163 -0.309
-3.18969e-08 -6.40436e-09 4.06394e-09 0 0 0
2.36533e-08 9.50396e-09 2.40754e-08 0 0 0
-0.143096 0.246443 -0.0456158 -0.149 0.25 -0.06
-2.80165e-09 -3.38804e-08 3.91179e-08 0 0 0
6.72258e-08 2.05926e-08 5.64846e-09 0 0 0
0.0209268 -0.289217 0.173198 0.016 -0.287 0.175
2.76458e-08 -1.70597e-08 2.52694e-08 0 0 0
-6.90393e-09 -6.29937e-08 -2.84778e-08 0 0 0
0.239908 -0.202858 -0.0201513 0.241 -0.194 -0.019
1.90179e-08 -1.98706e-08 -3.76396e-08 0 0 0
5.39695e-08 2.07027e-08 3.03329e-08 0 0 0
0.116546 0.0264403 -0.0945346 0.117 0.025 -0.089
4.03122e-09 -7.67637e-08 1.1862e-08 0 0 0
1.17705e-08 6.2776e-08 -5.74496e-08 0 0 0
0.200998 -0.0239347 -0.202696 0.207 -0.016 -0.209
-2.58256e-08 3.28203e-08 1.77298e-08 0 0 0
-1.19347e-08 -2.08924e-08 -4.7681e-08 0 0 0
0.23102 -0.0804116 0.0640935 0.237 -0.089 0.07
-1.14549e-08 -3.48471e-08 -1.76964e-09 0 0 0
-1.46407e-10 -7.84452e-08 8.12877e-10 0 0 0
0.286238 0.146203 -0.0542849 0.281 0.15 -0.054
4.94144e-09 5.31146e-08 -1.7325e-08 0 0 0
-1.06711e-08 2.99079e-09 3.72694e-09 0 0 0
0.105124 0.287658 -0.0352041 0.099 0.289 -0.028
8.25759e-09 2.98856e-08 -2.81546e-08 0 0 0
-1.55641e-08 -1.22646e-08 2.93635e-08 0 0 0
-0.0535188 0.211312 -0.259822 -0.054 0.209 -0.261
-1.41153e-09 1.52637e-08 -6.42666e-08 0 0 0
2.10877e-08 -1.01285e-08 3.4716e-08 0 0 0
-0.170561 -0.315309 -0.141237 -0.19 -0.335 -0.122
-1.88304e-08 3.35593e-08 3.88505e-08 0 0 0
2.76239e-08 2.68335e-08 5.70563e-09 0 0 0
0.225106 0.0368763 -0.235088 0.213 0.042 -0.227
-8.86565e-09 5.98501e-08 -1.48577e-08 0 0 0
2.26178e-08 -5.09044e-08 -7.1309e-08 0 0 0
-0.120153 0.220865 -0.136012 -0.122 0.205 -0.133
-9.7193e-10 2.60322e-08 2.66705e-08 0 0 0
-3.76601e-09 -2.86012e-08 -1.06192e-08 0 0 0
-0.192957 -0.0472867 0.169771 -0.21 -0.033 0.205
1.47764e-08 2.16786e-08 3.81275e-08 0 0 0
-4.57505e-08 5.29893e-08 -1.29143e-08 0 0 0
-0.183923 0.0216734 0.2085 -0.19 0.02 0.203
4.23783e-08 1.75916e-08 2.26193e-08 0 0 0
-2.71424e-08 2.51546e-08 -2.10237e-08 0 0 0
0.139614 -0.10403 -0.0856563 0.136 -0.097 -0.09
2.09054e-08 3.22605e-08 -4.48967e-08 0 0 0
-3.09356e-08 -2.87788e-08 1.00895e-08 0 0 0
0.152722 -0.286915 -0.257975 0.129 -0.292 -0.251
1.9852e-08 -2.66815e-08 6.66859e-09 0 0 0
1.07659e-08 6.63465e-08 7.33524e-09 0 0 0
0.153962 -0.149588 0.154391 0.146 -0.165 0.147
2.93112e-08 -5.86703e-08 3.54586e-08 0 0 0
-1.98073e-08 1.95508e-08 2.11765e-08 0 0 0
0.0515045 0.299271 0.0470007 0.06 0.307 0.056
1.23813e-08 -3.10682e-08 -2.3898e-08 0 0 0
8.0864e-09 1.56064e-08 4.47371e-10 0 0 0
-0.112006 -0.188527 0.0241175 -0.129 -0.182 0.013
1.67574e-08 6.10895e-08 -2.02667e-08 0 0 0
2.08349e-08 7.41069e-09 2.16353e-08 0 0 0
0.162202 0.17218 -0.0301373 0.157 0.173 -0.025
-5.63478e-08 1.75701e-08 1.25664e-08 0 0 0
2.90288e-08 -1.43456e-08 -8.25308e-09 0 0 0
0.112887 -0.160141 -0.113333 0.123 -0.152 -0.129
7.6577e-09 2.30078e-08 1.82635e-08 0 0 0
-3.04737e-08 5.56993e-09 -3.62867e-08 0 0 0
0.257782 -0.0513694 0.202772 0.252 -0.057 0.198
-2.36931e-09 1.29182e-08 -7.65955e-09 0 0 0
-2.60178e-08 1.36466e-08 -4.15132e-08 0 0 0
0.184944 0.254911 0.0047754 0.205 0.258 0.009
-3.49362e-08 2.62595e-08 5.70048e-08 0 0 0
4.21136e-08 -2.2569e-08 4.28877e-08 0 0 0
-0.152108 0.178109 -0.170909 -0.154 0.179 -0.166
1.8157e-08 -1.1624e-08 -1.11558e-08 0 0 0
3.2144e-08 6.68642e-08 -1.22001e-08 0 0 0
0.252806 0.0360275 0.142819 0.243 0.034 0.151
-1.52361e-08 5.73988e-08 4.70307e-09 0 0 0
-1.7307e-09 -8.54499e-08 -1.66687e-08 0 0 0
-0.135286 0.246073 0.217399 -0.127 0.245 0.234
1.23812e-08 3.65604e-09 1.75852e-08 0 0 0
-4.73533e-08 5.52816e-08 -9.08405e-09 0 0 0
-0.333392 0.146523 -0.00785655 -0.333 0.155 -0.022
1.59131e-08 4.34704e-08 5.5945e-09 0 0 0
-7.81573e-09 -3.32086e-08 1.84501e-08 0 0 0
-0.0967473 0.257748 -0.227697 -0.09 0.256 -0.23
4.35306e-08 3.94757e-09 -2.22251e-09 0 0 0
-3.19713e-08 -2.83895e-08 5.72514e-09 0 0 0
-0.00258015 0.327748 -0.137123 0.004 0.305 -0.135
-5.24049e-08 3.40273e-08 -7.15415e-08 0 0 0
3.56962e-08 3.45248e-08 -1.02372e-08 0 0 0
-0.0945803 -0.154752 0.21692 -0.102 -0.148 0.209
-2.01218e-09 2.70967e-08 6.73928e-09 0 0 0
-2.10927e-08 1.33187e-08 1.60887e-08 0 0 0
0.00804317 0.317716 0.120737 0.004 0.326 0.13
-2.99694e-08 -1.53776e-08 3.2405e-08 0 0 0
1.79221e-08 -1.40227e-08 5.03705e-09 0 0 0
-0.177657 0.0367197 0.0556707 -0.181 0.047 0.058
-3.22147e-08 4.49405e-09 -5.09564e-09 0 0 0
-7.8613e-09 4.36198e-08 1.49952e-08 0 0 0
0.199278 0.240338 -0.0231049 0.201 0.248 -0.025
3.44144e-08 1.9177e-08 1.01707e-08 0 0 0
-1.80443e-09 1.61505e-08 -3.2232e-08 0 0 0
0.299397 -0.0294144 0.110067 0.302 -0.055 0.094
-2.67001e-09 2.3768e-08 -1.73287e-08 0 0 0
-1.99712e-08 -1.27075e-08 2.85672e-09 0 0 0
-0.324692 -0.198567 0.177688 -0.332 -0.207 0.181
2.369e-08 -2.28012e-08 -1.1562e-08 0 0 0
3.31961e-08 -3.49998e-09 3.61431e-09 0 0 0
0.220378 0.010761 -0.120963 0.212 0.011 -0.126
-2.35055e-09 -4.5385e-08 -3.65783e-08 0 0 0
3.24762e-08 1.17079e-08 2.85958e-08 0 0 0
-0.0126984 0.21596 0.036276 -0.001 0.202 0.046
-2.51209e-08 5.60683e-08 -3.2558e-08 0 0 0
2.3747e-08 -4.64078e-08 -1.98639e-08 0 0 0
0.21721 0.140359 -0.10433 0.223 0.134 -0.108
3.28581e-08 -3.8886e-09 -2.14847e-08 0 0 0
-3.74966e-08 -9.45777e-09 3.34476e-08 0 0 0
-0.232451 0.0781232 -0.131454 -0.233 0.089 -0.119
2.76608e-08 5.38185e-08 4.3638e-08 0 0 0
-1.80947e-09 -2.4386e-08 2.17774e-08 0 0 0
0.17239 0.0290131 0.243997 0.158 0.017 0.239
-4.16857e-08 -2.16185e-08 4.86943e-08 0 0 0
-7.73454e-09 1.56306e-08 2.44712e-08 0 0 0
-0.299311 0.0162834 -0.0345313 -0.292 0.007 -0.035
-1.44385e-08 2.39313e-08 -3.29934e-08 0 0 0
-1.75104e-08 -2.55219e-08 -5.7536e-08 0 0 0
-0.186127 -0.182383 0.026978 -0.184 -0.173 0.031
-8.45619e-09 8.39728e-09 1.89126e-08 0 0 0
-1.9012e-08 -6.66016e-08 6.70715e-09 0 0 0
-0.0761541 0.0704912 -0.217147 -0.087 0.075 -0.209
1.80938e-08 2.98992e-09 -3.06318e-08 0 0 0
-3.06539e-08 1.12336e-08 3.58482e-08 0 0 0
0.0898962 0.208626 -0.1088 0.104 0.197 -0.088
-1.84062e-08 -3.63044e-08 6.12018e-08 0 0 0
4.29142e-08 -2.60212e-08 -2.43198e-08 0 0 0
0.0758961 0.140702 0.214537 0.07 0.152 0.215
1.62782e-09 2.4569e-08 1.27807e-08 0 0 0
2.16026e-08 4.79767e-08 -1.3196e-08 0 0 0
-0.217103 -0.0378208 -0.196466 -0.19 -0.026 -0.189
-1.88285e-08 -7.68976e-09 -1.5777e-09 0 0 0
2.47223e-08 -1.12614e-08 3.16016e-08 0 0 0
0.0575578 0.0868633 0.316061 0.084 0.114 0.33
-1.33677e-08 1.12359e-08 2.47203e-08 0 0 0
-2.79919e-09 2.85964e-08 -5.6661e-09 0 0 0
0.0548038 0.0979297 -0.18125 0.06 0.095 -0.189
-1.24375e-08 -1.27299e-09 -1.31293e-08 0 0 0
4.31274e-08 4.22669e-08 -1.12266e-09 0 0 0
0.0382943 0.246751 0.239296 0.031 0.249 0.224
-1.19602e-08 1.9723e-09 4.50592e-08 0 0 0
1.09851e-08 -9.1378e-09 -9.87958e-09 0 0 0
0.249382 0.220307 -0.136461 0.259 0.222 -0.133
2.92061e-08 3.27421e-08 -4.08698e-08 0 0 0
-6.26814e-08 -3.30127e-08 1.89926e-09 0 0 0
0.166608 -0.108102 -0.0432256 0.164 -0.106 -0.049
5.3861e-08 -5.43074e-09 2.20966e-08 0 0 0
-3.57698e-09 9.45886e-09 -4.46262e-08 0 0 0
0.165929 -0.148037 0.219568 0.158 -0.15 0.21
-3.37368e-08 -1.24516e-08 2.47646e-08 0 0 0
-1.32144e-08 -2.16352e-08 -5.83401e-08 0 0 0
0.0341753 -0.0562001 0.28018 0.018 -0.062 0.276
5.64365e-09 1.32653e-08 9.10853e-09 0 0 0
3.387e-08 5.11856e-08 2.09761e-08 0 0 0
0.184827 0.0789396 -0.00331735 0.188 0.076 -0.007
-1.2055e-09 2.29454e-09 4.20199e-08 0 0 0
1.35403e-08 -1.74246e-08 3.09764e-08 0 0 0
0.0756485 0.184066 -0.114686 0.084 0.187 -0.101
3.02679e-08 2.19448e-08 4.40704e-08 0 0 0
1.2173e-09 2.11004e-08 -3.43513e-08 0 0 0
0.304167 0.128382 0.0131468 0.322 0.128 0.014
-1.05604e-08 -9.08425e-09 2.71311e-08 0 0 0
9.42585e-09 1.29198e-08 -1.69125e-08 0 0 0
0.149949 0.263218 0.0277277 0.155 0.251 0.047
4.09094e-08 -2.9472e-08 1.41913e-08 0 0 0
-3.20537e-08 4.40683e-08 6.76664e-09 0 0 0
-0.107064 0.214921 -0.0807601 -0.109 0.228 -0.078
-1.92317e-08 7.76844e-09 -7.59135e-08 0 0 0
-4.28717e-08 1.66119e-09 2.86041e-09 0 0 0
0.0539073 0.123073 0.145463 0.055 0.128 0.143
-2.74149e-08 -2.4705e-08 3.15403e-08 0 0 0
6.64406e-08 2.16293e-08 7.3583e-09 0 0 0
0.00417859 -0.13313 0.252048 0.001 -0.126 0.253
-1.77494e-08 3.22189e-08 -5.21867e-09 0 0 0
3.73259e-08 8.72767e-10 1.31266e-08 0 0 0
0.00859363 0.275099 -0.119806 -0.012 0.286 -0.14
2.2972e-08 1.75554e-08 -1.89821e-08 0 0 0
2.48576e-08 -2.81812e-08 -4.33082e-08 0 0 0
-0.0603486 0.312686 -0.0863889 -0.058 0.32 -0.079
4.69045e-09 -1.37701e-08 1.17751e-08 0 0 0
-1.46921e-08 1.64776e-08 8.40408e-09 0 0 0
0.0720927 -0.187303 0.24233 0.057 -0.183 0.239
-3.59702e-10 1.43405e-08 -1.52629e-08 0 0 0
1.16891e-09 -5.16617e-08 -1.47285e-08 0 0 0
0.0742443 0.132573 -0.214965 0.062 0.161 -0.233
6.38879e-08 1.63794e-08 1.49199e-09 0 0 0
-3.63387e-08 1.70937e-08 -1.30327e-08 0 0 0
0.0302581 0.156623 0.200203 0.021 0.156 0.195
1.16702e-08 3.23041e-08 1.09083e-08 0 0 0
5.43856e-08 1.90251e-09 2.6269e-08 0 0 0
0.159996 0.327935 -0.0586551 0.173 0.329 -0.075
4.37769e-08 -5.5534e-10 -2.30872e-08 0 0 0
-1.97843e-08 5.59971e-09 2.83035e-09 0 0 0
0.162071 0.162426 -0.131346 0.155 0.16 -0.129
2.9035e-08 6.03569e-08 1.76406e-08 0 0 0
-2.51017e-08 -2.9726e-08 -7.48083e-10 0 0 0
0.21895 -0.0120006 -0.197786 0.209 -0.017 -0.211
-1.38611e-08 -6.28131e-08 -9.46974e-10 0 0 0
2.32758e-08 1.41569e-08 8.54987e-09 0 0 0
0.01785 0.0312478 -0.209511 0.027 0.034 -0.219
2.54588e-08 -7.5566e-09 -1.06417e-08 0 0 0
1.77056e-08 -5.04679e-08 1.86527e-08 0 0 0
0.140644 -0.262589 -0.00358697 0.138 -0.269 -0.003
-2.70903e-08 -1.75433e-08 1.89095e-08 0 0 0
1.74176e-08 -1.24801e-08 1.82176e-08 0 0 0
0.123738 0.00269523 0.197915 0.137 -0.001 0.21
9.14021e-09 -5.11989e-08 1.83682e-09 0 0 0
8.91534e-09 1.10416e-08 -1.19287e-08 0 0 0
0.154544 0.100664 -0.0454 0.163 0.111 -0.036
-2.98241e-08 -2.45575e-08 2.7715e-08 0 0 0
-8.91049e-09 6.66251e-08 -3.2378e-08 0 0 0
-0.133982 0.256533 -0.0965259 -0.129 0.257 -0.104
2.56835e-08 -4.0865e-08 1.76807e-08 0 0 0
9.29095e-09 -4.30353e-08 -1.7642e-08 0 0 0
-0.0897557 -0.22737 -0.118044 -0.097 -0.239 -0.105
3.1791e-08 3.83662e-09 -5.11165e-08 0 0 0
4.96234e-08 -5.27564e-08 -1.19419e-08 0 0 0
0.0666962 -0.0809143 -0.154746 0.066 -0.08 -0.154
-3.65677e-09 -6.44178e-08 -1.71973e-08 0 0 0
3.12911e-08 -1.16831e-09 2.96417e-08 0 0 0
-0.14255 0.27706 -0.045673 -0.139 0.272 -0.044
-3.2682e-08 -5.67642e-08 2.32699e-09 0 0 0
-2.36721e-09 1.46242e-08 -3.94654e-08 0 0 0
-0.288395 0.116586 0.00830532 -0.299 0.114 0
2.68247e-08 -1.51964e-08 1.31896e-08 0 0 0
-3.14979e-08 1.05466e-08 -3.51246e-08 0 0 0
-0.0442975 0.312245 0.0471081 -0.05 0.316 0.052
5.29821e-09 7.001e-09 -7.854e-09 0 0 0
5.81214e-08 -3.9357e-08 -3.80373e-08 0 0 0
0.13686 -0.107502 -0.176175 0.16 -0.116 -0.189
4.31999e-08 -5.30244e-08 -5.2546e-08 0 0 0
-7.43902e-09 5.86778e-08 6.22258e-08 0 0 0
0.291247 0.114557 -0.158934 0.288 0.128 -0.15
-1.37268e-08 6.55823e-08 2.13069e-09 0 0 0
-1.71052e-08 -7.27899e-09 6.12199e-08 0 0 0
0.143362 -0.0978401 0.184986 0.126 -0.088 0.185
-3.03512e-08 -4.36978e-08 5.35588e-09 0 0 0
4.12672e-08 -2.37316e-08 1.09531e-08 0 0 0
-0.172528 0.157152 0.202625 -0.169 0.159 0.196
1.72921e-08 8.05481e-08 2.40876e-08 0 0 0
1.49825e-08 -3.34227e-08 -3.96292e-09 0 0 0
-0.270469 -0.0505772 0.120738 -0.268 -0.05 0.11
-1.98371e-08 -1.72134e-08 1.47082e-08 0 0 0
-2.316e-08 4.48736e-08 2.08319e-09 0 0 0
0.134489 0.191271 0.0146631 0.14 0.19 0.018
-2.31709e-08 2.58548e-08 1.46328e-08 0 0 0
-2.6688e-08 4.00502e-08 -1.04195e-08 0 0 0
0.074133 -0.106289 0.244902 0.079 -0.114 0.236
1.70229e-08 1.93628e-08 -4.91943e-08 0 0 0
-4.65463e-08 -6.48143e-10 2.57451e-08 0 0 0
-0.0255074 0.395446 0.0779888 -0.025 0.415 0.089
5.63731e-09 -5.1736e-09 -4.73527e-08 0 0 0
-1.66265e-08 -4.16717e-09 -1.59885e-08 0 0 0
0.163432 0.356629 -0.0113924 0.171 0.349 -0.005
7.93197e-08 -1.44699e-08 -1.76994e-08 0 0 0
-5.82282e-08 4.19362e-08 -1.85301e-08 0 0 0
-0.228553 -0.0378574 -0.264811 -0.236 -0.04 -0.256
-5.86032e-09 -2.82291e-08 1.88049e-08 0 0 0
2.63045e-08 3.59663e-08 1.75243e-08 0 0 0
-0.0983957 0.232895 -0.125424 -0.099 0.248 -0.153
6.27598e-08 1.46225e-08 1.36954e-08 0 0 0
-5.79458e-08 -1.88764e-08 8.24538e-09 0 0 0
-0.10126 0.143935 0.199432 -0.1 0.148 0.199
-2.35022e-08 1.48449e-08 2.69799e-08 0 0 0
2.89432e-08 -1.35108e-08 5.24707e-08 0 0 0
0.151759 0.0809043 -0.309919 0.156 0.078 -0.314
2.66882e-08 4.14359e-09 2.00585e-08 0 0 0
4.03827e-09 -6.04924e-09 -2.59927e-08 0 0 0
-0.314487 0.093728 0.0128073 -0.323 0.104 0.005
1.05098e-09 1.56744e-08 -9.94991e-11 0 0 0
-1.54151e-09 1.90739e-08 -2.62254e-08 0 0 0
-0.292675 -0.229995 0.0680721 -0.262 -0.232 0.078
-2.94106e-08 -3.5701e-08 -5.65432e-08 0 0 0
-3.32725e-08 3.93893e-08 -1.27032e-08 0 0 0
-0.0931203 -0.0567404 0.149245 -0.096 -0.049 0.137
-7.79222e-09 -6.75421e-08 -1.88211e-08 0 0 0
2.34746e-08 -3.4419e-08 4.15163e-09 0 0 0
-0.0897278 0.108637 -0.0899172 -0.117 0.148 -0.082
-4.23544e-08 -1.45633e-08 8.42561e-09 0 0 0
-4.75914e-08 -7.82413e-09 4.25172e-08 0 0 0
0.21981 -0.160995 0.101871 0.21 -0.159 0.122
-2.6898e-09 -4.12486e-08 6.70544e-09 0 0 0
-1.66014e-09 3.00082e-08 1.91347e-08 0 0 0
0.00377249 -0.207558 -0.29508 0.007 -0.194 -0.296
-3.42891e-08 1.47961e-09 -6.67631e-10 0 0 0
2.94917e-08 9.4524e-08 -1.06422e-08 0 0 0
0.262968 0.227379 0.126856 0.262 0.238 0.12
1.65325e-08 7.26566e-08 6.32823e-09 0 0 0
1.1613e-08 -5.63813e-08 -1.11141e-09 0 0 0
-0.189901 0.279365 -0.0828062 -0.184 0.274 -0.077
2.58213e-08 -1.71286e-08 4.80508e-08 0 0 0
-3.8104e-08 -3.60939e-08 -2.88662e-08 0 0 0
0.0896766 0.0649406 -0.00321795 0.103 0.081 0.006
5.05213e-09 -1.52693e-08 2.34818e-08 0 0 0
1.41244e-08 1.81411e-08 -4.20048e-08 0 0 0
-0.338122 -0.243799 -0.163069 -0.343 -0.244 -0.162
-3.95241e-08 1.20589e-09 1.81288e-08 0 0 0
2.17678e-08 -2.20044e-08 2.89518e-08 0 0 0
0.274552 0.182408 -0.0501992 0.263 0.17 -0.052
1.28588e-08 6.40278e-08 4.72109e-08 0 0 0
3.03145e-08 5.73896e-09 -2.59384e-08 0 0 0
-0.157624 -0.0999756 0.113226 -0.147 -0.109 0.105
6.27414e-09 -1.30077e-08 -4.7142e-09 0 0 0
7.85661e-08 -1.75442e-09 -2.40441e-08 0 0 0
0.121207 0.0802759 0.211045 0.104 0.069 0.233
-7.68523e-09 2.5614e-09 1.75374e-08 0 0 0
3.6877e-08 -2.53636e-08 -1.76113e-08 0 0 0
-0.0450384 -0.0967869 -0.232555 -0.051 -0.093 -0.241
2.04343e-08 7.14789e-09 4.12254e-08 0 0 0
-3.08902e-08 1.39238e-08 -6.88647e-09 0 0 0
-0.260804 -0.113326 -0.236427 -0.248 -0.126 -0.232
-6.88413e-09 5.7757e-09 -3.0626e-08 0 0 0
4.13729e-09 -6.96695e-08 1.73536e-08 0 0 0
-0.325411 0.0916453 -0.103184 -0.317 0.09 -0.093
2.53779e-08 3.87064e-08 -3.83152e-08 0 0 0
2.5538e-08 -1.63938e-08 -1.06995e-08 0 0 0
-0.0457944 0.281751 0.150157 -0.057 0.29 0.145
-4.97924e-08 1.61816e-08 -4.17451e-08 0 0 0
6.07163e-08 1.44548e-08 4.51956e-08 0 0 0
0.202864 0.12955 0.223468 0.193 0.14 0.225
-6.96371e-09 -2.13059e-08 -3.31884e-08 0 0 0
-2.27924e-08 1.65756e-08 2.36161e-08 0 0 0
-0.152615 -0.0935447 -0.173489 -0.149 -0.107 -0.168
-1.65775e-08 -9.08881e-08 2.79437e-08 0 0 0
1.16795e-08 1.42025e-08 -3.02656e-08 0 0 0
-0.144416 -0.100725 0.188924 -0.156 -0.107 0.186
-3.5928e-08 -3.02318e-08 -1.05096e-08 0 0 0
6.16312e-08 7.2654e-09 -2.92929e-08 0 0 0
-0.209079 0.272512 -0.0439232 -0.223 0.28 -0.024
-1.98567e-08 -1.71585e-08 -3.76454e-09 0 0 0
2.78959e-08 1.66581e-08 -1.96693e-08 0 0 0
0.159003 0.0969032 0.0725309 0.152 0.088 0.093
1.90259e-08 2.33414e-08 -3.00515e-08 0 0 0
2.49765e-10 -2.05374e-08 6.00367e-08 0 0 0
0.151047 0.194726 -0.0961986 0.155 0.189 -0.09
1.85371e-08 -2.64997e-09 -3.29192e-08 0 0 0
-8.88502e-09 8.19675e-09 2.34725e-08 0 0 0
0.0667598 -0.272109 -0.000166126 0.078 -0.27 -0.014
-1.92199e-08 -4.51019e-08 2.80279e-08 0 0 0
-1.01572e-08 -4.37839e-08 -4.24003e-08 0 0 0
0.152827 -0.0924872 0.0145323 0.135 -0.088 0.025
1.12593e-08 -1.546e-08 -1.2371e-08 0 0 0
-3.59904e-09 -3.54835e-08 -1.16695e-08 0 0 0
-0.0558445 -0.0393677 0.256201 -0.073 -0.031 0.269
-2.43356e-08 1.43302e-08 9.27092e-09 0 0 0
1.6483e-08 2.05077e-08 -5.45819e-09 0 0 0
0.136924 0.29813 0.0288618 0.126 0.313 0.036
2.24883e-08 7.55519e-10 -2.37712e-08 0 0 0
-1.63403e-08 3.45867e-08 2.34629e-09 0 0 0
0.0360068 0.302215 0.0770481 0.039 0.299 0.06
-2.86261e-08 1.93023e-08 -4.42668e-08 0 0 0
3.62766e-08 5.9778e-09 8.0357e-09 0 0 0
0.271915 0.217149 0.0212514 0.264 0.217 0.004
4.47202e-08 -3.30424e-08 4.10332e-08 0 0 0
7.45769e-09 -3.66637e-08 7.5322e-09 0 0 0
-0.181246 -0.228642 -0.0848119 -0.168 -0.229 -0.101
3.45243e-08 4.96535e-09 3.59004e-09 0 0 0
1.62945e-08 7.02419e-10 2.39223e-08 0 0 0
0.0491458 0.183975 -0.11199 0.037 0.177 -0.088
3.46241e-08 -8.83089e-10 -1.85491e-08 0 0 0
-8.2177e-09 4.01615e-08 8.72241e-09 0 0 0
0.0575575 -0.00226494 0.199726 0.054 0 0.196
-4.94922e-08 -1.19806e-09 7.65326e-08 0 0 0
-8.75647e-10 2.24627e-08 1.92521e-08 0 0 0
0.327048 -0.214404 0.187646 0.32 -0.191 0.178
1.62705e-08 -2.25331e-08 -3.63732e-08 0 0 0
1.20231e-08 -1.97292e-08 4.39817e-08 0 0 0
-0.0189928 -0.0360146 -0.217441 -0.023 -0.036 -0.209
-2.31226e-08 -3.91974e-08 2.76208e-08 0 0 0
2.29788e-08 5.93996e-08 9.86089e-09 0 0 0
-0.189652 0.204693 -0.0253684 -0.187 0.206 -0.037
-2.04642e-08 4.37576e-08 1.57505e-08 0 0 0
-4.93937e-08 -4.51511e-08 2.89156e-08 0 0 0
-0.0375286 0.0483819 0.33607 -0.039 0.047 0.327
-5.32693e-08 5.38437e-08 2.80109e-08 0 0 0
6.87796e-08 -2.42556e-09 -7.69897e-09 0 0 0
-0.137339 0.206789 0.0924552 -0.131 0.216 0.088
1.42401e-08 2.47766e-08 9.80978e-09 0 0 0
-5.35709e-09 -7.90058e-09 -1.01818e-08 0 0 0
0.0389221 0.318769 0.276137 0.049 0.333 0.287
1.49081e-08 -1.80836e-08 -4.72958e-08 0 0 0
2.29686e-08 -5.56079e-09 4.06939e-08 0 0 0
0.126784 0.290216 0.229867 0.131 0.29 0.224
-2.76796e-10 -7.62961e-09 3.31149e-08 0 0 0
3.36922e-08 4.81852e-08 -2.84727e-08 0 0 0
0.318499 -0.0802292 -0.00219437 0.309 -0.065 -0.006
8.19449e-09 1.56688e-08 -5.09605e-08 0 0 0
-3.74559e-08 3.44327e-08 3.60608e-08 0 0 0
0.100058 0.138003 -0.232434 0.099 0.13 -0.242
4.05556e-09 -2.43217e-08 -1.14583e-09 0 0 0
2.55923e-08 2.22111e-08 2.70573e-08 0 0 0
0.189772 -0.125299 0.0572373 0.211 -0.132 0.057
-8.27223e-10 -1.19762e-09 -1.90983e-08 0 0 0
-3.17298e-08 -5.20406e-10 4.76429e-08 0 0 0
0.220972 -0.11941 -0.0293553 0.253 -0.086 -0.054
-6.64009e-09 -1.3517e-08 2.21083e-08 0 0 0
-2.41975e-08 6.8986e-09 -7.05906e-09 0 0 0
0.0268066 0.231054 -0.224522 0.019 0.233 -0.223
3.96745e-08 -2.29938e-08 -1.03944e-08 0 0 0
-1.70825e-08 6.60924e-08 4.3793e-08 0 0 0
0.00869301 0.325901 -0.0428959 0.009 0.339 -0.05
-1.82745e-08 2.03232e-08 -4.90307e-08 0 0 0
-5.63516e-08 -4.98172e-08 1.50279e-09 0 0 0
-0.189264 -0.0903343 -0.216245 -0.194 -0.083 -0.219
1.01804e-08 5.80232e-09 -3.01786e-08 0 0 0
-4.33741e-08 3.78442e-08 -3.15754e-08 0 0 0
-0.0768801 0.176178 -0.168744 -0.09 0.172 -0.175
-3.03696e-08 5.59453e-09 -1.56026e-08 0 0 0
-6.84793e-09 6.02936e-08 4.15165e-08 0 0 0
0.204481 0.0672854 -0.0928403 0.209 0.083 -0.09
-1.06254e-08 1.83498e-08 -5.79435e-08 0 0 0
3.88445e-08 1.82666e-09 5.04796e-08 0 0 0
0.0284026 -0.126835 -0.230195 0.025 -0.122 -0.223
3.60933e-08 -2.15917e-08 -4.15286e-08 0 0 0
-3.44075e-08 2.07448e-08 1.95089e-08 0 0 0
-0.29847 0.221697 0.0574264 -0.319 0.223 0.059
1.6145e-08 1.06724e-08 -1.45025e-08 0 0 0
-2.67803e-08 -2.65797e-08 1.89764e-08 0 0 0
0.358567 0.0614468 -0.0628534 0.363 0.042 -0.073
-1.26614e-08 -5.91364e-09 3.96389e-08 0 0 0
-3.26486e-08 -4.33254e-09 -4.30957e-08 0 0 0
0.137577 0.24878 -0.0884546 0.141 0.255 -0.086
-6.71517e-09 -1.92061e-08 -1.78305e-08 0 0 0
-2.53884e-08 3.02863e-08 -3.76478e-08 0 0 0
0.092879 0.290525 -0.16304 0.075 0.289 -0.14
-1.60745e-08 -5.10344e-08 -1.32001e-08 0 0 0
3.01307e-08 -1.54999e-08 3.98376e-08 0 0 0
0.202664 0.00156265 0.280011 0.191 -0.002 0.271
-2.73122e-08 -7.94085e-09 7.56896e-10 0 0 0
5.33297e-09 4.93275e-09 -4.53752e-08 0 0 0
-0.0607526 0.132208 0.0450452 -0.046 0.124 0.036
9.66604e-09 9.3512e-10 1.28224e-08 0 0 0
2.47756e-08 1.17513e-08 1.8145e-08 0 0 0
-0.137155 -0.0153199 0.244188 -0.136 -0.015 0.241
9.52003e-09 5.91481e-08 -2.52221e-08 0 0 0
-2.89247e-08 -4.80979e-08 -2.95058e-09 0 0 0
0.172407 0.167269 -0.103234 0.163 0.177 -0.08
2.55571e-08 1.08146e-08 -1.9311e-08 0 0 0
-2.74106e-08 9.82427e-09 -3.85105e-09 0 0 0
0.206949 -0.191894 -0.00273364 0.208 -0.191 0.003
-3.43802e-08 1.60669e-08 1.17797e-08 0 0 0
7.64589e-08 -3.27259e-08 -1.92007e-08 0 0 0
0.156625 -0.176028 0.209213 0.166 -0.191 0.231
-5.02053e-08 3.76043e-09 3.79529e-08 0 0 0
4.39233e-08 -2.31267e-08 -1.98994e-08 0 0 0
-0.10949 -0.141986 0.269204 -0.125 -0.135 0.259
-2.34074e-08 5.82225e-08 -4.13217e-08 0 0 0
4.59425e-09 -3.675e-08 -3.03795e-08 0 0 0
-0.000505609 0.00594071 -0.282151 -0.001 0.008 -0.278
2.35686e-08 -4.03177e-09 -2.61844e-08 0 0 0
-2.53824e-08 2.91329e-09 -1.97638e-08 0 0 0
0.0577185 -0.101438 -0.353513 0.05 -0.099 -0.354
-8.136e-09 -2.5356e-08 1.99536e-08 0 0 0
3.76326e-08 1.52486e-08 -2.65127e-08 0 0 0
-0.0509217 0.102416 0.20958 -0.056 0.117 0.207
-3.02521e-08 3.50244e-08 -1.05081e-07 0 0 0
2.96479e-08 -3.40018e-08 7.26808e-09 0 0 0
0.21743 0.122996 -0.236385 0.218 0.124 -0.251
1.59705e-08 2.27625e-08 3.64328e-08 0 0 0
-1.41278e-08 1.45068e-08 2.71579e-08 0 0 0
-0.100097 0.208144 -0.087622 -0.106 0.205 -0.089
-4.35468e-08 -2.42375e-08 -1.07761e-08 0 0 0
4.11601e-09 2.75788e-08 -3.7083e-08 0 0 0
-0.273983 -0.222523 0.0883858 -0.269 -0.229 0.078
-3.55315e-08 2.71134e-08 -8.94052e-09 0 0 0
8.61216e-09 -1.0971e-08 -4.97091e-08 0 0 0
0.0319366 -0.303332 0.103797 0.038 -0.31 0.105
2.22461e-08 1.10902e-08 -1.73041e-10 0 0 0
-2.22166e-08 9.58317e-09 9.74631e-10 0 0 0
-0.113957 0.215615 0.00697754 -0.118 0.21 0.014
3.0209e-08 -2.54503e-08 2.48577e-08 0 0 0
-2.84848e-08 3.61552e-08 -5.82306e-08 0 0 0
-0.0311301 -0.168195 0.160067 -0.038 -0.18 0.156
-9.33451e-09 -6.36565e-08 -3.47094e-08 0 0 0
-5.42213e-08 -2.93128e-09 9.04614e-10 0 0 0
0.210385 -0.219675 -0.0906308 0.201 -0.226 -0.09
2.00226e-08 -1.48533e-08 9.90166e-10 0 0 0
-2.86314e-08 1.06001e-09 -2.0987e-08 0 0 0
0.191769 0.135691 0.0311469 0.191 0.126 0.035
5.60975e-09 -3.46042e-08 8.32511e-08 0 0 0
-3.37281e-08 8.32139e-08 1.04117e-08 0 0 0
-0.264846 0.137631 -0.181294 -0.269 0.146 -0.174
5.53861e-09 1.8103e-08 1.04219e-08 0 0 0
-3.62367e-08 -4.43201e-08 -4.56066e-08 0 0 0
0.310393 -0.0987342 -0.203746 0.311 -0.094 -0.201
-2.71632e-08 -1.5605e-08 -2.11541e-08 0 0 0
4.7254e-08 6.17894e-09 -5.72781e-10 0 0 0
0.0203926 0.253903 0.165531 0.027 0.249 0.151
-2.54715e-08 2.22132e-08 -1.31257e-08 0 0 0
-2.08166e-08 4.31334e-08 2.58504e-09 0 0 0
0.186346 0.0694857 -0.0229717 0.187 0.06 -0.025
6.2329e-08 -2.84896e-08 4.48264e-09 0 0 0
-1.82576e-08 4.59169e-08 6.95192e-09 0 0 0
-0.185926 -0.130102 -0.0174589 -0.189 -0.122 -0.025
-8.30655e-09 1.66724e-08 6.11598e-09 0 0 0
-1.37619e-08 -2.13197e-08 1.17203e-09 0 0 0
0.174589 -0.0259073 0.205635 0.177 -0.02 0.218
3.41616e-08 -3.04423e-09 1.00928e-08 0 0 0
2.04542e-08 -6.25317e-09 5.62191e-08 0 0 0
0.0254233 -0.259275 -0.218341 0.019 -0.257 -0.217
-1.79855e-08 5.5717e-08 -2.23351e-08 0 0 0
-1.13258e-08 9.31368e-09 2.34356e-08 0 0 0
-0.190966 -0.0891243 -0.248116 -0.185 -0.09 -0.24
9.16314e-09 2.25782e-08 -3.21079e-08 0 0 0
6.02303e-09 -7.10736e-08 4.28938e-08 0 0 0
-0.111003 0.105924 -0.13768 -0.117 0.105 -0.154
2.65355e-08 4.43471e-08 -5.69126e-08 0 0 0
-5.44144e-08 -1.00736e-08 5.13398e-08 0 0 0
-0.221301 0.217821 0.133742 -0.229 0.205 0.139
-1.5516e-08 -2.70764e-08 -1.62857e-08 0 0 0
2.64872e-08 -2.55146e-09 4.87853e-08 0 0 0
0.0664484 0.147117 0.226725 0.067 0.179 0.23
-2.92177e-08 -2.16219e-08 4.86909e-08 0 0 0
3.95525e-08 -1.67841e-08 9.38718e-09 0 0 0
-0.0282008 -0.210567 -0.201576 -0.02 -0.201 -0.218
5.34783e-09 -7.59572e-09 -2.66427e-08 0 0 0
9.21485e-10 5.77605e-08 3.50784e-10 0 0 0
-0.0390923 -0.175718 0.143203 -0.038 -0.186 0.137
-2.84047e-08 1.16232e-08 -6.3938e-09 0 0 0
4.76595e-08 -5.61112e-08 -1.21344e-08 0 0 0
-0.114847 0.0890805 -0.213806 -0.116 0.069 -0.202
5.30517e-09 -1.08091e-08 4.3475e-09 0 0 0
2.1437e-10 -4.44399e-08 -5.78548e-10 0 0 0
0.0983112 0.130532 0.196627 0.123 0.12 0.205
3.85294e-08 1.59104e-08 -4.92172e-08 0 0 0
-1.50769e-08 4.57901e-09 4.87093e-08 0 0 0
0.0817764 0.286828 -0.0220305 0.071 0.274 -0.012
-1.43913e-09 8.2589e-09 -4.23371e-09 0 0 0
8.09997e-09 1.90321e-08 2.76705e-08 0 0 0
0.157399 -0.0187002 -0.116423 0.157 -0.017 -0.123
3.51779e-09 4.54686e-09 -9.32295e-09 0 0 0
1.34512e-08 -2.56977e-08 -5.50596e-08 0 0 0
0.178822 -0.103088 -0.00889864 0.183 -0.104 -0.004
-5.47256e-08 -1.94747e-08 -6.74717e-08 0 0 0
4.88463e-08 4.10654e-08 -1.92269e-08 0 0 0
-0.00568808 -0.159282 0.194637 -0.004 -0.164 0.192
-1.10589e-08 -1.90724e-08 7.65011e-09 0 0 0
9.28904e-08 -5.70037e-09 2.28178e-08 0 0 0
0.0868211 0.244366 0.0270038 0.068 0.256 0.034
-5.03147e-08 1.73484e-08 -3.91738e-08 0 0 0
5.24863e-08 -1.98214e-08 -2.69958e-08 0 0 0
-0.0554819 0.189988 0.137953 -0.074 0.208 0.131
-1.05452e-08 4.51945e-08 2.50363e-08 0 0 0
2.06977e-08 4.65559e-09 -4.03636e-08 0 0 0
0.171962 0.0092031 -0.210762 0.176 -0.005 -0.198
2.74961e-08 3.41791e-08 -2.28054e-08 0 0 0
2.84625e-08 -2.35503e-08 7.69989e-08 0 0 0
-0.372559 -0.214957 -0.117875 -0.383 -0.228 -0.118
-1.5651e-08 1.56082e-08 4.61091e-08 0 0 0
4.70657e-08 3.82121e-08 -1.46707e-08 0 0 0
0.127508 0.172063 -0.216923 0.127 0.17 -0.21
3.79503e-09 9.94891e-09 1.45227e-08 0 0 0
-2.19139e-09 -5.25705e-09 -6.90898e-08 0 0 0
0.260163 0.114658 0.276299 0.259 0.114 0.281
-2.09842e-08 -2.42592e-09 6.51598e-08 0 0 0
5.73904e-09 1.73258e-08 -1.23445e-08 0 0 0
0.268513 -0.153881 0.0659595 0.271 -0.136 0.07
2.18582e-08 -1.53077e-09 -3.00221e-08 0 0 0
2.0772e-08 1.73426e-08 4.28353e-09 0 0 0
0.268986 0.108415 -0.290103 0.282 0.104 -0.287
3.31118e-09 2.69169e-08 4.13879e-08 0 0 0
2.22239e-09 -2.84081e-08 6.18737e-08 0 0 0
-0.250418 0.212892 0.00359912 -0.248 0.205 0.001
2.523e-08 2.9495e-08 1.17058e-09 0 0 0
-5.4281e-08 -5.47209e-09 1.02812e-09 0 0 0
0.167744 0.0968048 0.135628 0.165 0.099 0.142
1.65242e-08 3.86356e-08 1.8664e-08 0 0 0
4.1002e-08 -3.90301e-08 5.08159e-09 0 0 0
0.0565818 0.247015 -0.286661 0.053 0.248 -0.297
-8.07953e-09 2.14538e-08 2.0051e-08 0 0 0
-6.48558e-09 -2.6018e-08 3.22294e-08 0 0 0
0.219125 0.0206585 0.194196 0.218 0.017 0.196
1.27803e-08 -4.36861e-08 2.48543e-09 0 0 0
3.57586e-08 -6.42285e-08 -2.2506e-08 0 0 0
0.136981 0.187159 0.160187 0.135 0.174 0.168
-3.33805e-08 -4.95234e-08 1.69224e-08 0 0 0
1.28831e-08 5.36741e-08 -1.54413e-08 0 0 0
0.321266 0.0243086 0.139674 0.311 0.024 0.139
-3.0606e-08 3.72829e-08 2.66225e-08 0 0 0
-1.60107e-08 -7.0666e-10 1.4924e-09 0 0 0
-0.132461 0.0223579 -0.337407 -0.135 0.033 -0.328
1.54599e-09 2.57175e-08 3.96131e-08 0 0 0
4.24838e-08 -2.17661e-08 2.36181e-08 0 0 0
0.309411 0.0383156 -0.0643937 0.3 0.053 -0.057
-3.42782e-08 -6.93043e-09 -6.49575e-09 0 0 0
-1.74599e-08 1.2985e-08 2.82236e-08 0 0 0
0.261302 -0.233478 -0.0146682 0.26 -0.23 -0.019
-2.32543e-08 -6.11439e-08 -7.23727e-09 0 0 0
1.53923e-08 -2.71961e-08 -1.38618e-08 0 0 0
0.135232 0.199988 0.101762 0.151 0.191 0.087
1.0702e-08 -2.41938e-08 -5.37767e-08 0 0 0
1.56373e-08 8.46875e-08 2.45944e-08 0 0 0
0.10372 0.25664 -0.181993 0.117 0.266 -0.178
-2.35221e-08 -1.08259e-08 -2.4964e-08 0 0 0
-3.61359e-08 7.59106e-09 -1.93244e-08 0 0 0
-0.238485 0.0479411 -0.111824 -0.237 0.053 -0.116
2.83322e-08 2.44881e-08 -1.57923e-08 0 0 0
3.13577e-08 3.67557e-09 1.42405e-08 0 0 0
-0.14235 0.195938 -0.114939 -0.159 0.192 -0.11
-5.09704e-08 1.82154e-08 5.53629e-08 0 0 0
-2.04556e-08 2.07941e-09 -7.31212e-08 0 0 0
0.189112 0.147545 -0.140356 0.186 0.138 -0.138
2.13499e-08 3.69231e-08 3.35498e-08 0 0 0
-1.61293e-08 -1.35628e-08 -2.20497e-08 0 0 0
-0.0739742 -0.0883659 -0.253564 -0.081 -0.073 -0.262
3.08253e-09 4.78234e-08 -3.1406e-08 0 0 0
-3.774e-08 -1.709e-08 5.49325e-08 0 0 0
-0.19256 0.231074 -0.0883654 -0.184 0.244 -0.118
-4.57742e-08 3.76652e-08 7.08477e-10 0 0 0
-2.66373e-08 8.41895e-09 5.29103e-08 0 0 0
0.303606 0.0436286 0.11138 0.313 0.045 0.116
3.60863e-09 1.24383e-08 -5.54691e-08 0 0 0
-6.56403e-08 -1.25319e-08 -2.8828e-09 0 0 0
0.154212 0.263788 -0.0919935 0.144 0.259 -0.096
1.63125e-08 1.3982e-08 1.59512e-08 0 0 0
9.53004e-09 -1.75274e-08 9.21597e-10 0 0 0
0.241319 -0.0176489 0.109741 0.246 -0.012 0.097
-5.86904e-08 -5.58852e-09 -3.97167e-08 0 0 0
1.01073e-08 -1.92821e-08 -2.99243e-09 0 0 0
0.0195698 -0.123753 0.296325 0.01 -0.126 0.3
-1.47626e-08 -3.49255e-08 7.16928e-09 0 0 0
6.86143e-08 1.42033e-08 -6.24827e-09 0 0 0
-0.107639 0.288306 -0.0885904 -0.102 0.269 -0.099
-3.5674e-09 6.5022e-09 -6.65594e-10 0 0 0
1.27445e-08 -3.89854e-08 6.2295e-08 0 0 0
-0.136061 -0.0513915 0.246638 -0.142 -0.055 0.244
-3.04506e-08 -1.89256e-08 1.45169e-10 0 0 0
-3.82249e-08 3.92751e-08 -4.16618e-08 0 0 0
0.151428 0.122283 0.0313791 0.158 0.127 0.041
-6.09854e-08 1.57605e-08 -1.31717e-08 0 0 0
1.86005e-08 -2.20609e-08 -1.08393e-08 0 0 0
0.0563684 -0.20034 -0.0629097 0.061 -0.195 -0.064
-2.18979e-08 -3.84189e-08 1.03597e-08 0 0 0
4.52055e-08 -1.23589e-08 1.0517e-08 0 0 0
0.195835 -0.0191314 0.22786 0.179 -0.025 0.224
-5.0932e-08 -1.91609e-08 -1.33416e-08 0 0 0
3.22277e-08 1.85581e-10 -3.89833e-09 0 0 0
-0.0995347 -0.0100827 0.282353 -0.091 -0.01 0.271
2.05541e-08 -6.46048e-08 3.70282e-08 0 0 0
-2.38679e-09 4.29807e-08 8.08087e-09 0 0 0
-0.0360139 -0.0010741 -0.335991 -0.037 0.013 -0.318
3.27392e-08 6.07129e-09 -1.10242e-08 0 0 0
-3.6477e-08 4.22739e-08 -2.00785e-08 0 0 0
-0.349034 0.0696545 0.0279295 -0.35 0.055 0.032
4.06202e-09 2.62695e-08 -2.94016e-08 0 0 0
3.45147e-09 5.55673e-08 4.64308e-08 0 0 0
-0.047123 0.308694 0.0141156 -0.054 0.299 0.024
-2.08336e-08 1.04899e-08 -4.91088e-08 0 0 0
1.6869e-08 -2.3199e-08 4.19727e-08 0 0 0
-0.21788 0.200594 -0.0963013 -0.218 0.202 -0.095
-1.95253e-08 2.42942e-08 -3.42233e-08 0 0 0
1.65128e-08 4.77458e-09 1.78629e-08 0 0 0
-0.243199 0.194949 -0.1515 -0.23 0.187 -0.142
2.74747e-08 5.20317e-08 -3.25532e-08 0 0 0
2.52442e-08 -1.90323e-08 2.67825e-08 0 0 0
-0.127376 -0.16207 -0.0376391 -0.127 -0.16 -0.04
-5.63887e-09 -1.45571e-08 -2.38137e-08 0 0 0
-4.02457e-08 3.5698e-08 -1.12436e-08 0 0 0
-0.138297 -0.103332 0.188824 -0.144 -0.108 0.201
6.44384e-08 -2.29001e-08 1.38396e-10 0 0 0
-3.79475e-08 -1.38612e-08 -2.73567e-08 0 0 0
-0.0134132 0.176188 -0.0279069 -0.011 0.187 -0.026
1.46475e-08 3.92921e-08 2.23221e-08 0 0 0
1.45879e-08 5.13102e-08 -6.04194e-08 0 0 0
-0.0842786 -0.146904 0.187669 -0.07 -0.142 0.189
5.98442e-08 -1.58233e-08 1.12573e-08 0 0 0
-4.62451e-08 3.79234e-08 -1.34562e-08 0 0 0
0.0634857 0.146895 -0.184807 0.06 0.143 -0.161
3.72988e-08 -3.62861e-08 -2.97659e-08 0 0 0
-2.17117e-08 1.4209e-08 3.63386e-08 0 0 0
0.127565 0.151925 0.0551428 0.139 0.132 0.071
1.56844e-08 6.91501e-08 -5.74663e-09 0 0 0
3.71627e-08 -2.86263e-08 2.24984e-08 0 0 0
-0.121376 0.0721732 -0.09886 -0.122 0.089 -0.11
-6.4416e-09 -2.46102e-08 -1.43917e-08 0 0 0
-4.51924e-09 6.7183e-08 -4.77631e-09 0 0 0
0.233634 0.0278591 0.0342668 0.231 0.028 0.033
1.17404e-08 1.79088e-08 -2.37485e-08 0 0 0
-3.72527e-08 1.56933e-08 -1.53226e-08 0 0 0
-0.00457503 0.20174 -0.157503 0.019 0.212 -0.171
9.54915e-09 1.66412e-08 1.04238e-08 0 0 0
2.05983e-08 -2.26358e-08 6.79611e-09 0 0 0
0.157729 0.273677 -0.178259 0.162 0.273 -0.177
4.98569e-08 -3.6064e-08 -1.34049e-08 0 0 0
-1.38657e-08 -7.86398e-09 2.53958e-08 0 0 0
-0.195881 -0.0771075 0.0212945 -0.221 -0.087 0.013
6.35862e-08 1.2571e-08 2.03902e-09 0 0 0
-2.40496e-08 2.30205e-08 6.12298e-08 0 0 0
0.223542 0.117297 0.0647613 0.231 0.107 0.072
3.67222e-08 8.92229e-09 2.46838e-08 0 0 0
-4.19951e-08 1.2744e-08 -4.39027e-09 0 0 0
-0.148898 -0.0493549 -0.0961775 -0.155 -0.037 -0.102
3.40071e-08 8.29529e-10 8.49452e-09 0 0 0
-7.12052e-08 -1.50713e-08 -5.44118e-08 0 0 0
0.0708907 -0.07598 -0.321344 0.075 -0.078 -0.31
-3.49345e-08 3.51997e-08 -2.52377e-08 0 0 0
-5.22759e-08 -1.41637e-08 -2.93135e-08 0 0 0
-0.27784 -0.0177556 -0.223812 -0.271 -0.022 -0.229
-5.35684e-08 -1.3449e-08 3.17353e-08 0 0 0
9.29676e-09 6.72467e-08 1.54915e-08 0 0 0
-0.194103 0.289922 -0.0756755 -0.192 0.283 -0.082
-3.87375e-08 3.38461e-09 -3.56276e-08 0 0 0
6.15582e-08 5.35651e-08 1.62538e-08 0 0 0
0.00374158 0.215719 0.177674 0.007 0.217 0.197
-6.69498e-09 -4.05684e-08 -8.45816e-09 0 0 0
5.65124e-08 -2.42795e-08 1.80549e-08 0 0 0
-0.127218 -0.0119294 -0.12339 -0.121 -0.001 -0.11
-6.06049e-09 3.29433e-08 -5.89947e-08 0 0 0
-1.61776e-08 9.27233e-09 1.3894e-08 0 0 0
-0.0586961 -0.206634 0.192938 -0.075 -0.184 0.186
-2.91553e-08 -1.65024e-09 -3.655e-08 0 0 0
2.52512e-08 -7.4277e-09 -7.90688e-09 0 0 0
-0.0439036 -0.0127406 -0.176084 -0.05 -0.013 -0.185
-1.82228e-08 -2.7431e-08 -3.93957e-08 0 0 0
5.85347e-08 4.43488e-10 -1.64071e-08 0 0 0
0.00982081 0.161089 0.272614 0.012 0.161 0.274
-2.02612e-08 1.86877e-08 -6.34077e-09 0 0 0
-3.37832e-08 1.26519e-08 3.99185e-08 0 0 0
0.11736 0.194479 0.199635 0.108 0.197 0.198
4.50003e-08 8.31121e-09 2.84754e-08 0 0 0
-2.50256e-08 3.16368e-08 -3.28086e-08 0 0 0
0.241527 -0.0235006 -0.233782 0.231 -0.02 -0.223
-1.87345e-08 6.87161e-09 -2.0118e-09 0 0 0
5.81677e-09 -1.5744e-08 2.18686e-08 0 0 0
0.229376 -0.137793 -0.0950077 0.231 -0.134 -0.088
3.90603e-08 -7.11616e-09 -1.28415e-09 0 0 0
-5.62043e-08 -3.86835e-08 2.53057e-09 0 0 0
0.0147075 -0.204922 0.191295 0.019 -0.212 0.194
1.08632e-08 -2.60055e-08 3.98816e-08 0 0 0
3.86891e-08 2.05152e-08 -1.48558e-08 0 0 0
-0.0856274 0.293255 -0.123812 -0.079 0.288 -0.115
-2.70106e-08 3.92196e-08 -4.28535e-08 0 0 0
8.58815e-08 4.3284e-08 -2.4307e-08 0 0 0
0.216767 0.165524 0.118359 0.194 0.163 0.1
1.88074e-08 2.56043e-08 -2.95696e-08 0 0 0
3.75841e-08 1.31187e-08 3.8398e-08 0 0 0
0.266924 0.107513 -0.0543108 0.259 0.1 -0.061
-3.28835e-08 4.45369e-08 1.57389e-08 0 0 0
-1.17373e-08 -4.27859e-08 2.27072e-08 0 0 0
0.368821 0.0958701 0.170691 0.371 0.102 0.176
-1.15084e-08 -2.04193e-09 -5.54036e-08 0 0 0
-8.41093e-09 -3.92828e-08 2.36396e-08 0 0 0
0.0464336 0.085109 -0.203343 0.047 0.094 -0.192
3.46652e-08 1.43012e-08 -5.83548e-08 0 0 0
1.17462e-08 4.07857e-08 1.49463e-08 0 0 0
0.142754 0.10129 0.122373 0.141 0.108 0.12
7.10223e-08 1.20483e-08 -3.29653e-08 0 0 0
-7.83722e-09 1.41919e-08 8.42314e-08 0 0 0
0.218392 -0.01608 0.165739 0.223 -0.022 0.172
4.87295e-09 -3.91592e-09 1.46168e-08 0 0 0
4.91864e-08 -9.00077e-09 -3.25293e-08 0 0 0
0.303218 0.219437 0.0317009 0.3 0.218 0.041
-1.72502e-08 -2.20342e-08 -2.97312e-08 0 0 0
3.72322e-08 8.21277e-09 2.70639e-08 0 0 0
0.126391 -0.101879 0.256782 0.128 -0.106 0.27
2.86095e-08 -2.42175e-08 -3.13385e-08 0 0 0
-6.23416e-08 -1.42153e-08 8.25356e-09 0 0 0
0.15521 0.0191161 0.225491 0.147 0.029 0.225
-2.73183e-08 1.33525e-08 2.93554e-08 0 0 0
2.86559e-08 -2.78691e-08 1.33347e-08 0 0 0
-0.0977608 0.211739 0.148404 -0.101 0.191 0.129
-3.97623e-08 -1.92921e-08 2.43249e-08 0 0 0
1.8109e-08 3.82611e-08 3.53885e-08 0 0 0
0.085866 0.271975 0.0268194 0.081 0.274 0.03
3.32091e-10 -4.14189e-09 -1.5698e-08 0 0 0
8.11322e-09 7.23761e-09 3.82513e-08 0 0 0
0.0340681 0.332773 0.201252 0.047 0.349 0.199
2.92538e-08 -3.34036e-08 -2.38104e-08 0 0 0
-4.25772e-08 -4.12063e-09 1.74942e-08 0 0 0
0.251517 -0.0845958 0.0173652 0.254 -0.097 0.017
7.36922e-09 -1.12118e-08 -5.33735e-08 0 0 0
-1.21361e-08 3.59009e-09 -2.21068e-08 0 0 0
-0.144725 0.00924189 -0.277386 -0.152 0.007 -0.279
1.86929e-08 1.51211e-08 3.56928e-09 0 0 0
-7.07337e-09 1.90643e-08 -7.46654e-09 0 0 0
0.236963 -0.132613 -0.110608 0.238 -0.127 -0.112
-5.41547e-08 -4.09589e-08 2.15018e-08 0 0 0
2.21701e-08 9.56502e-09 8.39257e-09 0 0 0
0.111127 -0.137847 0.00416492 0.111 -0.128 0.002
8.41509e-09 -3.67191e-08 -4.83121e-08 0 0 0
-2.22788e-08 4.61734e-08 1.32831e-08 0 0 0
0.187831 0.0928811 0.0201195 0.194 0.093 0.022
5.48503e-08 3.18428e-08 2.43389e-08 0 0 0
3.75103e-08 3.84327e-09 4.60515e-09 0 0 0
0.133841 0.0103287 -0.12801 0.114 -0.019 -0.136
1.45132e-08 -2.79615e-08 -1.46641e-08 0 0 0
8.35835e-09 -5.36073e-09 -3.40185e-08 0 0 0
-0.0260177 0.214246 -0.157906 -0.043 0.193 -0.149
-3.83227e-08 5.63734e-08 2.11139e-08 0 0 0
2.11823e-08 -4.1104e-09 -2.57547e-08 0 0 0
-0.21263 0.134492 -0.0960041 -0.202 0.127 -0.1
-1.76615e-08 -1.79642e-08 3.92385e-08 0 0 0
-6.98679e-09 3.15033e-08 -3.87131e-08 0 0 0
0.216065 -0.00904337 -0.242615 0.204 -0.008 -0.233
-3.88794e-08 1.51912e-08 3.40184e-09 0 0 0
1.95469e-08 -3.54789e-08 1.15941e-08 0 0 0
-0.0509056 -0.0718197 -0.217514 -0.037 -0.067 -0.22
-3.13603e-09 8.3066e-10 -1.6391e-09 0 0 0
-1.65196e-08 -1.47501e-08 2.56765e-08 0 0 0
-0.119771 0.169324 0.141479 -0.113 0.173 0.134
-3.90202e-08 -2.43109e-08 1.41826e-08 0 0 0
-2.90123e-09 -3.61859e-08 -5.02863e-08 0 0 0
0.387897 0.0273361 0.0126866 0.386 0.036 0.003
-3.20135e-10 -2.50958e-08 5.71652e-08 0 0 0
-4.76426e-08 6.25001e-08 -2.50653e-11 0 0 0
0.0789659 0.195455 -0.107316 0.087 0.196 -0.108
1.09777e-08 -4.96066e-08 1.63799e-08 0 0 0
1.86987e-09 5.71832e-08 2.99464e-08 0 0 0
0.0101179 -0.198324 -0.242852 -0.03 -0.23 -0.259
-2.48109e-09 -3.17538e-09 4.07129e-08 0 0 0
1.21014e-08 -2.53547e-08 -4.48106e-08 0 0 0
0.16403 -0.0298193 0.135721 0.16 -0.029 0.131
6.28384e-08 6.70384e-09 -3.63882e-09 0 0 0
-3.78383e-08 -4.42755e-08 -4.73748e-08 0 0 0
-0.068904 0.190931 0.0780081 -0.036 0.206 0.084
1.33279e-08 -2.58821e-08 3.42563e-08 0 0 0
1.81051e-08 6.18991e-09 8.88177e-09 0 0 0
-0.00754771 0.0402652 0.236977 -0.022 0.044 0.246
-8.13118e-08 -3.51396e-08 -3.44366e-08 0 0 0
-3.41859e-08 -6.60424e-08 2.55105e-09 0 0 0
0.0787268 0.269777 -0.152133 0.078 0.263 -0.14
-5.18924e-08 -1.19691e-08 5.73185e-08 0 0 0
3.44262e-08 3.67725e-09 1.53487e-08 0 0 0
0.256239 -0.0878842 -0.146121 0.257 -0.065 -0.153
-2.53022e-08 -2.02098e-09 3.70981e-08 0 0 0
3.02733e-09 -6.2097e-08 -1.1307e-08 0 0 0
0.136092 -0.0135833 0.130086 0.123 -0.016 0.14
-4.48936e-08 -1.72515e-08 3.81346e-08 0 0 0
3.24355e-08 6.33989e-09 -6.5583e-09 0 0 0
0.215301 0.129865 0.123441 0.217 0.13 0.109
-3.51975e-09 -6.92328e-08 2.09188e-09 0 0 0
-5.18914e-09 1.61066e-08 -1.21125e-08 0 0 0
-0.0326503 0.0460237 -0.29763 -0.039 0.032 -0.3
-2.82837e-08 1.45683e-08 3.58006e-08 0 0 0
-3.8233e-09 8.98888e-09 1.73928e-09 0 0 0
-0.0422342 -0.0251547 0.292033 -0.055 -0.033 0.282
-1.50114e-09 -9.69757e-10 1.60347e-08 0 0 0
4.41987e-08 -1.20266e-08 4.95914e-08 0 0 0
-0.248925 0.155887 0.161295 -0.266 0.181 0.179
-2.18363e-08 -2.01286e-08 -1.73774e-08 0 0 0
2.11279e-08 8.73856e-09 3.84387e-08 0 0 0
0.0659598 0.190243 -0.0215688 0.07 0.193 -0.036
-3.44224e-08 2.01735e-08 9.82028e-09 0 0 0
-9.18909e-09 -1.68322e-08 -3.43622e-08 0 0 0
-0.165466 0.195079 -0.187031 -0.167 0.202 -0.196
-7.9893e-09 3.7849e-08 4.08527e-08 0 0 0
-2.46003e-08 -1.07576e-08 -1.24905e-08 0 0 0
-0.0537857 0.282256 -0.000258774 -0.066 0.291 0.002
-8.88714e-09 -1.80657e-08 2.93812e-08 0 0 0
2.89988e-08 -1.49314e-08 4.60682e-09 0 0 0
0.00527603 -0.0341354 0.16963 -0.002 -0.026 0.17
-5.02184e-08 2.63354e-09 2.00763e-08 0 0 0
3.07668e-08 2.89826e-08 2.5429e-08 0 0 0
0.112233 0.145579 -0.237666 0.108 0.143 -0.234
-3.73455e-08 3.97676e-08 1.02625e-08 0 0 0
1.07948e-08 4.9861e-08 2.90533e-08 0 0 0
-0.069022 -0.2343 0.133646 -0.068 -0.225 0.124
-3.10757e-08 -5.59652e-09 -6.70011e-08 0 0 0
-2.67842e-08 2.34509e-08 3.98655e-08 0 0 0
0.0323513 0.342768 -0.0769872 0.031 0.347 -0.075
-4.62197e-08 2.10717e-08 -4.20684e-08 0 0 0
1.44582e-08 -6.90247e-09 1.12638e-08 0 0 0
0.34967 0.131183 -0.0327839 0.349 0.145 -0.046
-4.08685e-08 -4.02611e-08 3.94673e-08 0 0 0
4.12802e-08 -8.10533e-09 -5.82618e-08 0 0 0
-0.283359 0.0541074 0.0639349 -0.307 0.03 0.086
3.50117e-08 -1.56913e-08 1.36754e-08 0 0 0
-2.04946e-08 -2.32866e-08 -4.95323e-08 0 0 0
0.316326 -0.0607503 -0.272883 0.323 -0.052 -0.304
-3.16913e-08 1.86065e-08 -5.17978e-08 0 0 0
1.05819e-08 2.50792e-08 4.72191e-09 0 0 0
0.165708 0.318151 0.0945463 0.169 0.32 0.063
5.86509e-08 1.76047e-08 3.2063e-10 0 0 0
7.14986e-09 4.01021e-08 1.63329e-08 0 0 0
0.0512289 0.258407 -0.108338 0.055 0.267 -0.102
-5.17411e-08 3.49751e-08 2.3162e-09 0 0 0
5.3733e-09 -6.1384e-08 -4.17502e-09 0 0 0
-0.348634 -0.0811264 0.0455924 -0.347 -0.086 0.041
-4.50182e-08 -2.35901e-08 1.31116e-08 0 0 0
-4.98631e-08 -9.4495e-10 4.02057e-08 0 0 0
0.184129 -0.0604422 0.22021 0.188 -0.059 0.215
-3.85801e-08 3.97935e-08 5.44565e-08 0 0 0
2.91255e-08 5.95449e-08 -1.79351e-08 0 0 0
-0.144509 -0.00268116 -0.232054 -0.144 -0.01 -0.237
-8.52388e-09 -3.97943e-08 -5.72208e-08 0 0 0
-4.04369e-08 -5.47703e-09 7.8601e-09 0 0 0
-0.0132553 -0.20435 0.045484 -0.011 -0.23 0.037
8.09932e-08 -4.7233e-08 -9.74726e-09 0 0 0
-9.72636e-09 1.14003e-08 5.75227e-09 0 0 0
-0.322215 0.147323 -0.136267 -0.331 0.159 -0.155
4.11924e-08 -1.45665e-08 -3.70444e-08 0 0 0
-1.18079e-08 3.53442e-08 7.58029e-09 0 0 0
-0.0356578 0.163574 0.048418 -0.041 0.159 0.053
2.08273e-08 1.65274e-08 -3.47532e-09 0 0 0
1.47407e-08 2.71518e-09 7.42248e-08 0 0 0
0.0190787 0.234338 0.0678137 0.018 0.244 0.069
-3.1255e-08 6.3112e-08 -1.03351e-08 0 0 0
5.13655e-08 1.09284e-08 3.4248e-08 0 0 0
-0.0260348 -0.0800987 -0.269629 -0.022 -0.099 -0.266
3.33927e-08 6.95591e-09 9.56899e-09 0 0 0
1.31443e-08 4.47278e-08 -1.83271e-08 0 0 0
-0.00693172 -0.0772205 0.155913 -0.03 -0.085 0.161
-2.93539e-09 -6.58304e-08 -2.44249e-08 0 0 0
-1.29338e-08 3.68254e-09 2.91539e-08 0 0 0
-0.151189 0.155546 -0.0751733 -0.163 0.159 -0.08
-2.7293e-08 1.35614e-08 7.07013e-09 0 0 0
1.323e-08 -1.79199e-08 -3.02132e-08 0 0 0
0.105188 -0.051386 0.323888 0.102 -0.054 0.321
1.85404e-08 -2.20075e-08 3.48227e-08 0 0 0
-1.87081e-08 1.27807e-08 -1.80806e-08 0 0 0
0.197264 -0.259091 -0.052792 0.194 -0.258 -0.045
2.54444e-09 -2.39802e-08 -9.83319e-09 0 0 0
-5.55702e-08 -2.68286e-08 3.13443e-09 0 0 0
0.106188 -0.23433 -0.158371 0.101 -0.231 -0.148
4.83856e-08 -1.25973e-08 7.48818e-09 0 0 0
4.423e-08 1.191e-08 -3.9757e-08 0 0 0
0.233479 -0.221899 0.120998 0.241 -0.209 0.116
5.81435e-08 2.55405e-08 -6.43686e-08 0 0 0
-3.52361e-08 -2.63115e-08 -4.03164e-09 0 0 0
0.224237 -0.141416 0.181744 0.224 -0.145 0.172
8.31942e-09 -7.6351e-09 7.5335e-08 0 0 0
-5.94248e-08 6.38758e-08 -3.11381e-10 0 0 0
0.266732 0.178866 -0.115653 0.26 0.166 -0.116
-1.22087e-08 3.61935e-08 -4.40046e-08 0 0 0
-2.30193e-10 -4.64246e-08 2.65703e-08 0 0 0
0.186896 0.060171 -0.114015 0.185 0.062 -0.111
6.28748e-08 1.08748e-08 -6.25955e-08 0 0 0
-1.52755e-08 4.00805e-08 -3.91975e-09 0 0 0
0.219284 0.0961307 0.080721 0.224 0.089 0.085
2.02728e-08 -1.20392e-08 1.55809e-08 0 0 0
-2.41366e-09 4.6877e-09 -3.03757e-08 0 0 0
-0.0921657 0.322539 -0.0271169 -0.089 0.34 -0.016
-1.80552e-08 7.21759e-09 4.89104e-09 0 0 0
6.85944e-08 -7.69116e-08 4.47367e-09 0 0 0
-0.124536 0.14072 -0.274865 -0.114 0.135 -0.26
-2.46515e-08 1.72161e-09 8.75877e-09 0 0 0
-2.80086e-08 -3.01141e-08 1.9283e-08 0 0 0
0.162018 0.165596 0.156312 0.174 0.158 0.157
-6.77927e-09 -1.63492e-08 -2.77767e-08 0 0 0
-3.80122e-08 -1.85803e-08 -4.29372e-08 0 0 0
0.226209 -0.14069 0.20984 0.22 -0.14 0.204
1.07847e-09 -1.83971e-08 5.56947e-08 0 0 0
-3.24621e-09 1.49703e-08 -2.94991e-08 0 0 0
0.0530548 0.0523649 -0.341175 0.061 0.054 -0.337
1.63088e-08 -3.47452e-08 -7.51812e-09 0 0 0
2.25088e-08 -1.60323e-08 -5.80522e-08 0 0 0
-0.183552 0.213343 -0.0126154 -0.18 0.205 -0.014
-5.2095e-08 -2.35094e-08 -1.63e-09 0 0 0
2.38831e-08 1.92668e-08 -2.27439e-08 0 0 0
0.157211 0.0869977 0.252695 0.166 0.085 0.256
-4.44146e-08 7.96589e-08 3.31054e-09 0 0 0
5.05864e-08 -5.4036e-08 -2.61903e-08 0 0 0
-0.0934493 0.219641 -0.00218085 -0.099 0.22 -0.008
-1.14854e-08 -3.23564e-08 -1.70724e-08 0 0 0
1.63847e-08 6.64596e-10 1.31846e-08 0 0 0
-0.179959 0.296229 0.22334 -0.176 0.305 0.202
-2.37698e-08 2.5937e-08 -8.71409e-09 0 0 0
1.93933e-08 3.32279e-08 -3.9758e-08 0 0 0
0.230584 -0.147981 0.132349 0.241 -0.144 0.141
-1.53609e-08 1.06894e-08 -3.53348e-08 0 0 0
8.13995e-11 -3.90947e-09 1.02817e-08 0 0 0
0.224462 -0.170384 -0.0395092 0.222 -0.18 -0.03
1.49818e-08 -3.85076e-08 -1.99096e-08 0 0 0
4.78664e-08 2.2756e-08 5.15527e-08 0 0 0
0.261792 0.0323691 -0.126514 0.267 0.028 -0.136
9.41554e-09 -6.21096e-08 6.6981e-09 0 0 0
1.15691e-08 7.95183e-08 -5.23617e-08 0 0 0
0.208179 0.0301875 -0.253172 0.21 0.022 -0.247
-5.59455e-09 -1.07952e-09 2.35234e-08 0 0 0
8.12611e-09 -4.974e-08 -6.48206e-09 0 0 0
0.192201 -0.0952233 0.1306 0.207 -0.091 0.134
4.54055e-08 -4.71256e-08 1.78185e-08 0 0 0
-4.63446e-09 -1.8227e-08 6.50738e-09 0 0 0
0.164991 0.252373 -0.08948 0.165 0.261 -0.083
8.90823e-10 2.17258e-08 4.64766e-08 0 0 0
-2.89665e-08 3.01019e-09 -1.85293e-08 0 0 0
0.182574 0.231693 -0.0885547 0.177 0.235 -0.087
-8.50432e-10 3.21762e-08 -3.41654e-08 0 0 0
2.46961e-08 -1.79983e-08 -2.65538e-09 0 0 0
-0.143483 0.155637 -0.161311 -0.134 0.141 -0.162
-1.47966e-08 -4.13911e-08 1.45567e-08 0 0 0
5.34619e-09 -1.11937e-08 -9.95451e-08 0 0 0
0.0520795 -0.216975 -0.0472539 0.052 -0.223 -0.049
1.63858e-08 1.90074e-08 3.45134e-08 0 0 0
5.96777e-08 5.07426e-08 1.94019e-09 0 0 0
0.00311164 -0.11222 -0.249659 0.01 -0.104 -0.249
1.06227e-08 -4.54242e-08 -3.80525e-08 0 0 0
-3.27472e-09 4.24671e-08 -6.48711e-09 0 0 0
-0.122174 0.240193 -0.134027 -0.127 0.233 -0.121
-1.68166e-08 -3.34989e-08 3.40959e-09 0 0 0
1.40985e-08 3.72558e-08 8.46886e-09 0 0 0
-0.334337 -0.119425 -0.115277 -0.318 -0.119 -0.115
-2.01395e-08 3.04806e-08 -1.54843e-08 0 0 0
-6.18196e-09 -3.10024e-08 2.57508e-08 0 0 0
-0.224435 0.199982 0.201591 -0.243 0.189 0.21
4.40356e-08 4.96595e-08 5.19406e-08 0 0 0
-3.20741e-08 -1.50429e-08 1.61884e-08 0 0 0
0.238496 -0.027696 -0.212661 0.243 -0.021 -0.22
-2.91127e-08 -1.31443e-08 1.72389e-08 0 0 0
1.93459e-09 -9.14912e-09 2.61031e-08 0 0 0
0.216091 -0.236386 -0.0917105 0.209 -0.238 -0.102
1.87565e-08 7.67669e-08 -5.51575e-09 0 0 0
-6.72205e-09 1.48118e-08 3.63033e-08 0 0 0
0.251832 -0.0956237 0.257131 0.243 -0.104 0.233
-9.39828e-10 -4.59461e-09 -3.81468e-09 0 0 0
8.66138e-09 -3.648e-08 -2.18385e-08 0 0 0
0.15569 0.281315 0.022906 0.158 0.264 0.033
-8.76188e-09 5.77796e-08 1.9784e-08 0 0 0
1.97422e-08 -1.44077e-09 -4.71197e-08 0 0 0
-0.100766 -0.170955 0.0127886 -0.097 -0.16 0.02
-7.45313e-08 3.59852e-08 2.06345e-08 0 0 0
-3.70855e-08 -8.61065e-10 -3.15014e-09 0 0 0
0.207709 0.194289 -0.0593369 0.208 0.187 -0.059
3.14355e-08 -6.97292e-09 -1.6369e-08 0 0 0
-2.40395e-08 2.46605e-08 1.13319e-08 0 0 0
0.124743 -0.255322 -0.173328 0.121 -0.237 -0.179
1.10559e-08 -4.5085e-09 2.62708e-08 0 0 0
3.30983e-08 1.43254e-08 4.35869e-09 0 0 0
0.174106 0.0039612 0.192233 0.175 0.002 0.196
-4.15695e-09 -2.26832e-09 2.29372e-08 0 0 0
-6.40887e-08 -2.17104e-08 -2.79024e-09 0 0 0
0.161737 0.209182 -0.00834915 0.173 0.21 -0.01
1.30266e-08 5.40744e-09 2.52954e-08 0 0 0
-2.82605e-08 4.45044e-08 1.80053e-08 0 0 0
-0.147735 0.202805 -0.033491 -0.15 0.205 0.01
2.03322e-08 1.79821e-08 -1.75069e-08 0 0 0
1.5328e-09 -1.86882e-08 2.4436e-09 0 0 0
-0.254565 0.25836 0.0949465 -0.254 0.279 0.084
-1.74427e-08 -3.93568e-09 1.03196e-09 0 0 0
-2.87227e-08 -7.934e-09 2.89057e-10 0 0 0
0.195849 0.250157 0.140829 0.2 0.261 0.152
4.08443e-08 2.8518e-08 2.43107e-08 0 0 0
4.18316e-08 2.35842e-08 1.58506e-08 0 0 0
-0.120759 0.212328 0.0462298 -0.12 0.218 0.049
2.8563e-08 -3.53313e-09 -3.4833e-10 0 0 0
-1.98966e-09 2.85989e-08 -2.62213e-08 0 0 0
-0.0669475 -0.262908 0.284544 -0.07 -0.262 0.285
8.20737e-09 2.9276e-09 4.79072e-08 0 0 0
-1.16524e-08 2.29369e-09 3.37938e-08 0 0 0
-0.133102 -0.208429 -0.0333433 -0.14 -0.212 -0.03
-3.07618e-08 2.26123e-08 4.17189e-08 0 0 0
-4.09915e-08 -5.81535e-09 -2.35323e-08 0 0 0
-0.0206089 -0.220287 0.226258 -0.006 -0.22 0.23
3.49332e-08 -8.00731e-09 -3.61415e-08 0 0 0
-3.88765e-08 1.87903e-08 -2.52481e-08 0 0 0
-0.0910401 0.10012 0.0582922 -0.056 0.073 0.065
-3.17895e-08 2.16362e-08 9.20517e-09 0 0 0
4.58161e-08 -5.37358e-09 1.46581e-08 0 0 0
-0.0942354 -0.194395 0.192686 -0.087 -0.195 0.195
-9.77968e-09 -6.52333e-08 -6.52652e-09 0 0 0
2.77194e-08 3.82774e-09 4.04872e-10 0 0 0
0.0588119 0.115232 -0.280938 -0.053 0.103 -0.347
2.95887e-08 1.03151e-08 7.8884e-08 0 0 0
3.23827e-08 5.32239e-08 -2.18199e-08 0 0 0
0.0220633 0.198945 0.205955 0.017 0.197 0.212
-3.97852e-08 -6.64822e-09 1.49678e-08 0 0 0
-6.59499e-09 7.74408e-08 2.964e-08 0 0 0
-0.165142 0.0754018 -0.179438 -0.157 0.085 -0.176
-3.7032e-08 -4.27076e-09 8.87244e-09 0 0 0
-2.63298e-08 7.6246e-09 3.11505e-08 0 0 0
0.190865 0.138121 -0.0308886 0.191 0.125 -0.034
-3.92954e-08 -3.51023e-08 3.8221e-08 0 0 0
1.5273e-09 3.83795e-09 -5.49398e-08 0 0 0
-0.219708 0.194037 0.264524 -0.21 0.184 0.265
-1.19876e-09 1.89062e-08 -3.41106e-08 0 0 0
-6.54269e-09 -3.30735e-08 1.69344e-08 0 0 0
0.269761 0.143071 -0.167783 0.268 0.157 -0.172
-8.57048e-09 3.32951e-09 1.3477e-08 0 0 0
-1.42172e-08 4.79284e-08 2.37364e-08 0 0 0
-0.133755 -0.167924 0.251048 -0.128 -0.182 0.24
4.2452e-08 -2.41058e-08 1.0192e-08 0 0 0
-2.68679e-08 4.67515e-09 2.92582e-08 0 0 0
-0.0294381 0.237505 0.246216 -0.028 0.24 0.252
-2.24033e-08 -2.87034e-08 -2.49824e-09 0 0 0
-3.48424e-08 6.34325e-08 3.58857e-08 0 0 0
-0.0286989 -0.0702329 -0.229814 -0.036 -0.069 -0.235
1.37453e-08 -2.22268e-08 -1.2623e-08 0 0 0
-1.60785e-08 2.51894e-08 2.15889e-08 0 0 0
-0.0509899 -0.217063 -0.129891 -0.049 -0.225 -0.137
-1.80672e-09 -2.90605e-08 2.18619e-08 0 0 0
-2.4283e-08 2.30812e-08 -1.1389e-08 0 0 0
-0.227974 -0.0538147 -0.110723 -0.226 -0.057 -0.108
5.02927e-09 3.1958e-08 -4.97856e-08 0 0 0
-2.86945e-08 -2.34173e-08 -3.01401e-08 0 0 0
-0.0602398 0.271067 -0.00919624 -0.065 0.272 -0.03
3.34127e-08 7.65426e-09 -4.03575e-08 0 0 0
6.49068e-09 -1.63037e-09 5.35879e-08 0 0 0
0.184617 0.0681398 0.0670358 0.192 0.088 0.065
1.17966e-08 -2.73318e-08 1.10032e-08 0 0 0
-2.54899e-08 5.51662e-08 -2.82368e-09 0 0 0
-0.222124 0.0896894 -0.178822 -0.227 0.088 -0.167
4.64078e-08 4.38806e-09 -5.09314e-08 0 0 0
-6.55783e-08 -7.56467e-09 1.84395e-08 0 0 0
-0.137446 -0.180877 0.169469 -0.121 -0.189 0.158
2.78403e-08 -3.18724e-09 4.63627e-09 0 0 0
4.62013e-08 2.71442e-08 5.9018e-09 0 0 0
-0.105233 0.0458723 -0.17848 -0.111 0.043 -0.18
4.21025e-09 -1.61258e-08 9.88409e-09 0 0 0
2.31971e-08 -2.92268e-10 -4.62909e-08 0 0 0
0.167605 0.247664 0.258559 0.164 0.251 0.263
-3.38404e-08 3.08802e-08 -2.828e-09 0 0 0
3.17473e-08 -4.40702e-08 4.75083e-08 0 0 0
-0.00200257 0.0680504 0.322812 -0.009 0.066 0.325
-2.4257e-08 2.85803e-08 -4.12467e-08 0 0 0
1.15444e-08 -4.69368e-09 -2.12888e-08 0 0 0
0.260302 -0.203821 -0.039517 0.244 -0.213 -0.024
3.88588e-09 2.28114e-08 8.52206e-09 0 0 0
-2.19885e-08 3.63072e-09 -5.56375e-08 0 0 0
0.230873 -0.227996 0.110212 0.231 -0.227 0.104
-4.00201e-08 -4.79592e-08 -5.8006e-09 0 0 0
2.03641e-08 1.08048e-08 -8.73775e-09 0 0 0
-0.0641076 -0.153845 0.176691 -0.076 -0.166 0.175
1.31821e-08 2.692e-08 -1.9025e-08 0 0 0
1.78815e-08 2.13914e-08 2.82167e-09 0 0 0
0.15021 0.290316 -0.121246 0.148 0.299 -0.114
3.49775e-09 5.4473e-08 -1.09047e-08 0 0 0
1.87718e-08 -1.49099e-08 -1.57975e-08 0 0 0
0.175616 0.223644 -0.0107507 0.163 0.225 -0.014
-2.30256e-08 -7.44439e-09 -4.68009e-08 0 0 0
1.35021e-08 -8.73817e-09 7.61783e-08 0 0 0
0.312217 0.0371507 -0.0573843 0.313 0.04 -0.049
2.07552e-08 2.96944e-09 -1.583e-08 0 0 0
1.62779e-08 7.15379e-08 -4.47093e-10 0 0 0
-0.177482 0.00870352 0.113905 -0.154 0.04 0.153
-1.45915e-09 -4.48424e-08 -2.27401e-09 0 0 0
-1.01517e-08 5.33404e-08 3.40668e-08 0 0 0
0.0973199 0.149318 -0.217758 0.084 0.151 -0.219
-5.45446e-09 -2.81849e-08 -1.17849e-08 0 0 0
2.95418e-08 2.02559e-08 2.38538e-09 0 0 0
0.0259638 0.165194 0.0819141 0.021 0.167 0.095
3.05316e-08 9.43494e-08 3.75158e-09 0 0 0
-1.32286e-08 1.16155e-10 1.14841e-08 0 0 0
0.203859 -0.166528 0.179572 0.21 -0.165 0.164
1.20302e-08 -1.79594e-08 -5.52979e-09 0 0 0
-5.54895e-09 3.9087e-08 -5.12691e-08 0 0 0
0.008523 0.124697 -0.23627 0.003 0.126 -0.233
2.14063e-08 3.91022e-08 -5.65224e-09 0 0 0
3.9601e-09 -7.11198e-08 -1.00768e-08 0 0 0
-0.155405 0.20052 0.0795498 -0.141 0.199 0.067
-1.06129e-08 -3.76379e-08 3.00972e-09 0 0 0
5.5161e-09 1.72162e-08 -1.16508e-08 0 0 0
0.0708676 0.174165 0.0731558 0.073 0.188 0.075
-1.32073e-08 6.042e-08 6.44435e-08 0 0 0
1.57363e-08 -2.88626e-08 7.479e-09 0 0 0
-0.0711261 0.17436 0.0875598 -0.072 0.167 0.095
-3.49005e-08 -6.96478e-09 4.07867e-09 0 0 0
-3.89671e-08 -2.03172e-08 6.09284e-09 0 0 0
-0.159662 0.21617 0.257154 -0.157 0.217 0.26
4.18996e-08 -2.02943e-08 2.46586e-08 0 0 0
-4.96041e-08 2.11415e-08 7.7419e-09 0 0 0
-0.109288 0.267667 0.141625 -0.12 0.253 0.137
2.583e-08 -2.92729e-08 2.87678e-08 0 0 0
4.56118e-08 2.86639e-08 -7.89089e-09 0 0 0
0.047534 -0.223839 0.154342 0.062 -0.217 0.141
-6.86975e-09 2.3562e-10 1.63149e-08 0 0 0
1.26366e-08 -6.04641e-08 -1.65508e-09 0 0 0
-0.00457358 0.0496461 -0.164681 -0.016 0.033 -0.173
-3.35118e-08 -4.12493e-08 -3.65795e-09 0 0 0
4.83347e-08 1.94756e-08 -1.7861e-08 0 0 0
0.161609 -0.012518 -0.146054 0.169 -0.001 -0.141
-4.55779e-08 6.50464e-10 2.98756e-08 0 0 0
2.91292e-08 -8.83236e-08 -3.2506e-08 0 0 0
0.100828 -0.119645 -0.0865687 0.087 -0.112 -0.076
-1.97682e-08 -5.228e-08 -3.35424e-09 0 0 0
4.85585e-08 -9.43578e-09 -2.58149e-09 0 0 0
0.159263 0.177489 -0.00101263 0.181 0.181 0.005
4.84504e-08 3.62904e-08 3.02773e-09 0 0 0
4.12081e-09 9.2378e-09 3.19019e-08 0 0 0
0.0894512 0.223406 -0.125636 0.095 0.231 -0.127
-1.83747e-08 -1.77057e-08 -5.29626e-09 0 0 0
8.81908e-09 1.44808e-08 1.10094e-08 0 0 0
-0.0635435 0.213469 -0.055657 -0.069 0.204 -0.071
-6.79182e-09 -3.37603e-08 1.87151e-08 0 0 0
1.8396e-09 2.24454e-08 -4.00438e-08 0 0 0
-0.0805378 0.2105 -0.0217839 -0.099 0.203 -0.021
-2.60516e-08 3.0296e-09 -4.76934e-08 0 0 0
-6.39457e-09 2.26198e-08 4.72053e-08 0 0 0
0.150433 -0.0590695 0.100589 0.14 -0.05 0.11
5.61175e-08 -8.75717e-09 -6.94278e-08 0 0 0
1.4905e-08 -3.01387e-08 1.54453e-08 0 0 0
-0.0395881 -0.0692157 -0.301366 -0.036 -0.081 -0.304
1.5809e-08 3.14509e-08 6.2373e-09 0 0 0
2.57135e-08 -3.17786e-08 -6.43096e-08 0 0 0
-0.300411 0.124274 0.00703752 -0.306 0.123 -0.005
9.43016e-09 -3.08434e-08 -2.9063e-08 0 0 0
-1.73946e-08 1.74511e-08 6.24509e-09 0 0 0
-0.0468084 0.0480312 0.142671 -0.025 0.042 0.149
-2.79277e-08 5.4522e-09 6.34475e-08 0 0 0
-2.3852e-08 6.29363e-09 1.16312e-08 0 0 0
0.136841 0.251281 -0.085164 0.126 0.252 -0.075
1.74776e-08 3.64671e-08 2.57665e-08 0 0 0
3.04444e-08 4.46605e-08 1.11194e-08 0 0 0
0.0764255 0.0256504 -0.378054 0.072 0.034 -0.38
2.87634e-08 3.41194e-08 2.88072e-08 0 0 0
3.16113e-08 1.2371e-08 1.39948e-08 0 0 0
0.199294 -0.264092 0.173606 0.219 -0.252 0.204
6.09817e-08 3.0275e-08 1.53422e-09 0 0 0
2.34447e-08 -4.00919e-08 -2.5002e-08 0 0 0
-0.0242348 0.123958 -0.00958841 -0.016 0.124 -0.002
-4.11008e-08 1.34413e-08 -6.74429e-09 0 0 0
3.40876e-08 -3.22723e-08 -2.4255e-08 0 0 0
-0.194545 -0.0919504 0.231462 -0.194 -0.088 0.247
-7.47656e-08 1.23334e-08 -2.16864e-08 0 0 0
-4.37886e-08 -6.39065e-08 1.89539e-08 0 0 0
0.1566 0.136072 -0.0590847 0.146 0.149 -0.052
1.99896e-08 -2.95454e-08 -1.18656e-08 0 0 0
-3.36203e-08 3.87416e-08 1.42695e-09 0 0 0
0.0752694 -0.184838 -0.0796925 0.071 -0.179 -0.084
2.61555e-08 1.37705e-08 2.43498e-08 0 0 0
-5.74662e-08 -5.12736e-08 -3.20089e-08 0 0 0
0.17741 -0.0075892 0.269168 0.173 -0.001 0.285
-5.71433e-08 -1.41897e-08 1.54319e-08 0 0 0
1.70321e-08 2.56793e-08 9.90138e-09 0 0 0
-0.158773 0.000489245 0.200453 -0.146 -0.011 0.195
-3.00974e-08 1.07844e-08 4.23521e-09 0 0 0
7.85976e-09 -3.70051e-08 5.10795e-08 0 0 0
-0.270958 0.0844326 -0.129818 -0.266 0.079 -0.135
-5.72092e-08 1.75565e-08 -1.70038e-08 0 0 0
6.03309e-08 2.68412e-08 7.64029e-09 0 0 0
-0.196014 0.251627 0.0573297 -0.194 0.251 0.052
-3.0872e-10 -4.35192e-08 -1.79717e-08 0 0 0
-1.74487e-08 -9.31959e-09 3.71092e-09 0 0 0
-0.0180875 0.205784 0.129813 -0.013 0.216 0.138
2.78705e-08 3.36583e-08 2.03613e-08 0 0 0
3.71533e-08 4.14205e-08 -1.43115e-09 0 0 0
-0.130816 0.253785 -0.0208094 -0.134 0.254 -0.015
4.32443e-08 -1.06116e-08 1.01303e-08 0 0 0
1.27141e-08 1.25442e-08 -4.50201e-09 0 0 0
-0.0676289 -0.212885 0.261018 -0.068 -0.219 0.273
-2.23308e-08 -2.14444e-08 2.68447e-08 0 0 0
1.82833e-08 1.06612e-08 2.78297e-08 0 0 0
-0.203561 0.0094103 -0.148975 -0.209 0.006 -0.154
-9.59253e-09 1.95298e-08 -1.11492e-08 0 0 0
-2.94874e-08 -2.00818e-08 -4.84051e-09 0 0 0
0.057527 -0.274293 0.202413 0.057 -0.286 0.197
-4.28465e-08 1.15604e-08 -7.65055e-09 0 0 0
4.71855e-08 3.56502e-09 -3.53587e-08 0 0 0
-0.114351 0.22261 0.0271998 -0.105 0.213 0.03
-5.45559e-08 6.33586e-09 -6.92655e-10 0 0 0
3.1799e-08 -3.62851e-08 2.55949e-08 0 0 0
0.0591902 -0.138685 0.108437 0.082 -0.136 0.121
2.41687e-08 1.92162e-08 2.37534e-08 0 0 0
-2.03186e-08 -5.65891e-08 -1.78517e-08 0 0 0
0.0609459 -0.0340929 -0.361291 0.053 -0.031 -0.358
3.7201e-09 1.71901e-08 1.65065e-09 0 0 0
3.62102e-08 2.93846e-08 -1.50473e-08 0 0 0
0.0931378 0.263793 0.179788 0.076 0.271 0.175
-4.0652e-09 6.01749e-08 4.31437e-08 0 0 0
-1.56615e-08 5.11663e-10 9.9449e-10 0 0 0
-0.156178 0.140405 -0.138627 -0.157 0.149 -0.147
-3.47511e-08 1.71198e-08 -1.72207e-08 0 0 0
-7.17154e-09 1.58703e-08 4.44268e-08 0 0 0
0.174245 0.247576 0.0483459 0.169 0.242 0.051
-4.01095e-08 -3.41337e-09 5.88599e-08 0 0 0
-6.25083e-09 -1.19223e-08 -4.92894e-08 0 0 0
-0.0961562 0.199189 0.205129 -0.088 0.192 0.223
2.50923e-08 -9.87121e-09 -2.82143e-08 0 0 0
-2.37332e-08 -7.42386e-09 1.35462e-08 0 0 0
0.286041 0.0777303 -0.128005 0.295 0.079 -0.139
3.58315e-09 2.18359e-08 -5.85718e-09 0 0 0
6.97772e-09 3.9104e-08 3.11734e-08 0 0 0
-0.212501 -0.103184 0.126756 -0.216 -0.111 0.124
-3.29005e-08 -3.66297e-09 3.42058e-08 0 0 0
2.42665e-08 -1.56262e-08 1.03734e-08 0 0 0
-0.0918156 0.210598 0.212063 -0.082 0.217 0.219
5.58962e-09 -2.72082e-08 -2.37116e-09 0 0 0
-1.14201e-08 3.09791e-08 5.20158e-08 0 0 0
-0.00625185 -0.0179598 -0.270363 -0.015 -0.012 -0.271
1.49885e-08 -1.058e-08 -2.72527e-08 0 0 0
-1.466e-09 -1.56395e-08 1.18843e-08 0 0 0
0.182697 -0.280914 -0.184768 0.183 -0.282 -0.197
-2.29523e-08 -2.87308e-08 2.03847e-08 0 0 0
-4.11421e-08 4.22254e-08 -3.04437e-08 0 0 0
-0.191337 0.0195367 0.0264913 -0.185 0.022 0.028
-1.45412e-08 -5.56816e-09 -6.42158e-08 0 0 0
2.30979e-08 3.36984e-08 -3.73583e-08 0 0 0
0.0710868 0.277655 0.168114 0.075 0.288 0.158
-4.32118e-10 1.99819e-08 5.58884e-08 0 0 0
-1.02222e-09 3.0403e-08 -4.68442e-08 0 0 0
0.176633 0.190949 0.0777524 0.175 0.187 0.079
2.10519e-08 -4.54572e-08 2.40208e-09 0 0 0
-2.00384e-08 5.87476e-08 1.74392e-08 0 0 0
-0.191787 0.0915812 -0.215853 -0.189 0.095 -0.214
2.51924e-08 -1.64065e-08 -3.63953e-08 0 0 0
-4.62119e-08 -3.20571e-08 3.23892e-08 0 0 0
-0.131218 -0.221391 0.180415 -0.134 -0.224 0.168
5.28989e-08 3.00496e-08 -1.50716e-08 0 0 0
1.35557e-08 -3.20968e-08 1.88257e-08 0 0 0
-0.0373805 0.0807323 -0.156032 -0.043 0.079 -0.167
-6.09555e-09 -6.20996e-09 -4.69e-08 0 0 0
-7.36382e-09 -3.15951e-08 1.47554e-08 0 0 0
0.0892427 0.211057 0.141126 0.069 0.218 0.139
2.57154e-08 -5.13402e-08 3.49124e-08 0 0 0
-1.4189e-08 3.52278e-08 -1.67843e-08 0 0 0
-0.0469653 0.0288193 0.189393 -0.055 0.019 0.189
-2.59775e-08 4.29311e-08 -4.82243e-08 0 0 0
9.74249e-09 -1.61776e-08 -6.44302e-10 0 0 0
0.174768 -0.205137 -0.0843439 0.167 -0.213 -0.089
3.8546e-09 3.83377e-08 3.32189e-08 0 0 0
-1.97271e-08 -2.38676e-08 -3.32241e-08 0 0 0
0.205219 -0.184433 0.0493853 0.21 -0.189 0.053
3.30793e-08 -5.70628e-09 -2.62715e-08 0 0 0
-6.80946e-09 -5.74306e-08 5.03439e-09 0 0 0
-0.0947669 -0.115374 0.23474 -0.094 -0.114 0.244
1.14346e-08 -1.68117e-08 1.47666e-08 0 0 0
9.92366e-09 2.91895e-09 -2.90475e-08 0 0 0
0.124524 0.124782 -0.177618 0.131 0.13 -0.179
1.37341e-08 3.40393e-08 -2.42531e-08 0 0 0
-5.05743e-09 2.60642e-08 -2.5133e-08 0 0 0
0.0683967 0.225226 0.0390574 0.066 0.227 0.033
-1.20557e-08 -1.85391e-09 -1.34648e-08 0 0 0
3.34284e-09 2.89156e-09 8.49444e-08 0 0 0
0.307651 -0.0193721 -0.153499 0.311 -0.01 -0.153
1.05967e-08 -9.74121e-09 -2.153e-08 0 0 0
1.52779e-08 3.69535e-08 -7.34856e-09 0 0 0
-0.248732 0.0794714 0.0863273 -0.24 0.085 0.093
-3.88997e-08 -2.5693e-08 -4.12497e-09 0 0 0
-1.67588e-08 6.03208e-08 7.88943e-08 0 0 0
-0.0823665 0.19645 -0.221678 -0.088 0.197 -0.22
-1.71391e-08 -2.72173e-08 -9.06339e-09 0 0 0
-1.02973e-08 2.81418e-08 -8.83105e-09 0 0 0
0.20133 0.105517 0.239274 0.199 0.093 0.246
-2.69839e-08 1.30624e-08 -3.31904e-08 0 0 0
8.52416e-09 8.2881e-08 -2.27524e-08 0 0 0
0.115426 -0.0999746 0.163826 0.16 -0.118 0.175
1.70145e-08 7.62041e-11 2.78574e-09 0 0 0
-9.97741e-09 6.3119e-08 -4.75491e-08 0 0 0
-0.0224846 0.0493358 -0.288213 -0.015 0.052 -0.289
3.25734e-09 -4.63007e-08 -1.4787e-08 0 0 0
1.83168e-08 2.9615e-08 2.044e-09 0 0 0
-0.179288 0.19712 0.0910985 -0.182 0.192 0.086
1.83758e-08 -1.09045e-08 -4.90432e-09 0 0 0
-3.98256e-10 -4.9584e-09 2.50808e-08 0 0 0
-0.00758654 0.256137 0.239046 -0 0.261 0.245
4.19072e-08 -3.98616e-08 -2.16793e-08 0 0 0
7.0558e-09 4.61831e-08 2.01505e-08 0 0 0
-0.0244064 0.306964 0.08138 -0.011 0.308 0.086
-1.77145e-08 -4.07672e-09 1.50863e-08 0 0 0
-2.28032e-08 -2.86103e-08 2.84096e-08 0 0 0
-0.154558 0.267766 0.264916 -0.164 0.265 0.261
-2.58407e-08 1.17241e-08 1.00419e-08 0 0 0
1.24122e-08 -1.82593e-08 4.55283e-08 0 0 0
-0.0660903 0.243874 0.262673 -0.073 0.238 0.261
2.79623e-08 4.94546e-08 -1.18625e-08 0 0 0
-1.50142e-08 -3.63894e-08 -1.1229e-08 0 0 0
0.104676 -0.190991 0.121083 0.106 -0.195 0.122
-3.14576e-08 9.60423e-09 7.24121e-09 0 0 0
1.68905e-08 -4.95169e-08 5.68652e-09 0 0 0
-0.0309017 0.0345232 -0.299097 -0.029 0.027 -0.276
-2.24622e-09 -3.9313e-08 -2.2757e-08 0 0 0
6.74428e-08 1.50026e-08 -5.66013e-09 0 0 0
0.251775 -0.0154379 0.0223819 0.249 -0.01 0.022
-3.85599e-08 4.232e-08 -1.67941e-08 0 0 0
3.26148e-08 -6.15086e-08 -2.61915e-08 0 0 0
0.317357 -0.0993331 0.0290576 0.303 -0.088 0.037
5.44874e-08 3.98493e-09 1.47083e-08 0 0 0
-2.6623e-08 -3.81364e-08 -3.35513e-08 0 0 0
0.209043 0.197089 -0.0730145 0.215 0.207 -0.071
5.01503e-08 2.31251e-08 1.54921e-08 0 0 0
2.08696e-08 -5.59675e-09 1.37036e-08 0 0 0
0.174675 0.280829 -0.0663206 0.166 0.269 -0.067
-2.4153e-08 -1.45389e-08 -2.92974e-08 0 0 0
-5.50453e-09 3.35915e-08 2.21354e-08 0 0 0
-0.0120337 0.228103 -0.14827 -0.004 0.226 -0.157
4.5509e-09 9.27714e-09 -5.15384e-08 0 0 0
4.73814e-09 -2.0724e-08 1.35324e-08 0 0 0
-0.11077 0.315164 -0.112607 -0.117 0.303 -0.11
-1.5499e-08 1.04266e-08 7.45715e-08 0 0 0
-3.19302e-08 9.86258e-09 -4.93013e-08 0 0 0
0.294811 -0.00555889 0.0824726 0.296 -0.003 0.08
1.57333e-08 -4.29558e-09 -4.56007e-08 0 0 0
9.45845e-09 -3.22852e-08 1.65321e-08 0 0 0
-0.0831083 -0.111899 -0.281159 -0.083 -0.101 -0.29
1.25277e-08 2.65159e-08 1.88481e-09 0 0 0
2.8934e-08 -2.90019e-08 -2.1602e-08 0 0 0
-0.249262 0.273469 -1.70246e-06 -0.242 0.282 0.004
-2.43931e-09 2.77266e-08 1.09598e-08 0 0 0
-7.72124e-09 -4.85918e-09 -4.68145e-08 0 0 0
-0.00921017 0.113111 0.217212 -0.005 0.116 0.209
-1.87354e-08 -2.63259e-08 3.73961e-08 0 0 0
1.90255e-08 -9.91851e-09 5.04138e-08 0 0 0
0.0329572 0.210656 -0.118082 0.057 0.22 -0.112
2.76528e-08 1.35644e-08 1.7797e-08 0 0 0
1.6357e-08 1.98953e-08 -2.68626e-08 0 0 0
0.151861 0.101595 -0.292419 0.149 0.111 -0.3
1.25433e-08 1.46577e-08 3.3568e-08 0 0 0
3.09674e-08 1.73106e-08 1.69607e-08 0 0 0
0.12258 -0.18138 0.167968 0.132 -0.179 0.186
4.54695e-08 1.81614e-08 5.79538e-09 0 0 0
3.79339e-08 -3.71318e-08 -2.60314e-08 0 0 0
-0.079469 0.262509 -0.0661629 -0.068 0.268 -0.069
-3.04728e-08 1.36924e-08 2.30511e-08 0 0 0
3.51297e-08 -3.29445e-08 -2.15746e-08 0 0 0
-0.0501488 -0.00221161 0.193652 -0.053 -0.003 0.201
-4.2918e-08 -7.693e-08 3.70837e-08 0 0 0
-4.61288e-08 -7.14183e-09 1.19587e-08 0 0 0
0.0922962 0.274986 -0.177756 0.089 0.269 -0.169
-3.80924e-08 3.18707e-08 4.11924e-09 0 0 0
1.47221e-08 -2.92567e-08 -1.9629e-08 0 0 0
0.102204 -0.311456 -0.0136717 0.119 -0.312 -0.015
8.25874e-09 -9.88778e-11 -3.80051e-09 0 0 0
-5.66648e-08 -4.69861e-08 -2.67661e-08 0 0 0
0.042695 0.189624 0.310675 0.04 0.198 0.314
-5.23684e-08 -1.97472e-08 4.85935e-08 0 0 0
3.97586e-08 6.56775e-09 -8.30542e-09 0 0 0
0.0323445 0.169773 0.264179 0.039 0.162 0.247
-7.0698e-09 -2.8654e-08 4.32153e-08 0 0 0
-6.79937e-08 1.73786e-09 5.88067e-10 0 0 0
-0.127187 -0.194793 -0.166202 -0.123 -0.195 -0.177
-2.93552e-08 -2.35363e-09 -2.40004e-08 0 0 0
5.42023e-08 3.15167e-08 -4.70248e-09 0 0 0
-0.353036 0.0717424 0.00202784 -0.356 0.057 0.002
1.11015e-08 2.90197e-08 -2.31343e-08 0 0 0
2.43032e-09 5.56706e-08 4.74627e-08 0 0 0
-0.0227995 0.282965 -0.00244152 -0.033 0.274 0.005
-2.60382e-08 1.17672e-08 -4.8451e-08 0 0 0
1.38928e-08 -2.01924e-08 4.03186e-08 0 0 0
-0.234966 0.203845 -0.108415 -0.236 0.204 -0.106
-2.15829e-08 2.12896e-08 -3.32608e-08 0 0 0
1.57051e-08 6.03057e-09 1.9552e-08 0 0 0
-0.253825 0.193083 -0.14092 -0.248 0.184 -0.134
3.09476e-08 5.42607e-08 -3.51609e-08 0 0 0
2.78318e-08 -1.58218e-08 2.81006e-08 0 0 0
-0.120963 -0.165939 -0.044572 -0.119 -0.167 -0.045
-6.69341e-09 -1.4881e-08 -2.13907e-08 0 0 0
-4.24542e-08 3.94164e-08 -8.90438e-09 0 0 0
-0.15646 -0.0928451 0.191242 -0.16 -0.092 0.199
6.60783e-08 -2.52236e-08 1.43457e-09 0 0 0
-3.84757e-08 -1.30196e-08 -2.23655e-08 0 0 0
-0.0106739 0.163807 -0.0358993 -0.012 0.176 -0.036
1.66223e-08 4.70992e-08 2.39831e-08 0 0 0
1.14441e-08 5.21789e-08 -5.96664e-08 0 0 0
-0.0784247 -0.135737 0.17486 -0.063 -0.127 0.18
5.86498e-08 -2.05383e-08 1.12885e-08 0 0 0
-4.76511e-08 3.52093e-08 -1.39003e-08 0 0 0
0.073078 0.155755 -0.198498 0.071 0.151 -0.177
3.7119e-08 -3.51233e-08 -2.47303e-08 0 0 0
-2.31469e-08 1.0574e-08 3.40534e-08 0 0 0
0.108214 0.131021 0.0555191 0.121 0.111 0.075
1.44919e-08 6.72872e-08 -6.13095e-09 0 0 0
3.70003e-08 -2.70519e-08 2.47498e-08 0 0 0
-0.114576 0.086854 -0.112424 -0.112 0.099 -0.13
-9.74984e-09 -2.1989e-08 -1.68319e-08 0 0 0
-4.06813e-09 6.77426e-08 -9.94175e-09 0 0 0
0.235092 0.0392192 0.0297715 0.232 0.04 0.03
1.25836e-08 1.65474e-08 -1.70174e-08 0 0 0
-3.70457e-08 1.10515e-08 -1.33224e-08 0 0 0
-0.0240241 0.210005 -0.156385 0.003 0.226 -0.17
1.61045e-08 7.04904e-09 1.28961e-08 0 0 0
1.80518e-08 -1.99578e-08 1.37429e-08 0 0 0
0.175208 0.269862 -0.173565 0.175 0.266 -0.177
3.70059e-08 -4.04446e-08 -1.74767e-08 0 0 0
-1.76045e-08 2.43085e-09 2.0596e-08 0 0 0
-0.214132 -0.0551846 0.0153992 -0.239 -0.07 0.011
-2.53183e-08 2.0953e-08 6.44032e-08 0 0 0
6.30521e-08 9.83832e-09 1.81802e-09 0 0 0
0.225472 0.129919 0.0950435 0.227 0.121 0.102
3.92259e-08 8.77834e-09 2.25394e-08 0 0 0
-3.94731e-08 1.32405e-08 1.95121e-09 0 0 0
-0.158301 -0.0685023 -0.138195 -0.163 -0.059 -0.134
3.43648e-08 3.81584e-09 8.00537e-09 0 0 0
-6.80875e-08 -2.22264e-08 -5.73788e-08 0 0 0
0.0629648 -0.0766468 -0.324647 0.066 -0.078 -0.314
-3.37009e-08 4.15927e-08 -1.89568e-08 0 0 0
-5.1811e-08 -1.31923e-08 -2.86359e-08 0 0 0
-0.280699 -0.0118303 -0.250015 -0.275 -0.013 -0.258
8.57765e-09 6.5086e-08 9.749e-09 0 0 0
-5.72463e-08 -1.6526e-08 3.55384e-08 0 0 0
-0.201978 0.294703 -0.0687721 -0.199 0.29 -0.08
-3.14328e-08 -1.84098e-09 -4.03269e-08 0 0 0
6.0626e-08 5.10522e-08 1.50331e-08 0 0 0
0.0209146 0.232841 0.190462 0.023 0.236 0.206
-6.438e-09 -3.72378e-08 -8.26677e-09 0 0 0
5.66617e-08 -2.13396e-08 1.48426e-08 0 0 0
-0.139725 -0.00804369 -0.136406 -0.135 0.002 -0.124
-6.08994e-09 2.9022e-08 -6.09678e-08 0 0 0
-1.66872e-08 9.2425e-09 1.8887e-08 0 0 0
-0.0394001 -0.224535 0.19911 -0.056 -0.203 0.192
-3.07047e-08 2.10316e-09 -3.25669e-08 0 0 0
2.98283e-08 -7.58874e-09 -9.01816e-09 0 0 0
-0.0471138 -0.0212461 -0.162387 -0.055 -0.019 -0.172
-2.2744e-08 -2.49956e-08 -3.59385e-08 0 0 0
6.17853e-08 2.77857e-09 -2.45995e-08 0 0 0
0.0154204 0.154274 0.277129 0.02 0.157 0.275
-2.63134e-08 9.71933e-09 -9.95152e-09 0 0 0
-3.05108e-08 1.13519e-08 3.93917e-08 0 0 0
0.122957 0.170212 0.192149 0.115 0.179 0.191
4.17928e-08 5.92623e-09 1.96195e-08 0 0 0
-2.42355e-08 3.63727e-08 -3.1341e-08 0 0 0
0.233684 -0.0480187 -0.224316 0.22 -0.046 -0.215
-1.5267e-08 5.09403e-09 -3.79133e-09 0 0 0
5.95336e-09 -8.1513e-09 2.0358e-08 0 0 0
0.244475 -0.153776 -0.105086 0.246 -0.145 -0.095
4.66892e-08 -3.24975e-09 2.8485e-09 0 0 0
-6.04667e-08 -3.49869e-08 3.25299e-09 0 0 0
0.01314 -0.200033 0.185934 0.016 -0.208 0.189
1.07471e-08 -2.24944e-08 4.53072e-08 0 0 0
3.94052e-08 2.2223e-08 -1.49222e-08 0 0 0
-0.0727012 0.284229 -0.118393 -0.065 0.28 -0.11
-2.81901e-08 3.49898e-08 -4.64642e-08 0 0 0
8.14941e-08 4.59919e-08 -2.81119e-08 0 0 0
0.217458 0.178147 0.120369 0.196 0.181 0.1
1.77208e-08 2.56598e-08 -2.64794e-08 0 0 0
3.97499e-08 7.68417e-09 3.19399e-08 0 0 0
0.262999 0.113526 -0.0565761 0.255 0.106 -0.063
-3.31596e-08 4.16193e-08 1.81157e-08 0 0 0
-1.15946e-08 -4.15089e-08 2.34815e-08 0 0 0
0.369353 0.0941161 0.173314 0.377 0.107 0.176
-1.20801e-08 -5.98947e-09 -5.58852e-08 0 0 0
-8.49099e-09 -3.95243e-08 2.67437e-08 0 0 0
0.0549058 0.0732918 -0.205573 0.053 0.08 -0.196
3.2571e-08 1.68466e-08 -5.72224e-08 0 0 0
7.01161e-09 3.37746e-08 2.13079e-08 0 0 0
0.135121 0.0884058 0.124106 0.133 0.098 0.118
7.08995e-08 1.33172e-08 -3.03082e-08 0 0 0
-1.04649e-08 1.33449e-08 8.5992e-08 0 0 0
0.211883 -0.00390086 0.167677 0.217 -0.008 0.174
9.67388e-09 -4.81062e-09 1.59975e-08 0 0 0
4.64896e-08 -1.14212e-08 -3.66222e-08 0 0 0
0.289878 0.213064 0.0421342 0.289 0.207 0.053
-1.89508e-08 -2.04698e-08 -2.65518e-08 0 0 0
4.05672e-08 6.22359e-09 2.70233e-08 0 0 0
0.147065 -0.0881369 0.264987 0.147 -0.092 0.276
2.98699e-08 -2.2384e-08 -3.40412e-08 0 0 0
-6.36402e-08 -1.81179e-08 6.2949e-09 0 0 0
0.147638 0.0177321 0.239534 0.143 0.026 0.238
-2.89937e-08 1.05504e-08 2.33444e-08 0 0 0
3.02846e-08 -2.68798e-08 1.63261e-08 0 0 0
-0.0978147 0.183873 0.140544 -0.1 0.167 0.121
-4.28092e-08 -2.04015e-08 2.42119e-08 0 0 0
2.2029e-08 4.68304e-08 3.0367e-08 0 0 0
0.0866412 0.263518 0.0374283 0.082 0.267 0.045
2.39413e-09 -3.73556e-09 -1.47973e-08 0 0 0
6.50503e-09 5.22391e-09 3.69273e-08 0 0 0
0.0332896 0.336067 0.193166 0.043 0.352 0.191
3.14527e-08 -3.42107e-08 -2.34721e-08 0 0 0
-4.63604e-08 -2.46384e-09 1.55441e-08 0 0 0
0.237571 -0.0695304 0.00471489 0.242 -0.084 0.005
4.01827e-09 -1.2237e-08 -5.34182e-08 0 0 0
-9.50393e-09 2.22803e-09 -2.39466e-08 0 0 0
-0.143268 0.00135152 -0.259887 -0.156 -0.005 -0.263
1.83867e-08 1.46444e-08 2.37816e-09 0 0 0
-3.99067e-09 1.58752e-08 -5.8728e-09 0 0 0
0.261808 -0.134422 -0.0975749 0.259 -0.131 -0.098
-5.69385e-08 -4.48867e-08 1.80596e-08 0 0 0
2.22655e-08 1.45323e-08 6.80263e-09 0 0 0
0.12799 -0.131894 -0.00317702 0.128 -0.125 -0.002
7.40597e-09 -3.7394e-08 -4.91958e-08 0 0 0
-2.03342e-08 4.60633e-08 1.13761e-08 0 0 0
0.176624 0.0862508 0.0238383 0.177 0.083 0.026
5.43446e-08 3.22139e-08 2.03642e-08 0 0 0
3.89191e-08 1.44694e-09 4.24852e-09 0 0 0
0.129762 -0.012211 -0.122621 0.11 -0.041 -0.13
2.1305e-08 -2.52935e-08 -7.42805e-09 0 0 0
1.1536e-08 1.0721e-08 -4.12495e-08 0 0 0
-0.0282165 0.209861 -0.162155 -0.045 0.195 -0.154
-3.61844e-08 5.65241e-08 2.24205e-08 0 0 0
1.9928e-08 -5.31534e-09 -2.43162e-08 0 0 0
-0.180073 0.129195 -0.103979 -0.177 0.126 -0.109
-1.89239e-08 -1.6442e-08 4.49515e-08 0 0 0
-1.39475e-08 3.29385e-08 -3.87012e-08 0 0 0
0.222459 -0.0109343 -0.271534 0.208 -0.011 -0.263
2.05466e-08 -3.73142e-08 1.40201e-08 0 0 0
-3.42894e-08 1.71167e-08 5.23048e-10 0 0 0
-0.0518043 -0.0565562 -0.229367 -0.042 -0.055 -0.228
3.88691e-09 -6.49332e-09 -1.10706e-08 0 0 0
-1.35456e-08 -1.55998e-08 2.38498e-08 0 0 0
-0.129545 0.173879 0.12471 -0.122 0.176 0.119
-4.03893e-08 -2.51019e-08 1.58703e-08 0 0 0
-7.13847e-10 -3.63909e-08 -4.99647e-08 0 0 0
0.360392 0.024007 0.0105287 0.359 0.037 0.003
1.67304e-09 -2.4731e-08 6.0419e-08 0 0 0
-4.84428e-08 6.58027e-08 -7.3144e-10 0 0 0
0.0692172 0.16697 -0.106503 0.076 0.172 -0.108
1.2776e-08 -4.95452e-08 1.56064e-08 0 0 0
1.90346e-09 6.45469e-08 2.92397e-08 0 0 0
0.00994702 -0.19177 -0.243572 -0.03 -0.224 -0.259
-2.45275e-09 -5.27091e-09 4.30282e-08 0 0 0
8.08279e-09 -2.49929e-08 -4.51904e-08 0 0 0
0.168146 -0.0254349 0.111959 0.164 -0.023 0.106
5.94839e-08 5.42799e-09 -4.91036e-09 0 0 0
-4.01089e-08 -4.04591e-08 -3.84392e-08 0 0 0
-0.0386626 0.210946 0.0803946 -0.018 0.221 0.085
1.44172e-08 -2.58118e-08 3.32163e-08 0 0 0
1.2881e-08 8.23959e-09 9.18734e-09 0 0 0
-0.00484798 0.0514796 0.252692 -0.017 0.055 0.262
-7.93064e-08 -3.56892e-08 -3.6384e-08 0 0 0
-3.11165e-08 -6.98517e-08 6.34756e-09 0 0 0
0.0889102 0.257637 -0.124102 0.089 0.251 -0.109
2.96276e-08 1.42614e-09 1.82356e-08 0 0 0
-5.53183e-08 -1.00029e-08 5.27783e-08 0 0 0
0.247786 -0.107769 -0.137355 0.249 -0.082 -0.14
-3.28025e-08 4.69371e-09 3.01837e-08 0 0 0
6.04166e-09 -5.88666e-08 -8.90052e-09 0 0 0
0.131003 -0.0334898 0.119371 0.12 -0.035 0.127
-4.46276e-08 -1.31353e-08 4.07084e-08 0 0 0
3.35675e-08 1.08554e-08 -8.42882e-09 0 0 0
0.198393 0.141202 0.12713 0.2 0.143 0.115
-3.67793e-09 -7.44389e-08 1.23125e-10 0 0 0
-5.08197e-09 1.47478e-08 -1.10526e-08 0 0 0
-0.0479065 0.0567721 -0.269612 -0.051 0.039 -0.273
-2.53943e-08 1.05606e-08 3.30727e-08 0 0 0
-3.75012e-09 1.2399e-08 1.5919e-10 0 0 0
0.082642 -0.0601616 0.150503 0.078 -0.071 0.155
8.27449e-10 -3.11993e-08 -3.06907e-09 0 0 0
4.44905e-09 5.47786e-08 4.07965e-08 0 0 0
-0.104158 0.0709901 0.11804 -0.106 0.074 0.122
2.96318e-09 -1.59948e-08 5.47489e-08 0 0 0
-2.04805e-08 2.60504e-08 6.60577e-09 0 0 0
0.00599698 0.224056 0.0677205 0.008 0.227 0.059
-2.94163e-08 -2.89356e-08 -4.1307e-08 0 0 0
-1.08214e-08 6.11807e-09 5.03245e-08 0 0 0
-0.0731132 -0.0795212 -0.209625 -0.081 -0.076 -0.218
-1.07002e-08 -2.2115e-08 -3.7738e-09 0 0 0
-1.18501e-08 5.0127e-09 -1.93306e-08 0 0 0
-0.016045 0.16449 -0.00992377 -0.021 0.166 -0.001
-4.75158e-08 -1.67087e-08 2.55394e-08 0 0 0
1.30873e-08 1.17107e-08 -9.66535e-09 0 0 0
-0.0447138 -0.285509 0.0778926 -0.046 -0.293 0.077
-2.53673e-08 -1.35893e-08 2.00175e-08 0 0 0
2.45101e-08 1.80287e-08 -4.60896e-10 0 0 0
-0.00522659 0.277542 -0.179007 -0.005 0.281 -0.169
-3.88634e-08 3.52114e-08 -3.89907e-08 0 0 0
-4.89999e-09 3.09633e-08 4.47126e-08 0 0 0
-0.178155 -0.159201 0.113051 -0.165 -0.171 0.118
-1.53733e-08 -1.54559e-08 1.59166e-08 0 0 0
-2.62484e-08 -3.00141e-08 2.2902e-08 0 0 0
0.0328257 0.330509 -0.233418 0.033 0.328 -0.238
2.50485e-08 3.57185e-08 1.72848e-08 0 0 0
1.89078e-10 2.60727e-08 -3.38045e-08 0 0 0
0.186606 0.22786 0.114121 0.168 0.211 0.113
-1.76742e-08 -2.25471e-08 -1.78594e-08 0 0 0
2.08148e-08 1.49604e-08 1.58026e-09 0 0 0
-0.191573 -0.136258 0.135232 -0.187 -0.135 0.127
1.18913e-08 -5.03221e-08 -3.17596e-08 0 0 0
-4.49337e-08 -1.58905e-08 -1.92779e-08 0 0 0
0.228009 0.0363064 -0.0595459 0.234 0.037 -0.073
-1.13527e-08 -1.13959e-08 -2.41281e-08 0 0 0
1.29455e-08 5.08834e-09 2.24222e-08 0 0 0
-0.00924153 0.315902 0.220368 -0.003 0.319 0.215
-3.05512e-08 -5.32927e-09 -1.53133e-08 0 0 0
1.06507e-08 3.33124e-09 -2.75743e-08 0 0 0
0.214968 0.126882 -0.0098352 0.237 0.125 0.004
-2.22556e-08 -2.24563e-09 -1.82177e-08 0 0 0
5.58351e-08 4.64217e-08 -4.99731e-08 0 0 0
-0.305151 -0.0185215 -0.125151 -0.288 -0.018 -0.112
-2.60937e-08 -2.36369e-08 -1.55297e-08 0 0 0
-2.40962e-08 1.83122e-09 4.16379e-08 0 0 0
0.209864 -0.0136198 0.171716 0.215 -0.016 0.171
-1.28506e-08 1.73713e-08 -2.91762e-08 0 0 0
-3.05383e-09 1.18626e-08 5.8719e-08 0 0 0
0.0736212 -0.363973 0.0786521 0.078 -0.376 0.09
2.40582e-08 3.36114e-09 4.38407e-08 0 0 0
-1.08351e-08 2.91565e-08 -1.48128e-08 0 0 0
-0.0564523 -0.20312 0.0873091 -0.044 -0.196 0.075
-4.36312e-08 -4.44011e-08 -2.64221e-08 0 0 0
1.67124e-08 -1.39017e-08 -1.96609e-08 0 0 0
-0.230259 0.0144553 -0.0284092 -0.258 -0.008 -0.018
-3.19467e-08 3.56761e-09 -3.76551e-09 0 0 0
7.64716e-08 -2.19811e-08 -9.53404e-09 0 0 0
-0.0657462 0.208656 -0.18848 -0.067 0.202 -0.183
-4.09355e-09 -1.31085e-08 1.17875e-08 0 0 0
1.18921e-08 -2.3424e-08 -2.31504e-08 0 0 0
0.0956229 0.3201 -0.0741161 0.089 0.316 -0.087
2.2533e-08 -3.8666e-09 2.8756e-08 0 0 0
-3.36707e-08 1.3258e-08 -2.08307e-08 0 0 0
-0.348273 -0.00797696 -0.11592 -0.337 0.003 -0.099
2.61287e-08 -2.58315e-08 -1.87769e-09 0 0 0
3.40071e-08 2.73874e-08 -2.60039e-09 0 0 0
-0.0121902 -0.224542 0.127875 -0.028 -0.215 0.139
-3.80607e-08 -1.07981e-08 6.62202e-09 0 0 0
2.15926e-08 -1.08618e-08 6.80427e-09 0 0 0
-0.255157 0.0287367 -0.171745 -0.249 0.028 -0.154
-1.52806e-08 -3.70454e-08 3.03072e-08 0 0 0
-3.35007e-08 2.18259e-08 2.85319e-08 0 0 0
-0.021819 0.187267 0.221807 -0.022 0.204 0.227
2.71386e-08 5.2732e-08 -2.80954e-08 0 0 0
-5.27895e-08 -4.43851e-08 1.01596e-08 0 0 0
0.295252 -0.143714 -0.0307885 0.286 -0.15 -0.029
-2.00927e-09 1.69566e-08 1.42007e-08 0 0 0
-5.12791e-09 -2.01408e-08 1.51031e-08 0 0 0
0.116512 -0.241956 -0.138644 0.11 -0.23 -0.144
-1.07093e-09 -1.60928e-08 3.27655e-08 0 0 0
2.76662e-08 -1.02534e-08 -3.02848e-08 0 0 0
0.253745 -0.157462 -0.0125173 0.255 -0.166 0
1.70196e-08 1.94928e-08 3.83457e-08 0 0 0
3.74601e-10 -2.8057e-08 -1.33227e-08 0 0 0
0.266469 -0.246644 0.118892 0.261 -0.235 0.12
1.78563e-08 -4.21817e-08 -3.03192e-08 0 0 0
1.89066e-08 4.23201e-08 2.88834e-08 0 0 0
0.217651 -0.14806 0.072198 0.207 -0.157 0.07
1.06439e-08 1.75708e-08 -2.08684e-08 0 0 0
-5.44561e-09 2.86081e-08 4.92882e-08 0 0 0
0.0311159 0.107869 -0.200276 0.01 0.124 -0.197
4.97861e-09 -3.35841e-09 -7.84269e-08 0 0 0
1.26766e-08 3.5554e-08 2.54793e-08 0 0 0
0.336856 -0.0996694 -0.229072 0.369 -0.12 -0.243
4.62078e-08 -7.27125e-09 1.61336e-08 0 0 0
3.00463e-08 3.30144e-08 3.31231e-08 0 0 0
-0.0579206 0.327138 0.0739207 -0.036 0.326 0.084
1.48769e-09 2.00401e-08 -1.03319e-08 0 0 0
-2.12696e-08 -6.1455e-09 -2.28495e-08 0 0 0
0.0997205 0.299679 0.0215172 0.106 0.302 0.034
-3.34155e-08 1.48936e-09 -5.43832e-09 0 0 0
3.53478e-08 -1.77243e-08 -4.79056e-08 0 0 0
0.0207501 -0.0557273 0.281722 0.049 -0.07 0.279
3.03756e-08 2.81134e-08 -1.97986e-08 0 0 0
-1.63346e-09 -5.0874e-09 1.46123e-08 0 0 0
0.0414857 -0.183037 0.268539 0.031 -0.176 0.268
-5.49668e-09 2.52016e-08 -3.19407e-08 0 0 0
-2.21387e-08 7.28163e-09 -1.98622e-08 0 0 0
0.0927046 0.0989959 -0.335263 0.096 0.096 -0.339
-5.13333e-09 -3.33887e-08 2.26415e-09 0 0 0
2.02339e-10 3.67104e-09 -2.91018e-08 0 0 0
-0.13333 -0.154048 0.0815725 -0.136 -0.155 0.1
-2.26236e-08 3.02399e-08 3.14909e-08 0 0 0
-3.83838e-08 -1.62093e-08 -4.1692e-08 0 0 0
0.0691292 0.0560543 0.195406 0.07 0.066 0.194
1.04593e-08 2.3028e-09 2.8102e-08 0 0 0
-2.81574e-08 6.0592e-09 -1.22308e-08 0 0 0
-0.0491555 0.272693 -0.172084 -0.038 0.269 -0.164
3.2507e-08 -1.06484e-08 -2.96595e-08 0 0 0
3.47352e-08 5.67499e-09 1.6271e-08 0 0 0
0.0339267 0.148337 0.226497 0.028 0.139 0.223
4.33939e-08 -2.52733e-08 -7.23278e-09 0 0 0
2.48779e-08 2.67844e-08 -1.3852e-09 0 0 0
0.148634 0.0208332 0.131106 0.139 0.025 0.132
5.5873e-09 1.23422e-08 -3.78758e-08 0 0 0
-3.46776e-08 4.66273e-08 5.24791e-08 0 0 0
0.228619 -0.00869013 -0.117409 0.235 -0.011 -0.11
-4.22844e-10 4.11115e-09 -1.64811e-08 0 0 0
2.08123e-08 3.65953e-08 -9.38075e-09 0 0 0
0.124127 -0.1235 -0.267201 0.123 -0.124 -0.28
3.82384e-08 -7.06828e-08 8.07421e-09 0 0 0
2.79288e-08 2.13847e-08 -8.6109e-10 0 0 0
0.150572 -0.0701285 -0.0183869 0.158 -0.075 -0.044
1.37835e-08 -6.60947e-08 3.50561e-08 0 0 0
7.77984e-08 3.04638e-08 1.1903e-08 0 0 0
0.186954 -0.133808 0.0498028 0.183 -0.14 0.057
-2.44066e-08 -1.41143e-09 -3.30162e-08 0 0 0
-3.67855e-09 -2.34483e-08 7.01755e-08 0 0 0
0.0386969 -0.0679884 0.396192 0.041 -0.084 0.378
3.84802e-09 -6.00814e-08 -4.12641e-08 0 0 0
4.21242e-09 1.11407e-08 3.05211e-08 0 0 0
0.266481 -0.0395707 0.174553 0.279 -0.034 0.165
-5.30624e-08 -1.96655e-08 -1.24588e-08 0 0 0
-2.49388e-08 4.28519e-08 -5.02889e-08 0 0 0
-0.204428 -0.204064 -0.115092 -0.211 -0.203 -0.112
1.87144e-08 6.85365e-09 1.88315e-08 0 0 0
-5.97893e-09 -1.24922e-08 -2.04909e-08 0 0 0
0.128169 0.122082 -0.245361 0.129 0.12 -0.226
2.30665e-08 -7.28112e-09 -1.11459e-08 0 0 0
2.39606e-08 6.02698e-09 6.7226e-09 0 0 0
0.175175 -0.057808 -0.225547 0.175 -0.055 -0.222
-1.89383e-09 5.7263e-08 -1.33172e-08 0 0 0
-8.60594e-09 -2.72119e-08 -2.36143e-08 0 0 0
-0.138495 0.231015 -0.105841 -0.142 0.229 -0.1
3.66706e-08 2.71471e-08 1.28462e-08 0 0 0
-5.81203e-08 -2.83227e-08 -2.47833e-08 0 0 0
-0.248861 -0.0171396 0.0223893 -0.258 -0.011 0.029
-2.01474e-08 1.09071e-09 -2.039e-08 0 0 0
-1.55948e-09 2.46728e-09 6.92896e-08 0 0 0
0.132245 0.193553 0.189429 0.131 0.199 0.197
-2.60772e-08 7.45279e-09 -2.30041e-08 0 0 0
-2.85924e-08 2.16745e-08 8.00374e-09 0 0 0
0.233065 -0.233358 0.0314886 0.211 -0.227 0.039
-1.53838e-08 -1.72146e-08 -1.17227e-09 0 0 0
-4.01482e-08 -3.58565e-08 4.97424e-08 0 0 0
0.0918103 0.12874 -0.0151032 0.081 0.121 -0.003
2.33687e-08 2.34126e-09 -6.04026e-08 0 0 0
-1.64723e-10 -3.6967e-08 3.74827e-09 0 0 0
0.115806 -0.0960536 0.259124 0.104 -0.103 0.264
1.38786e-08 -2.46967e-08 9.9973e-09 0 0 0
1.16844e-08 4.75384e-08 -6.49832e-09 0 0 0
0.0389474 0.142033 0.0597034 0.045 0.154 0.072
-3.18522e-08 3.45339e-08 3.37115e-09 0 0 0
-1.10571e-09 7.68931e-08 -3.23202e-08 0 0 0
-0.289426 -0.0305823 0.138283 -0.281 -0.027 0.139
-2.50489e-08 2.95817e-08 3.00182e-09 0 0 0
3.16423e-08 -3.01599e-08 -1.89626e-08 0 0 0
0.14765 0.376959 -0.0904493 0.151 0.39 -0.077
1.88799e-08 3.04209e-08 -6.99196e-09 0 0 0
6.16392e-08 -1.14434e-08 8.95722e-09 0 0 0
0.0913967 -0.116137 0.273954 0.089 -0.125 0.296
-3.35856e-08 4.81051e-08 3.18391e-08 0 0 0
3.53346e-08 1.18325e-08 -3.87309e-08 0 0 0
0.183449 0.191589 0.213504 0.185 0.178 0.208
3.7662e-09 -3.96122e-08 -2.45353e-08 0 0 0
1.67668e-08 -1.84888e-08 5.28337e-08 0 0 0
-0.0966732 0.271502 0.173347 -0.096 0.27 0.185
-2.72249e-08 1.88031e-10 -1.17878e-08 0 0 0
1.08752e-08 7.18478e-08 1.55229e-08 0 0 0
-0.192893 0.116486 -0.184746 -0.191 0.125 -0.184
3.85582e-08 2.65887e-08 -9.9488e-09 0 0 0
-7.58688e-10 3.32786e-09 3.93955e-08 0 0 0
0.160758 -0.116905 0.300925 0.157 -0.127 0.302
-1.25843e-08 -9.2016e-09 -2.39863e-09 0 0 0
-1.60028e-08 3.73592e-08 3.82326e-08 0 0 0
-0.253897 -0.0961214 0.0569083 -0.26 -0.105 0.055
-2.78409e-08 -3.05443e-09 1.61344e-08 0 0 0
-1.23136e-08 -2.5161e-08 3.42501e-08 0 0 0
-0.140579 0.224684 -0.123097 -0.137 0.225 -0.106
2.23457e-08 -4.41135e-08 3.21575e-08 0 0 0
2.7068e-08 7.9974e-09 -3.22018e-08 0 0 0
-0.0608937 0.239057 -0.094737 -0.066 0.233 -0.118
5.28318e-08 2.53893e-08 -5.00946e-08 0 0 0
1.61139e-10 -1.45146e-08 1.61102e-09 0 0 0
-0.0505764 0.223919 -0.0525302 -0.055 0.239 -0.053
2.99394e-09 3.22605e-08 -3.63797e-08 0 0 0
2.05801e-08 2.74336e-08 9.83202e-09 0 0 0
-0.109549 -0.267022 0.0759604 -0.123 -0.258 0.059
-1.17206e-08 -2.15951e-08 8.30632e-09 0 0 0
-5.62041e-08 2.96275e-08 3.08572e-08 0 0 0
0.0888525 0.364562 -0.0146998 0.103 0.361 -0.026
1.19275e-08 3.02728e-09 6.24238e-08 0 0 0
-2.90935e-08 2.34043e-08 -3.54397e-09 0 0 0
-0.389121 0.161681 -0.0166483 -0.386 0.15 -0.013
-2.25335e-08 -3.13973e-08 2.01837e-08 0 0 0
2.70461e-08 4.10143e-08 4.12556e-08 0 0 0
0.0977784 0.244411 -0.159415 0.096 0.248 -0.193
6.75354e-09 1.89403e-08 -2.35198e-08 0 0 0
-1.37469e-08 1.40673e-08 -5.62463e-08 0 0 0
0.238174 0.165477 0.126953 0.244 0.156 0.128
1.80846e-08 -4.39838e-08 1.52756e-08 0 0 0
3.49488e-08 -3.0074e-08 6.05703e-08 0 0 0
-0.242261 -0.257254 0.00521054 -0.232 -0.253 0.007
-4.149e-09 1.8106e-08 -6.00423e-09 0 0 0
1.93342e-08 -1.73361e-08 -6.90758e-09 0 0 0
0.152667 0.225544 -0.104861 0.157 0.228 -0.105
-2.42348e-09 7.40036e-10 6.13487e-09 0 0 0
-1.00901e-08 1.33764e-08 1.85156e-08 0 0 0
0.0767312 0.357262 -0.111254 0.061 0.353 -0.101
-1.69376e-08 -9.69831e-09 -6.97418e-08 0 0 0
2.2442e-08 -3.6688e-08 -1.01114e-08 0 0 0
0.0263155 0.161764 -0.0595469 0.035 0.161 -0.052
-2.64525e-08 4.15252e-08 4.50262e-08 0 0 0
1.19995e-08 1.6142e-08 -2.12213e-09 0 0 0
0.0148316 0.0942624 -0.220456 0.014 0.098 -0.219
-4.90565e-09 -3.39873e-08 -9.22686e-09 0 0 0
3.05298e-10 -2.24446e-08 -6.24846e-08 0 0 0
0.158997 0.0256719 0.202799 0.171 0.04 0.192
3.42187e-08 3.89336e-08 1.70975e-08 0 0 0
2.40437e-08 -2.94009e-09 4.99764e-08 0 0 0
-0.0572184 0.0869084 -0.221152 -0.055 0.091 -0.207
3.75391e-08 -3.16679e-08 2.10787e-09 0 0 0
-2.08267e-08 6.41403e-08 -4.91501e-09 0 0 0
-0.341985 -0.239627 -0.0992674 -0.327 -0.233 -0.112
-4.51771e-08 -5.7415e-09 1.50646e-08 0 0 0
1.47819e-08 -3.63739e-08 3.90274e-08 0 0 0
-0.290493 -0.0478296 0.02529 -0.299 -0.043 0.027
1.10374e-09 -1.78606e-09 1.27083e-08 0 0 0
4.52448e-08 4.1387e-08 -3.57096e-08 0 0 0
-0.00456571 0.249456 -0.0202767 -0.008 0.25 -0.033
-2.86276e-08 1.87052e-08 4.75312e-08 0 0 0
3.0212e-08 1.81337e-08 -3.53996e-08 0 0 0
0.0761863 0.292697 0.0909284 0.057 0.284 0.09
-2.00192e-08 4.70604e-08 -1.8439e-08 0 0 0
6.64251e-09 -3.90996e-08 1.99608e-08 0 0 0
-0.206325 -0.0616335 0.00528854 -0.238 -0.04 0.031
1.61825e-08 1.09089e-08 1.80523e-08 0 0 0
-6.68887e-09 2.65543e-08 -6.37467e-09 0 0 0
0.0164845 -0.107278 0.400572 0.029 -0.114 0.425
-3.7435e-08 1.18488e-08 -2.28125e-08 0 0 0
-1.94254e-08 -1.25843e-08 -4.09861e-09 0 0 0
0.0628899 0.106769 -0.248486 0.044 0.114 -0.217
3.19435e-08 2.80204e-08 7.41692e-09 0 0 0
2.13485e-08 -7.28966e-09 -4.36691e-08 0 0 0
0.0339133 0.323996 -0.0274019 0.035 0.322 -0.015
5.28199e-09 -9.77848e-09 -1.03782e-08 0 0 0
-1.25242e-08 -1.10035e-08 -3.20543e-08 0 0 0
0.128979 -0.00540319 -0.00183936 0.133 0.004 -0.017
2.87853e-09 1.61547e-08 5.92563e-08 0 0 0
3.19423e-08 1.14043e-08 -6.44037e-08 0 0 0
0.213179 -0.0575047 -0.121283 0.219 -0.075 -0.14
-4.94096e-09 3.70992e-09 -2.90496e-08 0 0 0
4.05706e-08 -4.54494e-08 2.97758e-08 0 0 0
0.0766758 -0.17973 0.162766 0.095 -0.171 0.162
1.70746e-08 -2.2888e-08 -2.25646e-08 0 0 0
4.24974e-09 2.21441e-08 -1.87578e-08 0 0 0
0.104478 -0.0263473 0.227278 0.098 -0.031 0.235
-2.26102e-08 -5.07339e-08 -8.88173e-09 0 0 0
9.49905e-09 1.86163e-08 2.36626e-08 0 0 0
0.217791 0.0363634 0.231346 0.221 0.036 0.238
4.06712e-08 4.25486e-08 2.66217e-08 0 0 0
-6.71716e-09 2.60899e-08 -1.53021e-09 0 0 0
0.0967261 0.142256 -0.117416 0.102 0.146 -0.118
1.3976e-08 1.47417e-08 -2.2577e-08 0 0 0
3.7766e-08 6.71339e-08 4.03325e-08 0 0 0
0.156545 0.0920086 0.0380176 0.163 0.08 0.044
4.3751e-08 -2.17383e-09 -2.76733e-08 0 0 0
-2.21498e-08 1.02733e-09 2.27441e-08 0 0 0
0.0963375 0.207517 -0.139555 0.106 0.206 -0.13
-2.91492e-08 1.58112e-08 -1.56701e-08 0 0 0
-8.3653e-09 -3.35338e-08 -7.43792e-09 0 0 0
-0.0289314 0.287235 0.00677117 -0.02 0.296 0.016
-6.69047e-08 2.76448e-08 2.70751e-08 0 0 0
8.34281e-10 5.09445e-08 -5.29428e-08 0 0 0
0.0880472 0.246594 0.155734 0.082 0.232 0.154
5.64582e-08 -1.68205e-08 4.53444e-08 0 0 0
-5.35321e-08 -1.80383e-08 4.98531e-08 0 0 0
0.0775673 -0.0550058 0.30045 0.089 -0.056 0.299
-4.28276e-08 2.14883e-08 -4.34932e-08 0 0 0
2.66539e-08 1.63307e-09 -6.24687e-08 0 0 0
0.0702339 0.152467 -0.194604 0.067 0.16 -0.197
5.49941e-08 3.26121e-08 2.99116e-08 0 0 0
3.92117e-08 -2.62001e-08 -3.54495e-08 0 0 0
-0.350556 0.219694 0.106797 -0.37 0.239 0.115
1.1121e-09 2.69603e-08 6.06978e-08 0 0 0
4.40337e-09 -3.62958e-08 -4.54339e-08 0 0 0
0.145622 -0.195436 0.293933 0.145 -0.195 0.315
-4.17068e-08 4.80568e-08 -2.22942e-08 0 0 0
8.19995e-09 -4.1949e-08 -3.90185e-08 0 0 0
0.127394 -0.0187084 -0.33151 0.13 -0.021 -0.331
-6.18402e-08 1.1748e-08 -7.00033e-09 0 0 0
1.9297e-08 -3.63357e-08 -1.23373e-08 0 0 0
0.157287 -0.0292833 0.362305 0.156 -0.03 0.371
-5.36529e-08 2.92599e-08 -1.89382e-08 0 0 0
-2.45322e-08 1.4152e-08 -4.90817e-08 0 0 0
0.139208 0.201625 0.100419 0.139 0.202 0.105
-1.56077e-09 -1.84127e-08 1.48037e-08 0 0 0
5.10672e-10 3.37029e-08 -9.94112e-09 0 0 0
0.257782 -0.0865276 -0.143856 0.255 -0.079 -0.133
-1.01075e-08 4.14418e-08 -1.57113e-08 0 0 0
-1.33712e-08 -7.30438e-08 -4.10652e-08 0 0 0
0.204459 -0.00939844 -0.10727 0.208 -0.002 -0.111
1.24102e-09 -1.97632e-08 8.91861e-10 0 0 0
4.50535e-09 4.50256e-08 3.37982e-08 0 0 0
0.246167 -0.0480873 -0.219743 0.238 -0.051 -0.212
5.63693e-08 1.11648e-08 -2.10825e-08 0 0 0
-3.92845e-08 -3.05098e-08 -2.07413e-08 0 0 0
0.182272 -0.245202 0.0307733 0.191 -0.24 0.036
1.6331e-08 3.39205e-08 -1.13315e-08 0 0 0
4.61958e-08 -3.94039e-08 4.96314e-08 0 0 0
0.29865 -0.0676642 -0.040828 0.3 -0.062 -0.04
-5.18338e-08 -9.25099e-09 4.79321e-08 0 0 0
3.14667e-08 -3.68923e-08 -3.21425e-08 0 0 0
0.165669 0.18866 -0.117097 0.136 0.171 -0.124
-4.15579e-09 -3.42663e-08 -7.3337e-09 0 0 0
5.74238e-08 2.44206e-08 2.6429e-08 0 0 0
-0.135511 0.0770258 -0.0420269 -0.132 0.077 -0.047
-3.59543e-08 -5.22996e-09 -1.14998e-08 0 0 0
-4.06748e-09 2.78827e-10 -5.18349e-09 0 0 0
0.0656189 -0.237251 -0.088465 0.087 -0.235 -0.092
6.17139e-08 -8.22092e-09 -8.47433e-09 0 0 0
4.53054e-08 -1.47433e-08 -4.39598e-08 0 0 0
0.0239881 -0.0388819 -0.263479 0.027 -0.037 -0.257
6.84083e-08 -4.82087e-08 -5.03554e-08 0 0 0
5.13585e-08 2.4715e-08 -3.95707e-08 0 0 0
-0.166462 0.27613 -0.162499 -0.171 0.274 -0.158
-6.85841e-08 -5.72264e-08 1.51973e-08 0 0 0
3.02727e-08 4.84273e-08 -8.1539e-09 0 0 0
-0.194579 0.125962 0.110502 -0.199 0.141 0.115
-1.65536e-08 1.38969e-08 -5.03013e-08 0 0 0
-4.5761e-08 -9.93283e-08 8.42671e-09 0 0 0
-0.00145798 0.221209 -0.0412362 0.007 0.25 -0.031
6.03591e-08 4.02324e-08 2.25819e-08 0 0 0
-1.36943e-08 -4.82984e-08 -1.91505e-08 0 0 0
0.235116 0.00993423 -0.211716 0.235 0.01 -0.211
7.50928e-09 -3.85139e-08 1.58672e-08 0 0 0
3.00322e-08 -4.37741e-08 -2.4843e-08 0 0 0
0.306284 0.0285463 0.0458752 0.312 0.04 0.041
-3.24391e-09 -1.80026e-08 7.13541e-08 0 0 0
-2.62494e-08 1.60629e-08 -4.27248e-08 0 0 0
-0.0033211 -0.117971 0.290362 -0.004 -0.113 0.285
-1.2854e-08 9.39851e-09 -7.18547e-09 0 0 0
-5.13253e-09 -1.60938e-08 3.92809e-08 0 0 0
-0.00871743 0.258439 0.123822 -0.008 0.265 0.108
1.09443e-08 -8.83147e-09 4.9508e-09 0 0 0
-2.47797e-08 -2.11461e-10 9.19464e-09 0 0 0
-0.0915435 0.03403 0.211737 -0.08 0.035 0.22
-3.49169e-08 4.3706e-08 2.741e-08 0 0 0
1.7992e-08 -1.70369e-08 4.54047e-09 0 0 0
0.189066 0.205474 -0.0975827 0.165 0.177 -0.11
-1.16957e-08 4.06723e-08 4.31785e-08 0 0 0
1.68548e-08 7.02262e-09 -3.03799e-09 0 0 0
-0.00748013 -0.117133 0.272359 -0.008 -0.114 0.268
2.931e-08 1.10898e-10 -2.71288e-09 0 0 0
-3.0617e-08 -2.04449e-08 -3.54329e-08 0 0 0
-0.158686 0.157062 0.118558 -0.149 0.155 0.129
3.86896e-08 -2.16621e-08 -2.83106e-08 0 0 0
-2.70463e-08 -1.39792e-08 6.43004e-08 0 0 0
0.189105 0.280821 -0.0179635 0.18 0.292 -0.028
-7.50822e-08 7.53205e-08 4.20151e-08 0 0 0
3.25517e-08 -5.50402e-08 1.63137e-08 0 0 0
-0.161734 0.15155 0.092886 -0.16 0.158 0.082
8.22701e-08 2.90846e-08 -2.38005e-08 0 0 0
-1.13528e-08 -4.8852e-08 1.75371e-08 0 0 0
0.0932624 0.0200094 0.233288 0.099 0.025 0.238
6.72239e-09 -1.53776e-09 8.69745e-09 0 0 0
1.78343e-08 -4.96428e-08 -5.84308e-08 0 0 0
0.0702249 0.279591 0.140021 0.097 0.29 0.132
-2.44252e-08 -4.27912e-08 1.27538e-08 0 0 0
-3.97574e-08 3.0795e-08 -2.45561e-08 0 0 0
-0.0871487 0.250463 0.0523289 -0.087 0.244 0.05
-3.57361e-08 -3.89012e-08 4.33797e-08 0 0 0
-3.68547e-08 6.55385e-10 3.6305e-09 0 0 0
-0.0818836 0.0700044 -0.377907 -0.083 0.073 -0.394
-1.22811e-09 -5.52035e-08 1.35512e-08 0 0 0
2.87572e-08 1.91137e-08 -3.21879e-08 0 0 0
-0.110894 0.164938 -0.235864 -0.1 0.154 -0.232
-4.49278e-08 -2.48559e-08 -4.94366e-10 0 0 0
-3.53024e-10 2.18427e-08 6.67006e-08 0 0 0
-0.158311 -0.038316 0.123856 -0.142 -0.039 0.133
-1.39276e-08 -1.46925e-08 2.65062e-08 0 0 0
4.08273e-08 -1.3254e-08 -6.33741e-08 0 0 0
0.0729158 0.256996 0.037759 0.057 0.254 0.044
4.18705e-08 -2.70452e-08 3.3166e-08 0 0 0
-8.20248e-08 -4.27999e-09 1.4407e-08 0 0 0
-0.254757 -0.00162716 0.0497794 -0.258 -0.006 0.044
-3.83725e-09 -1.60877e-08 8.57409e-10 0 0 0
-9.51398e-09 1.36155e-08 3.26298e-08 0 0 0
0.00809123 0.264946 -0.039358 0.008 0.257 -0.039
8.52875e-09 2.24627e-08 1.08936e-08 0 0 0
4.1518e-08 -3.41556e-08 1.29553e-08 0 0 0
0.254902 -0.0566875 -0.105837 0.262 -0.052 -0.11
6.56232e-08 2.63204e-08 -3.23755e-08 0 0 0
2.59409e-08 2.40072e-08 -2.97306e-08 0 0 0
-0.0176483 -0.19903 0.0629368 -0.022 -0.194 0.07
-2.33811e-08 5.40389e-09 -3.27673e-08 0 0 0
1.39569e-08 -4.1907e-08 2.73386e-08 0 0 0
0.301072 0.130915 -0.0693133 0.294 0.12 -0.074
1.28468e-08 4.13108e-08 2.63309e-08 0 0 0
7.70989e-10 -1.33943e-08 -6.04582e-08 0 0 0
0.0769187 0.297816 -0.0907481 0.088 0.291 -0.097
1.53532e-08 1.24722e-08 1.81935e-08 0 0 0
-2.64764e-08 9.98033e-09 -1.86744e-08 0 0 0
0.145029 0.243697 0.105586 0.142 0.232 0.115
-1.42016e-08 4.44748e-08 5.05089e-08 0 0 0
1.04324e-08 -2.27438e-08 -4.65743e-08 0 0 0
-0.287745 0.200055 0.136617 -0.3 0.226 0.143
-1.99708e-08 2.42344e-08 2.13534e-08 0 0 0
-2.95549e-08 -2.4357e-08 7.97017e-09 0 0 0
0.187987 -0.153132 0.310871 0.2 -0.147 0.309
-1.1132e-08 6.53231e-09 -1.04652e-08 0 0 0
-2.8239e-08 2.77167e-09 -2.45544e-08 0 0 0
-0.0398347 -0.25404 -0.0460317 -0.033 -0.258 -0.037
-5.52941e-09 -7.25573e-09 6.95532e-09 0 0 0
1.25895e-09 -9.56169e-09 -2.95712e-08 0 0 0
-0.0150397 -0.205235 0.141537 -0.023 -0.192 0.147
-3.35877e-09 -3.47096e-08 1.13426e-10 0 0 0
-3.71356e-08 1.75306e-08 2.05791e-08 0 0 0
-0.228704 -0.143897 -0.243046 -0.221 -0.141 -0.241
1.76914e-08 2.52306e-08 -4.25865e-08 0 0 0
-2.89271e-08 3.01727e-08 1.27449e-08 0 0 0
-0.0365969 0.252372 -0.0403071 -0.026 0.245 -0.035
-5.27867e-09 5.31258e-08 5.10439e-08 0 0 0
-3.08854e-08 2.31195e-09 -5.78497e-08 0 0 0
0.117332 0.280964 0.00993948 0.116 0.274 0.027
3.69369e-08 -3.59687e-08 4.04809e-08 0 0 0
-2.80934e-08 5.41885e-10 -4.07672e-08 0 0 0
-0.272955 -0.0595215 -0.172797 -0.265 -0.053 -0.165
-1.74645e-08 3.08629e-08 4.05584e-09 0 0 0
-2.61275e-08 -5.91986e-08 -1.11226e-08 0 0 0
-0.0701985 -0.0692943 0.194428 -0.081 -0.061 0.195
1.05367e-08 -1.60429e-08 2.73519e-08 0 0 0
1.62992e-08 4.98224e-09 -1.38014e-08 0 0 0
-0.237095 -0.0446168 -0.233953 -0.235 -0.04 -0.223
1.8174e-08 -2.55188e-08 2.00969e-08 0 0 0
4.68834e-08 4.4972e-08 -1.93033e-08 0 0 0
0.0761312 0.148008 0.111728 0.07 0.153 0.12
-3.47911e-08 6.72654e-08 2.48824e-09 0 0 0
-3.46702e-08 1.09932e-08 -8.38924e-09 0 0 0
0.238694 -0.0324867 -0.0328342 0.244 -0.034 -0.047
4.35088e-09 -1.22833e-08 3.66695e-08 0 0 0
2.47244e-08 1.48285e-08 -6.83038e-08 0 0 0
0.236552 -0.123006 0.0142603 0.231 -0.119 0.015
-1.86814e-08 3.22925e-08 4.70701e-08 0 0 0
-2.31417e-08 4.3484e-08 -2.10261e-08 0 0 0
0.195636 -0.289308 -0.0515938 0.202 -0.279 -0.051
-8.14796e-09 1.03918e-08 -4.88493e-08 0 0 0
3.18552e-08 1.42265e-08 9.04161e-10 0 0 0
0.112686 -0.094738 -0.00765933 0.115 -0.09 -0.004
2.69497e-08 -6.53481e-08 1.69617e-08 0 0 0
2.23353e-08 5.09432e-09 2.13671e-08 0 0 0
0.261856 -0.133488 -0.012677 0.264 -0.135 -0.008
-3.04744e-09 7.85879e-08 4.75699e-08 0 0 0
9.73846e-10 3.12429e-08 -3.65703e-08 0 0 0
0.00878026 0.174669 -0.114628 0.01 0.175 -0.109
-2.96344e-09 2.99902e-08 -3.28041e-08 0 0 0
-1.0388e-08 2.97689e-08 -6.33197e-08 0 0 0
0.107915 -0.320956 -0.201503 0.115 -0.314 -0.205
3.78789e-08 5.20246e-08 -3.35284e-08 0 0 0
4.60832e-08 -8.57015e-09 5.85326e-09 0 0 0
0.148893 0.265172 -0.00723449 0.145 0.267 -0.004
1.86517e-08 3.51678e-08 2.38746e-08 0 0 0
2.19095e-08 1.48307e-08 -4.3556e-08 0 0 0
-0.0591931 0.180015 -0.173736 -0.064 0.182 -0.173
-5.09723e-09 1.07977e-08 -3.61173e-09 0 0 0
-1.25941e-09 1.49222e-08 3.44824e-08 0 0 0
0.228675 0.151818 0.230889 0.222 0.15 0.218
4.09862e-08 5.25729e-09 2.50492e-08 0 0 0
7.37552e-09 -3.89826e-08 2.01829e-08 0 0 0
0.144613 0.0332811 0.179447 0.14 0.031 0.178
-2.38874e-08 -3.43607e-08 -1.60267e-08 0 0 0
1.92916e-08 3.65062e-08 -1.30121e-08 0 0 0
0.0572393 -0.0338609 -0.14832 0.051 -0.033 -0.156
-3.32683e-08 3.97749e-08 -2.11184e-08 0 0 0
-2.34421e-09 -2.26413e-08 -5.52517e-08 0 0 0
-0.251447 0.226141 0.0369674 -0.25 0.224 0.036
-2.41086e-08 5.08755e-09 3.31748e-08 0 0 0
5.75464e-09 -4.12969e-08 -1.63615e-08 0 0 0
0.0922541 0.00352564 0.291218 0.098 0.017 0.299
-8.41408e-09 4.79808e-08 5.33271e-09 0 0 0
-2.06949e-08 -1.23067e-08 -2.8872e-08 0 0 0
-0.133944 0.246749 0.0998012 -0.147 0.245 0.117
-3.39664e-09 -6.94097e-08 -2.15758e-08 0 0 0
-1.00835e-09 4.34347e-08 -1.71348e-08 0 0 0
-0.0494433 0.00583595 0.315516 -0.043 0.002 0.298
-1.06028e-08 2.20583e-08 -4.60302e-08 0 0 0
6.08194e-08 -3.02002e-08 -9.6047e-10 0 0 0
0.156881 -0.0171394 0.114001 0.137 -0.038 0.131
-5.73256e-09 6.74136e-08 1.92467e-10 0 0 0
7.21609e-09 3.97622e-09 1.72306e-08 0 0 0
0.313317 0.0225423 -0.0455005 0.319 0.028 -0.049
-1.92606e-08 -2.67548e-08 -2.31711e-08 0 0 0
2.88784e-08 1.4709e-09 1.45883e-08 0 0 0
0.140723 -0.114539 -0.129378 0.14 -0.134 -0.12
-8.62707e-09 1.86099e-08 2.55354e-09 0 0 0
-3.15941e-09 -1.16438e-07 -3.38046e-08 0 0 0
0.143624 -0.104029 -0.196497 0.141 -0.097 -0.205
4.63258e-08 1.91505e-08 8.49041e-10 0 0 0
-3.18175e-09 -5.15197e-08 2.16705e-08 0 0 0
0.26401 -0.0574267 0.106775 0.268 -0.073 0.102
-5.74673e-09 -4.25128e-08 -3.42389e-09 0 0 0
3.93768e-08 2.20788e-08 -2.76254e-08 0 0 0
0.0258769 -0.102682 0.336347 0.027 -0.105 0.342
4.30677e-09 4.86928e-09 8.19469e-10 0 0 0
-1.31938e-08 -4.46211e-09 2.72346e-08 0 0 0
0.125427 0.0908901 0.136022 0.15 0.092 0.141
4.70128e-09 1.86469e-09 5.72687e-08 0 0 0
-3.33569e-08 -3.53893e-09 -6.25992e-09 0 0 0
-0.07274 -0.0128714 -0.101408 -0.065 -0.003 -0.109
-1.92489e-08 1.2641e-08 -7.57269e-08 0 0 0
-2.25839e-08 -1.5878e-08 6.58117e-08 0 0 0
0.180698 -0.0893964 -0.17864 0.17 -0.089 -0.176
-1.27291e-08 5.63728e-09 1.72715e-08 0 0 0
4.85601e-08 -2.21943e-08 1.26225e-08 0 0 0
0.0853994 -0.0841441 -0.218322 0.096 -0.095 -0.225
-8.09227e-09 2.92121e-08 -2.06805e-08 0 0 0
-1.85134e-08 -4.30377e-08 -2.11182e-08 0 0 0
-0.295611 0.20658 0.0817835 -0.292 0.2 0.087
-4.00088e-08 -1.22958e-08 -3.66169e-08 0 0 0
3.29779e-08 5.50408e-08 -1.6564e-08 0 0 0
-0.286421 0.00761865 0.0942111 -0.282 0.018 0.093
1.64564e-11 -2.54839e-08 8.20709e-08 0 0 0
-1.74646e-08 6.99965e-08 -1.48305e-08 0 0 0
0.0212719 0.0279463 0.316284 0.016 0.022 0.313
9.32859e-10 2.62724e-09 4.04617e-09 0 0 0
-2.11607e-09 -2.64054e-09 8.39215e-09 0 0 0
0.111518 -0.101576 0.219349 0.11 -0.099 0.203
5.70188e-10 3.70537e-08 2.1171e-08 0 0 0
1.27469e-08 -4.94939e-09 6.3268e-08 0 0 0
0.231142 0.0257886 -0.216492 0.231 0.024 -0.204
-8.28517e-09 -4.09924e-08 -3.26107e-08 0 0 0
3.59887e-08 -2.76255e-10 2.39567e-08 0 0 0
0.224592 0.0313902 0.155209 0.203 0.04 0.146
-3.93551e-09 -8.1997e-09 2.22724e-08 0 0 0
-1.21692e-08 -3.62511e-09 -1.99419e-08 0 0 0
0.0217874 0.239172 0.230343 0.01 0.242 0.218
-5.98046e-08 -5.352e-09 5.3213e-09 0 0 0
-1.35418e-09 2.18288e-08 -1.57042e-08 0 0 0
-0.25935 -0.0923571 0.125934 -0.259 -0.078 0.109
6.87276e-09 1.67782e-08 2.6605e-08 0 0 0
-1.21005e-08 -3.44643e-08 2.43705e-09 0 0 0
0.128564 0.199858 -0.160046 0.116 0.196 -0.161
2.82278e-08 1.28773e-09 7.54035e-10 0 0 0
7.63225e-09 1.34789e-08 4.41473e-08 0 0 0
0.235871 -0.196572 0.0952862 0.23 -0.188 0.1
2.60298e-08 -1.86426e-08 2.95397e-08 0 0 0
1.32015e-08 3.37718e-08 1.15057e-08 0 0 0
-0.0329654 0.301082 0.20153 -0.046 0.307 0.196
2.46294e-08 -4.06932e-08 1.58088e-08 0 0 0
-8.11423e-09 -6.66307e-08 2.77585e-08 0 0 0
-0.0115885 0.142204 0.195386 -0.003 0.131 0.214
1.76959e-08 -2.55755e-08 3.57951e-08 0 0 0
1.94257e-08 6.41031e-12 5.11934e-09 0 0 0
-0.0872803 0.0884307 -0.135778 -0.104 0.074 -0.144
1.19824e-09 -4.19632e-08 2.47555e-08 0 0 0
1.36781e-08 9.13344e-08 -1.06993e-08 0 0 0
-0.0135106 0.0109696 -0.421572 -0.011 0.018 -0.429
4.08298e-09 -5.24e-08 3.16953e-08 0 0 0
4.84842e-08 -2.74121e-10 -3.15737e-09 0 0 0
-0.0905946 0.162109 0.153781 -0.094 0.164 0.163
1.74208e-08 -5.69243e-08 1.9244e-08 0 0 0
1.79053e-08 5.48384e-08 -5.85689e-08 0 0 0
0.195989 -0.0696385 -0.141077 0.225 -0.067 -0.155
4.18274e-08 2.77402e-08 -8.19637e-10 0 0 0
1.64787e-08 -2.49327e-08 2.0188e-08 0 0 0
0.0946403 0.280032 -0.217718 0.092 0.281 -0.205
3.03101e-08 2.42672e-08 -1.6938e-08 0 0 0
-5.8955e-08 -3.27602e-08 -4.63284e-09 0 0 0
-0.170087 -0.291571 0.0588298 -0.16 -0.298 0.054
2.77658e-08 -3.06096e-09 9.48306e-10 0 0 0
-5.28854e-08 4.52211e-08 -1.7599e-08 0 0 0
0.101664 0.0058557 0.288911 0.103 0.008 0.288
3.43309e-08 -6.31553e-09 1.98296e-08 0 0 0
1.3831e-08 -1.7969e-08 -9.64941e-09 0 0 0
-0.0604535 0.19549 -0.109998 -0.052 0.201 -0.114
-3.6674e-08 2.95565e-08 -1.12436e-08 0 0 0
2.38597e-08 1.5849e-08 6.02046e-08 0 0 0
0.0172893 -0.238991 0.123123 0.013 -0.234 0.128
-2.04926e-08 2.29857e-08 -1.67538e-08 0 0 0
1.88404e-08 -5.20331e-08 -3.74011e-08 0 0 0
0.0928871 -0.14273 -0.111421 0.102 -0.147 -0.105
-3.79714e-08 1.08325e-09 -1.4427e-08 0 0 0
3.27395e-08 -2.10369e-09 -1.94713e-08 0 0 0
0.28656 0.209007 -0.0416421 0.293 0.207 -0.045
2.96393e-08 -1.04548e-09 1.21737e-08 0 0 0
-6.91611e-09 6.11266e-08 -7.38607e-09 0 0 0
-0.288427 0.157092 0.0412843 -0.285 0.159 0.038
3.65452e-08 -2.79222e-09 -3.54177e-08 0 0 0
4.20423e-08 -1.99627e-08 8.29379e-09 0 0 0
0.240263 0.0438592 -0.108704 0.246 0.055 -0.113
1.80221e-08 -2.51297e-08 5.25852e-09 0 0 0
-4.59405e-08 1.49238e-08 1.41113e-08 0 0 0
-0.0231717 0.12831 0.271831 -0.018 0.135 0.274
-2.3773e-08 4.29737e-08 4.25803e-08 0 0 0
-7.05209e-09 3.15822e-08 1.91309e-08 0 0 0
0.112116 0.088523 -0.0531079 0.114 0.092 -0.057
7.57005e-08 -2.88267e-08 -8.19581e-09 0 0 0
1.87619e-08 9.38446e-08 2.43875e-08 0 0 0
-0.178844 -0.116184 0.142386 -0.18 -0.117 0.134
-1.38742e-08 1.09887e-08 -3.04366e-09 0 0 0
3.74131e-08 1.25457e-08 1.78405e-08 0 0 0
0.212934 -0.0428982 0.0993819 0.209 -0.059 0.1
4.13684e-08 -1.39821e-08 3.92671e-08 0 0 0
-1.01753e-08 3.13368e-08 3.50828e-08 0 0 0
-0.0762699 -0.0650508 -0.189511 -0.078 -0.065 -0.202
-2.7882e-08 6.61935e-09 -1.17009e-09 0 0 0
-2.65702e-08 2.65385e-08 6.31356e-09 0 0 0
-0.029255 -0.191362 -0.168721 -0.032 -0.189 -0.17
-2.90669e-08 1.73537e-09 -3.33827e-08 0 0 0
6.67626e-09 2.28629e-08 -5.22593e-08 0 0 0
-0.214068 -0.0199569 -0.22621 -0.205 -0.021 -0.234
5.48767e-09 7.05109e-08 -7.06691e-09 0 0 0
-5.95664e-08 -3.71381e-08 2.72755e-08 0 0 0
-0.186609 0.274587 0.118304 -0.201 0.259 0.112
1.68274e-08 7.51124e-09 4.59138e-08 0 0 0
-1.61747e-08 -3.92141e-08 1.44546e-09 0 0 0
0.123985 0.0741061 0.236433 0.114 0.083 0.225
4.18254e-08 4.40813e-09 1.17333e-08 0 0 0
-5.59085e-08 -1.14527e-08 1.39803e-08 0 0 0
0.0403175 -0.0513871 -0.276496 0.042 -0.051 -0.29
-1.23083e-09 4.57906e-08 2.16267e-09 0 0 0
-2.04461e-08 -7.24375e-08 -5.55332e-09 0 0 0
-0.0837671 -0.178976 0.166375 -0.068 -0.178 0.161
-3.15107e-08 1.4437e-08 -4.08429e-09 0 0 0
-8.54337e-09 -5.2939e-08 -2.37413e-09 0 0 0
-0.21837 0.0687276 -0.12524 -0.225 0.057 -0.141
-4.13335e-09 -3.18927e-08 -3.90059e-08 0 0 0
3.88421e-08 -2.23889e-09 -1.8039e-08 0 0 0
0.245435 0.0379036 0.134559 0.235 0.046 0.13
-1.24943e-08 4.57189e-09 -3.47564e-08 0 0 0
1.14378e-08 -4.42153e-08 5.79889e-08 0 0 0
-0.0211323 0.202391 0.28018 -0.036 0.189 0.286
1.78905e-08 -7.57115e-10 9.07769e-09 0 0 0
3.76004e-08 -8.65874e-09 -2.2492e-08 0 0 0
0.163338 -0.196089 -0.086446 0.153 -0.185 -0.081
-2.13798e-08 2.36815e-08 2.2037e-08 0 0 0
-3.4656e-08 -3.29161e-08 -3.5307e-08 0 0 0
0.14986 -0.0639252 -0.227554 0.147 -0.057 -0.228
2.44624e-08 1.02417e-08 -3.14094e-08 0 0 0
1.22163e-08 -1.9855e-08 -1.9118e-08 0 0 0
-0.0387106 -0.132426 0.281778 -0.03 -0.133 0.272
2.5459e-08 -3.06836e-09 1.36295e-08 0 0 0
-5.2604e-08 -1.74754e-08 -1.26059e-08 0 0 0
0.0869427 0.240687 -0.0168703 0.073 0.236 -0.002
5.19866e-08 -1.43402e-08 -3.76128e-08 0 0 0
-3.74289e-08 1.55455e-08 -2.47595e-08 0 0 0
0.0466103 0.331165 0.122523 0.037 0.337 0.142
2.1705e-08 1.98796e-08 1.80432e-08 0 0 0
3.27649e-09 -2.57272e-08 -5.18514e-08 0 0 0
0.164987 0.117053 0.0677779 0.165 0.117 0.054
-1.46903e-08 5.93344e-10 1.25278e-08 0 0 0
2.4898e-08 5.8843e-09 5.1928e-08 0 0 0
-0.327381 0.106863 -0.156713 -0.35 0.077 -0.253
1.94008e-08 -3.26943e-09 -3.17882e-08 0 0 0
-5.8195e-08 -1.49079e-08 2.80815e-08 0 0 0
0.127852 0.0796221 0.0324674 0.134 0.074 0.036
1.04276e-08 7.40067e-08 -1.44558e-08 0 0 0
3.45872e-08 4.0922e-08 -7.53809e-08 0 0 0
0.20359 -0.0561211 0.328488 0.21 -0.052 0.328
2.83381e-08 2.00663e-08 -3.61448e-08 0 0 0
-2.34931e-08 2.05424e-08 6.21141e-08 0 0 0
0.191339 -0.283784 0.0519356 0.192 -0.278 0.051
3.80082e-08 1.74497e-09 2.48736e-08 0 0 0
2.62588e-08 -8.29407e-09 -3.2061e-08 0 0 0
0.0795007 0.156825 -0.312589 0.071 0.148 -0.299
1.07208e-08 -4.39484e-08 4.79679e-08 0 0 0
2.87309e-09 1.84804e-08 5.08668e-08 0 0 0
-0.207934 0.179808 0.143623 -0.197 0.167 0.142
-3.88113e-08 -1.10128e-08 2.78771e-11 0 0 0
-5.19769e-09 -3.18108e-08 3.09115e-09 0 0 0
0.0767179 0.0276163 0.195496 0.068 0.032 0.193
-2.79407e-08 -5.20664e-09 4.22365e-09 0 0 0
4.27537e-08 7.51443e-09 -1.35974e-08 0 0 0
-0.0653872 0.276894 -0.107092 -0.06 0.26 -0.115
-5.76419e-10 4.83161e-08 1.73357e-08 0 0 0
2.86242e-09 -2.30171e-08 1.23853e-08 0 0 0
0.000247054 0.0554389 0.282452 0.004 0.047 0.284
-2.66556e-08 -2.66643e-08 -1.79058e-09 0 0 0
2.42506e-08 -4.43165e-08 -4.6459e-08 0 0 0
0.0950327 0.184188 0.248961 0.096 0.185 0.254
4.10594e-09 9.90525e-08 2.81202e-08 0 0 0
1.83267e-08 -2.30357e-08 1.12499e-08 0 0 0
0.257536 -0.0137069 0.121782 0.244 -0.012 0.124
-1.58753e-08 4.48847e-08 4.97714e-08 0 0 0
1.56542e-09 -9.44062e-09 -2.07073e-08 0 0 0
0.214435 0.00798221 -0.108708 0.219 0.002 -0.124
-3.92189e-09 4.51897e-09 9.20017e-10 0 0 0
-1.12686e-11 4.40953e-08 3.51725e-09 0 0 0
0.260651 0.0038383 -0.0991172 0.26 -0.003 -0.103
1.73909e-08 4.84279e-08 -1.03984e-08 0 0 0
-1.6969e-08 -1.34374e-08 -2.47121e-09 0 0 0
0.161483 -0.150798 0.0136413 0.162 -0.153 0.012
-1.24346e-08 -4.78943e-08 -5.83475e-09 0 0 0
-3.24423e-10 -3.73512e-08 -2.12395e-08 0 0 0
0.267378 0.171021 -0.183657 0.265 0.172 -0.182
2.11072e-08 -3.4858e-08 -2.66361e-08 0 0 0
-5.86883e-08 2.24368e-08 4.77532e-08 0 0 0
0.123575 0.149786 -0.0742391 0.133 0.158 -0.073
-5.0767e-08 -2.17096e-09 -2.83998e-08 0 0 0
3.61533e-08 1.12224e-08 1.28275e-08 0 0 0
0.0440473 0.332425 -0.261461 0.041 0.358 -0.264
4.02361e-08 -1.07022e-08 3.47609e-08 0 0 0
8.56367e-09 1.30009e-08 1.87363e-08 0 0 0
-0.21416 0.2023 -0.130084 -0.209 0.191 -0.15
6.87303e-09 5.23745e-09 -3.45525e-08 0 0 0
-1.97747e-08 1.42396e-08 2.73782e-08 0 0 0
0.124534 0.0274961 -0.13182 0.133 0.029 -0.112
2.70558e-08 2.76927e-08 6.6435e-08 0 0 0
-6.09137e-10 3.97831e-08 -2.67988e-08 0 0 0
0.0561994 -0.0205776 -0.17394 0.046 -0.033 -0.166
2.3559e-08 -3.90876e-08 -7.3519e-08 0 0 0
-3.50366e-08 -5.0655e-09 8.88389e-09 0 0 0
-0.215685 0.195326 0.0648082 -0.192 0.184 0.054
-1.97761e-08 -3.32923e-08 -5.34656e-08 0 0 0
9.35755e-09 2.43002e-08 5.11237e-08 0 0 0
0.188314 0.0889398 0.175851 0.19 0.102 0.181
-4.94793e-08 -2.55052e-08 8.15059e-09 0 0 0
-1.05144e-08 1.36804e-08 -2.29309e-08 0 0 0
0.0926754 0.235517 0.00537618 0.084 0.244 0.016
-9.29957e-09 2.88835e-08 6.45493e-10 0 0 0
1.82279e-08 -4.6075e-08 -4.16896e-08 0 0 0
0.287025 0.252374 0.0649471 0.291 0.258 0.063
-3.92173e-08 -2.93186e-08 -6.33952e-08 0 0 0
4.2251e-09 -4.20038e-08 -6.64003e-09 0 0 0
0.173237 -0.136645 0.265273 0.175 -0.141 0.257
2.76994e-08 -2.06637e-08 -1.02867e-08 0 0 0
-1.97232e-08 6.18034e-09 -1.58965e-08 0 0 0
0.0348948 0.269442 0.240589 0.034 0.275 0.234
2.40599e-09 -2.07047e-08 -9.63755e-09 0 0 0
-1.39727e-08 -1.70451e-09 1.286e-08 0 0 0
-0.0639088 0.024223 0.249219 -0.052 0.016 0.264
1.21391e-08 6.82436e-08 3.38987e-09 0 0 0
-1.9684e-08 -4.50334e-08 1.62299e-08 0 0 0
0.230988 0.205098 0.102068 0.235 0.193 0.094
-3.47616e-08 1.14959e-10 -4.61008e-08 0 0 0
-1.24836e-08 1.75713e-08 -3.97559e-08 0 0 0
0.138872 -0.329755 0.115976 0.133 -0.329 0.113
4.1685e-08 -1.12617e-08 -3.3889e-08 0 0 0
2.63432e-09 -2.54512e-08 -1.88062e-08 0 0 0
0.0947144 0.0584807 0.173752 0.095 0.062 0.183
3.2059e-08 -3.78967e-08 7.09942e-09 0 0 0
-2.58807e-08 -4.02223e-08 3.83942e-08 0 0 0
-0.181626 -0.00132122 0.120172 -0.187 -0.002 0.137
2.23007e-08 -3.36975e-10 3.23485e-08 0 0 0
3.55361e-08 -4.66635e-08 3.60217e-08 0 0 0
0.0488766 0.0812793 -0.348692 0.047 0.074 -0.341
9.71678e-09 -1.19076e-08 -4.20791e-08 0 0 0
2.08943e-08 3.43359e-08 -9.88491e-09 0 0 0
-0.221809 -0.0593604 0.334448 -0.231 -0.042 0.349
3.84891e-09 2.19801e-08 7.22478e-09 0 0 0
-1.96097e-08 -2.45029e-08 -9.98644e-09 0 0 0
-0.230154 0.0377005 0.0720767 -0.232 0.039 0.071
-1.53162e-08 8.36294e-09 -1.12467e-08 0 0 0
1.52015e-08 2.79791e-08 1.14812e-08 0 0 0
0.00293026 0.211862 0.0352983 -0 0.217 0.032
-5.6968e-09 -1.3568e-08 3.33198e-08 0 0 0
7.90758e-09 6.50406e-09 -7.53347e-10 0 0 0
-0.0231798 -0.0823864 -0.323417 -0.031 -0.066 -0.326
7.97699e-09 5.63884e-10 -1.91262e-08 0 0 0
2.20338e-09 1.02765e-08 -6.562e-09 0 0 0
-0.0583841 0.244114 0.1471 -0.048 0.242 0.162
-6.75326e-08 2.96483e-08 -1.52378e-09 0 0 0
6.24376e-08 9.214e-09 -4.07458e-08 0 0 0
-0.100673 -0.0785685 0.220952 -0.091 -0.077 0.223
1.89392e-08 -1.57902e-08 -4.05139e-09 0 0 0
-7.2689e-08 -4.04959e-08 1.546e-08 0 0 0
0.00752976 0.150038 -0.0185807 0.019 0.149 -0.02
-3.42884e-09 5.76523e-08 -2.63543e-08 0 0 0
2.6282e-08 2.90329e-08 1.41826e-08 0 0 0
-0.15994 -0.118847 0.0320838 -0.172 -0.13 0.033
-3.34254e-08 -3.30087e-08 -2.63145e-10 0 0 0
-4.27836e-09 3.99564e-08 1.93134e-08 0 0 0
0.138294 0.231202 -0.16135 0.133 0.23 -0.172
3.42697e-08 -2.38085e-08 -3.42327e-08 0 0 0
-6.56245e-08 7.10351e-09 -9.33035e-09 0 0 0
0.137471 0.0676307 0.0952689 0.133 0.064 0.108
1.70822e-08 1.65556e-08 3.04494e-08 0 0 0
-1.43594e-08 3.64253e-08 -4.26564e-08 0 0 0
-0.191586 -0.0263316 0.116405 -0.198 -0.03 0.126
6.5073e-09 -4.16855e-08 -7.16107e-09 0 0 0
-1.4022e-08 6.8267e-09 -3.70116e-08 0 0 0
0.138728 -0.0476947 -0.259515 0.138 -0.029 -0.247
3.49056e-10 -3.60171e-11 -1.05187e-08 0 0 0
2.25871e-08 2.09332e-08 3.52687e-08 0 0 0
-0.03636 0.284458 0.0576132 -0.03 0.28 0.054
1.97146e-08 -4.59152e-08 4.57903e-08 0 0 0
-2.41281e-08 2.66539e-08 1.28416e-08 0 0 0
0.36786 0.0881742 0.0846934 0.368 0.082 0.088
-2.37343e-10 -1.33953e-08 -3.18032e-09 0 0 0
-1.85427e-08 -1.2515e-08 -2.70436e-08 0 0 0
-0.270257 -0.0909318 -0.173234 -0.266 -0.08 -0.172
-2.39076e-08 -2.85532e-08 3.73285e-08 0 0 0
3.63645e-08 -2.29459e-08 1.57502e-08 0 0 0
0.289495 -0.0735661 0.0692395 0.295 -0.078 0.064
2.38925e-08 1.90848e-08 1.19947e-08 0 0 0
-2.64794e-08 -7.79164e-09 6.43432e-08 0 0 0
-0.205863 -0.110219 0.0131437 -0.201 -0.106 0.034
7.35571e-09 1.14299e-09 -4.2504e-08 0 0 0
2.78332e-08 -3.24921e-08 -2.85317e-09 0 0 0
-0.030369 -0.160296 0.00242037 -0.04 -0.177 -0.001
6.71074e-09 -5.59836e-08 -3.84331e-08 0 0 0
-1.29477e-08 2.1666e-08 -2.53865e-08 0 0 0
-0.122836 0.191028 -0.121105 -0.122 0.197 -0.127
3.47458e-08 -4.3538e-08 -1.09839e-08 0 0 0
-1.77726e-08 6.30697e-08 2.30624e-08 0 0 0
-0.0426087 0.337536 0.07935 -0.051 0.333 0.073
7.09169e-08 -2.94091e-08 3.44757e-08 0 0 0
5.45393e-09 -2.47466e-08 -1.72528e-08 0 0 0
0.174914 0.222289 -0.025676 0.18 0.232 -0.035
7.45754e-09 -5.8735e-09 1.78019e-08 0 0 0
-3.78835e-08 4.52584e-08 -7.80834e-09 0 0 0
-0.161261 -0.0503739 -0.22412 -0.16 -0.058 -0.221
2.57772e-08 2.04752e-08 -2.6255e-08 0 0 0
2.78008e-08 4.6158e-09 -1.03127e-08 0 0 0
-0.122107 0.0275486 0.301954 -0.121 0.026 0.308
9.00082e-09 -2.51813e-09 -3.83146e-09 0 0 0
-4.76024e-08 -5.80028e-08 -1.03833e-08 0 0 0
-0.217629 -0.0155043 -0.165545 -0.216 -0.024 -0.167
-2.46454e-08 -3.67033e-08 4.62905e-08 0 0 0
4.03122e-08 5.66212e-09 -5.74962e-09 0 0 0
-0.0731159 0.16325 0.162808 -0.058 0.166 0.169
4.27873e-08 2.3745e-08 4.10007e-08 0 0 0
1.41205e-08 -5.82575e-08 -3.12388e-08 0 0 0
0.292424 -0.0880462 0.0706801 0.284 -0.091 0.072
7.74712e-09 -1.35806e-08 4.46417e-08 0 0 0
-2.22907e-08 -3.16315e-08 -1.77852e-08 0 0 0
0.22465 -0.101152 -0.103661 0.215 -0.093 -0.094
-8.7499e-09 3.26608e-08 9.22268e-09 0 0 0
-1.34496e-08 -3.57745e-08 2.24103e-08 0 0 0
0.272378 -0.0962048 0.0896652 0.271 -0.101 0.075
3.80139e-08 1.84105e-08 -3.67369e-08 0 0 0
-4.61686e-08 -1.06299e-08 -3.48651e-08 0 0 0
0.340244 0.0380438 0.114461 0.358 0.017 0.115
-8.34053e-09 -1.15388e-08 4.98534e-09 0 0 0
1.13345e-08 4.31387e-08 2.86275e-08 0 0 0
0.238647 0.0474322 -0.0733032 0.234 0.044 -0.065
-1.66805e-08 -5.72873e-09 -1.01399e-08 0 0 0
1.03852e-08 5.1139e-08 -5.45844e-08 0 0 0
0.133224 0.269088 -0.219658 0.13 0.263 -0.22
7.83833e-09 4.28302e-08 3.86952e-09 0 0 0
2.88756e-08 9.52495e-09 -3.40145e-08 0 0 0
0.207149 -0.0920218 -0.0415011 0.212 -0.101 -0.038
2.36658e-08 7.09232e-09 1.878e-08 0 0 0
-3.44019e-08 -2.30702e-08 -2.26022e-08 0 0 0
0.170768 0.182729 0.114283 0.173 0.195 0.124
-9.48788e-08 3.21669e-08 -1.99421e-08 0 0 0
3.88812e-08 -1.11503e-08 3.40888e-08 0 0 0
0.0498978 0.160539 -0.0963799 0.042 0.162 -0.088
-2.80582e-08 -2.08753e-09 3.89649e-08 0 0 0
1.4332e-08 3.84271e-08 -6.99778e-08 0 0 0
0.153302 0.105032 0.178709 0.154 0.107 0.173
4.9237e-08 -1.83046e-08 -2.65161e-08 0 0 0
-2.10206e-09 2.73674e-08 3.35292e-08 0 0 0
0.159996 -0.0897201 0.177198 0.146 -0.073 0.176
3.03914e-08 -3.20818e-09 3.55891e-08 0 0 0
-5.97522e-10 3.91581e-08 -8.82769e-09 0 0 0
0.210221 0.035768 -0.19365 0.197 0.042 -0.203
4.15583e-09 4.12821e-08 -4.19064e-08 0 0 0
-4.61179e-08 -1.32739e-08 -2.33222e-08 0 0 0
-0.0853836 0.312779 -0.0464208 -0.074 0.303 -0.037
-7.91311e-09 4.00386e-08 -4.26402e-08 0 0 0
-8.13103e-08 -4.18758e-08 2.95046e-08 0 0 0
0.115785 0.0391906 0.195149 0.121 0.033 0.182
7.33187e-09 -3.1849e-08 2.01063e-08 0 0 0
-2.59997e-08 4.70421e-08 3.86605e-08 0 0 0
-0.119689 0.260552 -0.0386629 -0.101 0.29 -0.038
6.48237e-09 -3.16366e-08 1.98733e-08 0 0 0
-3.4911e-08 1.00079e-08 -4.06006e-08 0 0 0
-0.268305 0.121966 0.298706 -0.252 0.119 0.292
-1.11667e-08 2.64138e-08 2.55691e-08 0 0 0
2.07824e-08 -2.83474e-08 2.36368e-08 0 0 0
0.15726 -0.00852531 0.201137 0.155 -0.016 0.207
2.16416e-08 -1.28989e-08 4.76466e-08 0 0 0
-6.53296e-10 -4.10675e-08 -1.65163e-08 0 0 0
0.248155 0.0879401 -0.125791 0.252 0.092 -0.118
4.29412e-08 -1.38106e-08 3.50955e-08 0 0 0
-1.21955e-08 4.02723e-08 4.0246e-08 0 0 0
0.181196 0.111824 -0.160892 0.179 0.099 -0.164
2.61804e-08 5.52216e-09 -6.09648e-08 0 0 0
1.11981e-08 -2.92958e-08 8.30232e-09 0 0 0
0.229468 -0.0346156 -0.128064 0.234 -0.026 -0.14
-1.30648e-08 2.19482e-08 -7.254e-09 0 0 0
-5.25509e-09 -4.36116e-08 3.22476e-09 0 0 0
0.308299 -0.208824 0.00227913 0.293 -0.196 -0.003
-2.69614e-08 -3.88948e-08 2.85134e-08 0 0 0
1.29233e-10 4.14423e-08 -3.83254e-08 0 0 0
0.326551 0.0104947 0.03269 0.321 0.01 0.031
-3.66037e-09 3.6721e-08 3.67108e-08 0 0 0
2.44458e-08 -2.23448e-08 1.0325e-08 0 0 0
0.29859 -0.0262189 0.161518 0.289 -0.031 0.161
3.66637e-08 3.33933e-08 -8.29663e-10 0 0 0
-7.36924e-08 -9.551e-09 8.44466e-09 0 0 0
-0.25176 -0.0110805 0.00654583 -0.253 -0.002 0.003
-5.8302e-08 -2.47959e-09 3.02354e-08 0 0 0
-4.16035e-09 -8.04889e-09 -2.4744e-08 0 0 0
0.0252444 -0.0526443 -0.400168 0.036 -0.055 -0.384
3.17153e-08 3.56084e-09 -2.32861e-09 0 0 0
-3.39277e-08 -4.00491e-09 -1.77495e-08 0 0 0
0.179711 -0.0956556 -0.193076 0.163 -0.087 -0.182
-5.68044e-09 -1.6889e-08 -7.18309e-08 0 0 0
1.50845e-08 8.03003e-09 4.24196e-09 0 0 0
-0.106234 0.270363 0.0964734 -0.108 0.266 0.094
4.30387e-09 2.39802e-08 -1.76556e-08 0 0 0
7.72212e-09 -3.51661e-08 -3.02715e-08 0 0 0
-0.270492 -0.0365801 0.00688549 -0.268 -0.039 0.008
-2.25527e-08 1.30585e-08 -3.316e-08 0 0 0
3.95571e-08 -3.09051e-09 -3.5531e-09 0 0 0
-0.239084 -0.131614 0.253927 -0.232 -0.106 0.258
8.46333e-09 2.71412e-08 1.06373e-08 0 0 0
3.47881e-09 1.18373e-08 8.21229e-09 0 0 0
0.175021 -0.078114 -0.0439302 0.178 -0.082 -0.043
-5.30135e-08 -7.27528e-09 1.70434e-08 0 0 0
2.09546e-08 -1.30488e-08 6.30589e-09 0 0 0
0.229842 -0.0329362 -0.117129 0.237 -0.032 -0.11
2.61503e-08 -3.93712e-08 2.6582e-08 0 0 0
-1.06253e-08 1.59826e-08 -2.71908e-08 0 0 0
0.196031 -0.11316 0.18258 0.183 -0.124 0.191
-4.71801e-09 -6.56455e-09 1.9521e-08 0 0 0
1.51537e-08 -6.63357e-10 -1.14408e-08 0 0 0
0.155205 0.15159 0.117141 0.163 0.145 0.133
-1.09108e-08 3.84103e-09 -2.1123e-08 0 0 0
1.98496e-08 4.47379e-10 -2.90191e-08 0 0 0
-0.258743 -0.0315521 0.222243 -0.255 -0.043 0.209
-2.84326e-08 5.92139e-09 4.6945e-08 0 0 0
6.21367e-09 -3.56215e-08 2.63553e-08 0 0 0
0.140181 0.26444 -0.117485 0.146 0.265 -0.112
5.14165e-08 -9.58299e-09 3.52053e-10 0 0 0
-1.54435e-08 4.85182e-08 -7.90376e-09 0 0 0
0.131793 -0.217653 0.0656974 0.135 -0.234 0.064
-4.79025e-08 -7.49525e-10 5.55659e-08 0 0 0
3.24749e-08 -1.54132e-08 -7.94565e-08 0 0 0
0.100727 0.0326048 0.147895 0.102 0.032 0.14
-1.85474e-08 -2.86723e-08 3.10627e-08 0 0 0
5.79718e-09 2.52735e-08 5.69682e-09 0 0 0
0.22473 0.208135 0.0630221 0.223 0.212 0.058
9.70184e-09 2.67631e-09 -1.07462e-08 0 0 0
1.14226e-08 -1.38994e-08 2.41048e-08 0 0 0
-0.166006 0.267503 -0.047508 -0.168 0.265 -0.039
-1.95844e-08 -8.3704e-08 2.60313e-08 0 0 0
7.86528e-09 4.99618e-08 6.98178e-09 0 0 0
-0.0678916 -0.185914 0.236399 -0.074 -0.192 0.244
-1.09384e-08 -4.88725e-09 -2.82003e-08 0 0 0
2.4174e-09 4.19079e-08 3.70454e-08 0 0 0
-0.19568 0.15617 0.0991646 -0.191 0.178 0.11
1.47203e-09 1.85718e-08 -3.84952e-09 0 0 0
-1.51181e-09 1.26933e-08 1.64986e-08 0 0 0
-0.0917431 0.249546 0.00680972 -0.084 0.237 0.009
-2.61656e-08 1.95738e-08 -5.35703e-08 0 0 0
6.16854e-09 2.55099e-08 6.45437e-08 0 0 0
-0.106924 -0.14996 -0.32207 -0.103 -0.141 -0.332
-2.41885e-08 -9.05471e-09 1.55996e-08 0 0 0
3.64358e-08 -1.59624e-08 -1.66557e-08 0 0 0
-0.0283932 0.274203 0.114214 -0.021 0.268 0.125
4.20929e-08 2.2094e-08 -3.04179e-08 0 0 0
-5.84203e-08 3.49897e-08 -3.71076e-08 0 0 0
0.00445753 -0.140579 0.0291248 0.009 -0.128 0.038
2.39931e-08 -1.15877e-08 5.90046e-08 0 0 0
-5.22911e-08 -5.37996e-08 -1.2799e-09 0 0 0
0.109814 0.151518 -0.0366777 0.116 0.143 -0.041
-2.7768e-08 4.64325e-08 -2.13947e-08 0 0 0
1.38699e-08 3.14624e-08 2.03647e-08 0 0 0
-0.164759 -0.0480335 0.158696 -0.18 -0.038 0.152
-2.30706e-09 3.85483e-08 4.05224e-08 0 0 0
-2.89247e-08 -5.13265e-08 -1.86497e-08 0 0 0
-0.0275938 0.21659 -0.199234 -0.02 0.21 -0.177
-4.79383e-08 5.83614e-09 -3.43327e-08 0 0 0
4.50927e-08 4.16555e-08 -2.70024e-08 0 0 0
0.198207 0.0121205 0.148654 0.189 0.012 0.142
-1.36821e-08 1.47716e-08 -2.62704e-08 0 0 0
3.88713e-08 5.33732e-08 3.00895e-08 0 0 0
-0.268887 0.0319349 0.124359 -0.276 0.026 0.127
1.49308e-09 -1.91462e-08 4.6038e-08 0 0 0
7.52259e-10 -1.90445e-08 -4.28302e-08 0 0 0
0.182974 0.233557 -0.208731 0.163 0.252 -0.212
-2.06681e-08 -3.95347e-08 -2.1489e-08 0 0 0
2.33848e-08 -2.45807e-09 3.42298e-08 0 0 0
0.053322 0.186445 0.213389 0.056 0.185 0.206
5.88739e-08 2.22879e-08 6.49091e-08 0 0 0
-2.89731e-08 3.02285e-08 -6.39233e-09 0 0 0
0.326856 0.103843 0.0762993 0.338 0.085 0.074
2.79219e-08 -7.23465e-09 1.62892e-08 0 0 0
1.12871e-08 1.05198e-08 -2.09369e-08 0 0 0
-0.225434 -0.0618596 -0.182756 -0.212 -0.08 -0.174
1.36894e-08 -2.60584e-08 4.68124e-08 0 0 0
1.73143e-08 -5.19934e-08 1.32106e-08 0 0 0
0.142123 -0.0519489 0.0467896 0.14 -0.056 0.036
-3.17083e-08 1.73385e-09 -8.68837e-09 0 0 0
3.9688e-08 1.57327e-08 -3.63908e-08 0 0 0
-0.207042 -0.251286 0.00277632 -0.21 -0.239 0.004
1.1764e-08 -2.39381e-08 -1.56309e-08 0 0 0
-1.4345e-08 -6.23303e-08 -3.57993e-08 0 0 0
-0.0867925 -0.26265 0.0820992 -0.09 -0.273 0.093
1.25115e-08 1.14706e-08 3.27347e-09 0 0 0
1.22797e-09 -6.29716e-08 -2.74698e-08 0 0 0
-0.233506 0.00117897 -0.17993 -0.238 -0.002 -0.174
2.96328e-08 -4.29458e-08 -4.11711e-08 0 0 0
-5.79255e-08 5.08224e-08 8.62881e-09 0 0 0
-0.0794999 0.303878 0.159145 -0.075 0.302 0.196
2.887e-08 -8.66231e-09 -1.19978e-08 0 0 0
-9.54001e-10 -3.04203e-08 -6.95526e-08 0 0 0
0.0489764 0.177253 0.105178 0.044 0.167 0.097
-3.69301e-08 2.18557e-08 8.09795e-09 0 0 0
1.42422e-09 2.90644e-08 7.57022e-08 0 0 0
-0.223227 -0.0986816 -0.163764 -0.208 -0.084 -0.162
-5.30623e-09 2.63336e-08 -4.60992e-08 0 0 0
-9.93938e-09 -2.45649e-09 -2.02427e-09 0 0 0
-0.0529349 -0.0292863 0.116013 -0.044 -0.043 0.137
1.34769e-08 -2.85412e-08 -2.80854e-08 0 0 0
-8.42953e-08 -1.21845e-08 1.78099e-08 0 0 0
-0.104844 0.137564 -0.346676 -0.11 0.15 -0.348
-1.44513e-08 -2.01187e-08 1.88855e-08 0 0 0
-4.9251e-08 -1.01436e-08 2.35961e-08 0 0 0
0.0673961 0.213538 0.199929 0.073 0.214 0.193
3.72754e-08 5.4622e-08 -8.77861e-09 0 0 0
-2.61786e-08 -1.95553e-09 4.39778e-08 0 0 0
0.191381 -0.0517045 0.0106637 0.195 -0.059 0.024
4.12764e-09 -1.17294e-08 -3.94649e-08 0 0 0
2.00673e-08 -2.0832e-08 6.74037e-08 0 0 0
0.105678 0.016273 -0.119617 0.094 0.004 -0.12
3.90914e-08 6.93645e-09 -3.64228e-08 0 0 0
8.58158e-09 5.96432e-09 6.65462e-09 0 0 0
0.305998 -0.150722 -0.018097 0.334 -0.163 -0.042
-2.32626e-09 -2.84981e-08 -1.62557e-08 0 0 0
4.56251e-08 3.00735e-08 5.16696e-09 0 0 0
0.244883 0.00445175 0.0343448 0.251 0.005 0.037
3.29212e-09 3.94565e-08 2.46612e-08 0 0 0
2.4646e-09 -4.80309e-08 2.32235e-09 0 0 0
0.141901 0.0198908 0.0501546 0.14 -0.002 0.029
4.1717e-09 1.54945e-08 -1.5231e-08 0 0 0
-4.01963e-08 -3.88081e-09 -6.09807e-08 0 0 0
0.167369 0.0622132 -0.0900775 0.158 0.067 -0.076
-3.8271e-08 1.86608e-08 7.59016e-09 0 0 0
3.61581e-08 4.93487e-09 -5.74733e-08 0 0 0
0.211474 -0.19706 -0.0635129 0.216 -0.202 -0.058
1.33603e-08 -1.48728e-08 2.70207e-08 0 0 0
-3.71807e-08 5.31119e-09 -3.15557e-08 0 0 0
-0.0544241 0.235693 0.165802 -0.05 0.235 0.177
-1.25107e-10 -6.71053e-08 -3.41313e-08 0 0 0
5.09405e-09 1.73972e-08 -9.54391e-09 0 0 0
0.00312199 0.171562 -0.013353 0.003 0.171 -0.021
-2.07161e-08 1.36049e-08 3.63916e-08 0 0 0
9.99956e-09 1.95949e-08 -1.38639e-08 0 0 0
0.0269758 0.251717 0.120243 0.031 0.244 0.11
4.2047e-08 2.95129e-08 -1.39772e-08 0 0 0
-1.14836e-08 -1.28872e-08 3.71731e-08 0 0 0
0.206059 -0.14665 0.0849428 0.191 -0.152 0.077
1.50855e-08 3.09895e-08 2.27523e-09 0 0 0
-2.75968e-09 2.40256e-08 4.10143e-08 0 0 0
0.089604 0.0320837 -0.210727 0.101 0.027 -0.208
-9.64975e-09 2.05081e-08 5.71662e-08 0 0 0
-5.699e-09 -2.56203e-08 7.68801e-09 0 0 0
-0.201962 0.221722 0.00985423 -0.195 0.214 -0.007
-6.29808e-08 -1.72312e-09 1.38808e-08 0 0 0
3.68966e-08 -1.70695e-08 -5.76008e-08 0 0 0
0.102058 0.0782813 0.279528 0.12 0.066 0.275
1.78975e-08 -1.32202e-08 -3.74575e-08 0 0 0
-2.10753e-08 3.0105e-08 2.55902e-08 0 0 0
0.124095 0.284534 -0.176303 0.13 0.28 -0.188
-2.52012e-08 7.77349e-09 -3.74816e-08 0 0 0
3.16123e-08 4.22018e-08 -1.02319e-08 0 0 0
0.164833 0.116212 0.164729 0.186 0.116 0.148
-2.4732e-08 -1.48115e-08 1.15124e-08 0 0 0
3.23652e-09 2.68495e-08 -4.13251e-09 0 0 0
0.185077 -0.0108174 0.112484 0.184 0.003 0.106
2.7251e-09 -1.59998e-08 -4.0941e-08 0 0 0
1.90831e-08 1.04475e-08 3.46116e-08 0 0 0
0.293931 -0.0716079 -0.0245516 0.294 -0.074 -0.029
4.25625e-08 2.53219e-08 1.39435e-08 0 0 0
7.1742e-09 -8.07829e-09 -2.56828e-08 0 0 0
0.259525 0.0653511 -0.115045 0.244 0.061 -0.111
2.31458e-08 2.74993e-08 3.94401e-09 0 0 0
2.23998e-08 4.25972e-08 -3.56858e-08 0 0 0
0.149375 -0.242458 -0.0487728 0.152 -0.244 -0.059
1.93806e-08 3.05151e-08 8.76735e-09 0 0 0
2.04851e-09 -7.21603e-08 2.53414e-08 0 0 0
0.221193 -0.113541 0.0410713 0.225 -0.114 0.027
-1.1202e-08 -4.46843e-08 3.30998e-08 0 0 0
3.83633e-08 7.62914e-09 -4.2682e-08 0 0 0
0.306019 -0.0441351 0.142057 0.294 -0.044 0.144
-2.64326e-08 -5.29714e-09 -7.28298e-10 0 0 0
-9.52154e-09 -3.81449e-08 1.76715e-08 0 0 0
0.289968 0.0258707 0.127531 0.286 0.029 0.129
2.22991e-08 8.44402e-09 4.69434e-08 0 0 0
-6.05601e-08 -2.75817e-08 -5.23306e-09 0 0 0
-0.164357 -0.115878 -0.1003 -0.167 -0.112 -0.114
-1.95231e-08 -2.59187e-09 4.18197e-08 0 0 0
-2.11508e-09 1.17847e-08 8.85395e-09 0 0 0
0.263362 -0.0644706 -0.29625 0.253 -0.058 -0.295
1.0857e-08 3.97204e-08 -2.04269e-08 0 0 0
3.09415e-08 -2.96012e-08 -6.06246e-09 0 0 0
0.193002 0.0715296 -0.219704 0.192 0.068 -0.208
-1.75646e-08 4.27074e-08 7.27621e-10 0 0 0
3.17164e-09 -4.43077e-08 -2.89937e-08 0 0 0
-0.0474259 0.207929 0.028588 -0.084 0.197 0.028
4.72982e-08 1.97165e-08 -1.93787e-08 0 0 0
-7.3018e-08 3.38672e-08 -1.76565e-08 0 0 0
-0.245224 0.176377 -0.0504636 -0.249 0.169 -0.043
2.44855e-08 -5.336e-10 -1.03959e-08 0 0 0
-5.99269e-08 4.28322e-08 -3.14538e-08 0 0 0
0.173913 0.0629214 0.278224 0.177 0.062 0.268
-8.38488e-09 -1.46073e-08 -3.67881e-08 0 0 0
-4.00263e-09 9.65297e-09 8.81688e-09 0 0 0
0.221028 -0.241124 0.0236956 0.227 -0.228 0.027
-2.93684e-08 -2.69793e-08 4.02003e-08 0 0 0
-6.99843e-09 -6.91879e-08 3.34923e-08 0 0 0
0.361433 0.0201285 -0.086142 0.38 0.024 -0.089
3.53988e-08 -1.13773e-08 2.95442e-09 0 0 0
-2.94427e-08 -6.84404e-11 -5.21501e-08 0 0 0
0.197894 -0.0683995 0.228413 0.194 -0.075 0.229
-8.74472e-09 -1.44926e-08 9.05744e-09 0 0 0
-4.87568e-10 -2.67399e-08 -4.01224e-10 0 0 0
0.178238 0.124663 0.229666 0.175 0.123 0.237
8.53454e-09 -5.87187e-09 -2.17745e-08 0 0 0
-1.5937e-08 4.98341e-08 9.44921e-09 0 0 0
-0.100576 -0.109067 0.349576 -0.095 -0.096 0.33
-1.71712e-09 2.72877e-08 3.36503e-08 0 0 0
9.44854e-09 -1.65301e-08 4.48214e-08 0 0 0
0.132916 0.0895346 -0.0308053 0.124 0.104 -0.033
-4.06007e-10 2.73145e-09 1.52463e-08 0 0 0
5.20332e-08 -1.41229e-08 -7.57295e-09 0 0 0
0.0109698 -0.229952 0.0616221 0.002 -0.239 0.06
-3.31202e-08 1.43165e-08 -4.06809e-08 0 0 0
-1.51414e-08 -3.14736e-08 5.73562e-08 0 0 0
0.0682534 0.0470008 0.376909 0.081 0.052 0.387
1.07261e-08 3.65456e-09 -8.94349e-09 0 0 0
-1.22895e-08 2.32716e-08 4.00023e-08 0 0 0
0.210726 0.16769 0.0387179 0.208 0.162 0.036
1.59147e-08 4.12954e-08 -1.13943e-08 0 0 0
1.10242e-08 -7.55268e-08 -3.28605e-08 0 0 0
-0.15973 0.237059 -0.124697 -0.173 0.211 -0.118
2.8131e-08 5.1733e-08 5.30886e-09 0 0 0
-1.04711e-08 -7.44947e-08 -1.48812e-08 0 0 0
0.00974517 -0.191339 0.272532 0.022 -0.183 0.274
-2.26714e-08 -2.98204e-08 1.89532e-08 0 0 0
3.84825e-08 3.94351e-08 1.34345e-08 0 0 0
-0.198363 0.061871 0.168448 -0.207 0.056 0.19
1.17352e-08 2.13275e-08 6.76043e-08 0 0 0
4.89738e-09 5.37296e-09 2.87333e-08 0 0 0
0.0093423 0.28076 0.00393003 0.015 0.27 0.007
1.30388e-08 1.0636e-08 -2.2054e-08 0 0 0
-4.68794e-08 1.89337e-08 2.38825e-08 0 0 0
-0.0721527 0.174744 -0.156682 -0.077 0.165 -0.156
1.93148e-08 3.56524e-08 -3.1266e-08 0 0 0
7.78301e-09 1.58735e-08 -1.11221e-08 0 0 0
-0.14223 0.306042 0.0452257 -0.133 0.307 0.046
-2.64748e-08 4.18333e-08 1.40394e-08 0 0 0
3.15889e-08 -2.90154e-08 -2.83202e-08 0 0 0
-0.0908693 -0.173074 0.114921 -0.087 -0.169 0.121
-7.24486e-09 -3.75023e-08 1.29871e-08 0 0 0
3.28047e-08 2.84103e-08 3.19555e-08 0 0 0
0.0733667 0.267069 -0.039726 0.057 0.264 -0.043
-1.28504e-08 -2.82324e-08 8.04158e-09 0 0 0
3.86509e-08 1.75597e-08 1.83353e-08 0 0 0
-0.0848591 -0.213538 0.211081 -0.081 -0.213 0.197
1.79358e-08 -1.42567e-08 1.47574e-08 0 0 0
6.35497e-10 4.09851e-08 -2.63083e-08 0 0 0
-0.0442033 0.308525 -0.158952 -0.035 0.318 -0.157
-2.90537e-08 -1.0971e-08 -1.54968e-08 0 0 0
2.79708e-08 -2.95885e-08 1.05993e-09 0 0 0
0.174839 0.234514 0.226044 0.157 0.259 0.235
4.32226e-08 -1.44928e-08 -1.1709e-08 0 0 0
1.43332e-08 -9.98192e-09 -1.09171e-08 0 0 0
-0.23071 -0.0939329 0.0961815 -0.232 -0.093 0.097
2.58597e-08 -1.77254e-08 2.22599e-08 0 0 0
1.4932e-08 1.07555e-08 -4.30134e-08 0 0 0
0.295709 0.20886 -0.0201292 0.292 0.196 -0.016
5.41063e-09 -3.18166e-08 -8.77546e-09 0 0 0
2.76143e-08 -2.3198e-08 1.66507e-08 0 0 0
0.186623 0.229125 0.0463245 0.192 0.222 0.042
-4.32806e-09 2.23059e-08 4.01282e-08 0 0 0
-3.53342e-08 5.9663e-09 -4.8267e-09 0 0 0
0.304393 0.0475358 -0.00670831 0.301 0.051 -0.006
-3.73898e-08 1.56933e-08 3.71109e-08 0 0 0
-5.66046e-09 -2.59454e-08 5.21116e-08 0 0 0
-0.30027 -0.156204 0.0266964 -0.295 -0.162 0.033
-9.21179e-09 -2.89894e-08 -8.0882e-10 0 0 0
-5.39561e-08 1.56373e-08 2.67217e-08 0 0 0
0.192269 -0.02111 0.215622 0.18 -0.024 0.216
2.02256e-08 -2.35274e-08 -1.28372e-08 0 0 0
-3.5616e-08 -1.11495e-09 3.83755e-09 0 0 0
-0.0980428 -0.176787 -0.076349 -0.082 -0.186 -0.074
-5.11914e-09 6.92421e-08 -4.91698e-08 0 0 0
1.24947e-08 -5.23136e-08 2.75638e-08 0 0 0
-0.0648992 -0.313768 0.0958757 -0.064 -0.318 0.097
-5.57611e-08 1.24437e-08 -2.36585e-08 0 0 0
1.41344e-08 -4.86269e-08 -2.74463e-08 0 0 0
-0.217322 0.0958278 -0.170353 -0.223 0.094 -0.172
-5.77315e-08 1.13755e-08 7.05955e-10 0 0 0
2.64385e-09 1.45311e-08 -6.78363e-08 0 0 0
0.0858027 0.300534 -0.108051 0.084 0.292 -0.088
-1.02332e-08 -6.26937e-09 4.04731e-08 0 0 0
3.26158e-08 -6.17708e-09 2.46107e-08 0 0 0
0.234105 0.221437 -0.116137 0.243 0.222 -0.115
-3.14991e-08 2.84453e-08 2.30897e-08 0 0 0
2.72693e-08 1.44095e-08 1.71861e-08 0 0 0
-0.0108689 -0.0748305 -0.332526 -0.013 -0.078 -0.329
6.83855e-09 1.6533e-08 -5.17083e-08 0 0 0
2.05975e-08 -1.51935e-08 -1.09628e-10 0 0 0
-0.191549 -0.171547 0.304896 -0.185 -0.172 0.288
1.99285e-08 -3.2075e-09 -1.26136e-09 0 0 0
-1.30925e-09 1.15248e-08 1.15514e-08 0 0 0
-0.143625 -0.0570412 -0.172239 -0.127 -0.051 -0.176
-4.59634e-08 -5.95676e-08 2.77245e-08 0 0 0
6.08708e-09 -1.42137e-08 2.32392e-08 0 0 0
0.0208531 0.188975 0.258217 0.019 0.185 0.264
3.0017e-09 -2.92944e-08 9.73318e-09 0 0 0
2.59021e-08 -6.69173e-09 2.46652e-08 0 0 0
0.179631 -0.0947534 0.0152182 0.178 -0.103 0.014
-1.99644e-08 -4.13851e-08 5.99619e-08 0 0 0
9.78565e-09 -5.05984e-08 -1.64736e-08 0 0 0
0.0949164 -0.203386 -0.0317979 0.101 -0.224 -0.036
-5.96287e-09 1.0168e-09 1.06178e-08 0 0 0
-8.31657e-09 5.16238e-08 8.14575e-11 0 0 0
0.276292 -0.0673984 -0.0460185 0.273 -0.064 -0.049
6.10928e-08 1.92941e-08 -1.79841e-08 0 0 0
1.23931e-08 -5.40856e-08 -1.26453e-08 0 0 0
0.263158 0.0628601 0.113402 0.249 0.066 0.106
1.78726e-08 3.1045e-09 7.89993e-09 0 0 0
-1.23496e-08 5.83276e-08 3.50199e-08 0 0 0
0.193046 0.110823 -0.153136 0.183 0.097 -0.153
1.48669e-08 1.65444e-08 -3.44752e-08 0 0 0
-4.51717e-09 -4.391e-08 2.14614e-08 0 0 0
0.193603 0.134918 0.00952945 0.205 0.132 0.001
2.85932e-08 2.46059e-08 -2.75806e-08 0 0 0
8.38681e-09 9.23309e-09 -2.64975e-08 0 0 0
0.288104 -0.00915495 0.00730203 0.287 -0.014 0.018
2.68911e-08 2.99157e-08 8.52987e-09 0 0 0
4.58369e-09 -8.5857e-09 -1.70984e-08 0 0 0
0.0712359 0.349611 0.0182895 0.088 0.356 0.02
1.5669e-08 -6.75262e-09 2.82063e-08 0 0 0
-3.52427e-08 -1.14618e-08 -1.67339e-08 0 0 0
0.10351 0.278458 -0.0416758 0.107 0.284 -0.04
-1.85278e-08 3.56514e-08 2.52138e-08 0 0 0
3.54198e-08 8.14939e-09 -7.19063e-08 0 0 0
0.194188 0.0597086 0.214208 0.198 0.05 0.215
-3.25851e-08 9.94168e-10 1.0882e-08 0 0 0
-1.79188e-08 2.10203e-08 -4.0587e-08 0 0 0
0.192595 -0.132126 0.201636 0.177 -0.13 0.185
1.20326e-08 4.94679e-08 -9.06943e-09 0 0 0
-3.22617e-08 -2.89644e-08 3.69802e-08 0 0 0
0.0423691 0.0723674 -0.23564 0.051 0.062 -0.229
2.93606e-08 -8.64902e-09 -9.58186e-09 0 0 0
4.95748e-08 -5.91375e-08 -2.53283e-08 0 0 0
-0.0916643 0.165846 0.250108 -0.072 0.172 0.249
9.44532e-09 -3.57786e-08 -6.0614e-08 0 0 0
-5.65735e-08 -3.792e-09 -1.79973e-08 0 0 0
0.15105 0.044105 0.172441 0.156 0.034 0.172
4.79685e-08 -2.08576e-08 3.0878e-08 0 0 0
-1.11896e-08 3.03782e-08 4.05155e-08 0 0 0
-0.211553 0.159177 0.0836558 -0.21 0.165 0.08
-4.22694e-08 -5.3265e-09 -1.16145e-09 0 0 0
3.28703e-08 3.40594e-08 -2.92221e-08 0 0 0
0.136844 0.293265 0.059667 0.152 0.295 0.058
2.65508e-08 2.95773e-08 -2.52445e-08 0 0 0
-2.1835e-08 4.67709e-08 -6.51621e-09 0 0 0
0.116258 -0.0106237 0.304334 0.129 -0.008 0.343
2.79076e-08 9.04209e-09 4.9064e-08 0 0 0
-5.59432e-09 2.50591e-08 1.76598e-08 0 0 0
0.265201 -0.0461544 -0.0191221 0.269 -0.052 -0.021
2.19376e-08 2.15002e-08 2.04687e-08 0 0 0
9.12432e-09 -7.42416e-09 -1.13329e-08 0 0 0
0.167295 -0.0259387 -0.183349 0.169 -0.025 -0.16
-2.4406e-10 -3.14893e-08 1.46475e-08 0 0 0
-1.0027e-08 3.3128e-08 -9.52119e-08 0 0 0
0.290486 -0.11208 -0.0648093 0.297 -0.1 -0.067
-3.75926e-08 3.62955e-08 3.22858e-08 0 0 0
-3.8281e-08 -2.50273e-08 -8.48651e-09 0 0 0
0.290186 -0.125951 -0.0287724 0.291 -0.121 -0.027
3.30745e-08 -8.74071e-09 -8.96452e-09 0 0 0
-2.89413e-08 -4.54703e-08 5.51259e-09 0 0 0
0.258967 0.0244692 0.107318 0.257 0.035 0.125
-6.4627e-09 4.12539e-08 4.2954e-08 0 0 0
2.51986e-08 -3.56171e-08 -3.2768e-08 0 0 0
0.297046 0.041704 -0.00651572 0.303 0.043 -0.009
-3.57129e-08 -4.01525e-08 2.54872e-08 0 0 0
-1.61486e-08 1.34815e-08 -3.87006e-08 0 0 0
-0.27599 0.0497294 -0.0467176 -0.28 0.056 -0.042
2.32332e-08 -1.66639e-09 -5.54252e-08 0 0 0
-2.98092e-08 -1.60124e-09 2.93207e-08 0 0 0
-0.0180935 -0.107566 -0.32475 -0.013 -0.102 -0.327
3.75952e-08 -8.38204e-09 3.43193e-08 0 0 0
-3.93766e-08 2.3842e-08 -3.61473e-08 0 0 0
0.226312 -0.06047 -0.201672 0.228 -0.062 -0.194
-2.66991e-08 -6.48215e-08 -3.1949e-08 0 0 0
2.50037e-08 3.85244e-08 -4.77044e-08 0 0 0
-0.135866 0.145695 -0.128538 -0.125 0.14 -0.13
-2.74639e-08 -1.32716e-08 5.23765e-09 0 0 0
2.2106e-08 2.61814e-08 1.96267e-08 0 0 0
-0.13314 0.15061 0.132137 -0.147 0.153 0.16
-6.44269e-09 2.43858e-08 4.16146e-08 0 0 0
-1.09942e-08 1.75051e-08 2.78866e-08 0 0 0
0.0981338 -0.150359 0.274601 0.099 -0.16 0.282
1.69912e-09 -4.81285e-08 -2.69035e-08 0 0 0
-1.64256e-08 4.14232e-08 2.07434e-08 0 0 0
0.193028 -0.0697618 -0.0634492 0.217 -0.064 -0.053
3.14498e-08 -2.24501e-08 2.13382e-08 0 0 0
2.27727e-08 1.32533e-08 -3.43757e-08 0 0 0
0.159939 -0.0735944 -0.0792671 0.162 -0.072 -0.085
2.57859e-08 -7.10357e-09 3.28854e-08 0 0 0
4.31629e-10 2.32152e-08 -6.02844e-08 0 0 0
0.0164546 -0.0270393 0.215547 -0.004 -0.029 0.214
4.559e-08 2.77747e-08 7.05999e-09 0 0 0
4.87562e-08 1.05113e-08 4.78745e-08 0 0 0
0.102375 0.15656 0.0513518 0.105 0.148 0.071
-2.12354e-08 4.93163e-08 2.02311e-08 0 0 0
2.06587e-08 -7.60723e-09 -5.13906e-08 0 0 0
-0.104335 -0.173765 0.0364084 -0.113 -0.173 0.024
9.13301e-09 7.81262e-09 2.84977e-08 0 0 0
-1.33214e-09 6.28988e-08 -1.40464e-08 0 0 0
0.145721 0.158901 -0.0102643 0.148 0.153 0.004
-7.3954e-09 -1.61957e-08 -1.9248e-08 0 0 0
-6.70682e-08 5.17807e-08 -5.73895e-09 0 0 0
0.322275 -0.210526 0.0295218 0.327 -0.197 0.023
2.31229e-08 6.06024e-09 1.44053e-08 0 0 0
-3.42925e-08 -5.8597e-09 -4.98265e-08 0 0 0
0.122491 -0.0194195 0.176125 0.13 -0.023 0.185
-1.74798e-09 2.23626e-08 -1.3501e-08 0 0 0
3.39776e-09 2.49078e-08 5.71516e-08 0 0 0
0.229817 0.181423 0.103217 0.227 0.175 0.089
1.42512e-09 -1.84337e-08 -1.66625e-08 0 0 0
-2.23775e-09 -8.18268e-09 1.12693e-08 0 0 0
-0.12232 0.123036 -0.204698 -0.121 0.125 -0.202
-8.96536e-09 1.23601e-08 3.11329e-10 0 0 0
-3.75389e-08 -7.60014e-08 5.30477e-09 0 0 0
0.124572 -0.0901711 0.144511 0.135 -0.095 0.162
1.87099e-08 3.46966e-08 -8.35681e-09 0 0 0
-7.7251e-09 -5.25547e-09 -4.65267e-09 0 0 0
-0.0385827 0.159491 0.108287 -0.024 0.17 0.104
-3.37707e-08 -3.57415e-09 -1.34173e-08 0 0 0
-5.04742e-08 3.442e-08 2.38173e-08 0 0 0
0.1428 0.341813 0.0329323 0.138 0.359 0.011
-9.1887e-09 -7.64545e-09 1.18554e-08 0 0 0
1.81117e-08 3.08136e-08 7.62796e-08 0 0 0
-0.0533476 0.027081 -0.292639 -0.04 0.033 -0.292
-3.2734e-08 2.47601e-08 1.10272e-08 0 0 0
-6.90465e-09 1.44443e-08 -4.48301e-09 0 0 0
0.0208759 0.30246 -0.0256758 0.021 0.307 -0.01
-5.51895e-08 -7.56735e-09 1.97344e-08 0 0 0
3.45708e-08 3.37538e-08 -2.90132e-08 0 0 0
-0.126024 -0.101823 0.154842 -0.112 -0.089 0.143
-5.21903e-08 -3.14783e-08 2.47993e-08 0 0 0
3.0313e-08 -3.44359e-08 -1.91555e-09 0 0 0
-0.133137 0.211186 -0.0503598 -0.116 0.23 -0.055
2.14525e-08 -3.74122e-08 1.26503e-09 0 0 0
9.5167e-09 3.06062e-08 -1.36259e-08 0 0 0
-0.266502 -0.143491 0.108713 -0.253 -0.151 0.106
-8.1947e-09 -2.45817e-08 -7.29185e-10 0 0 0
-3.7176e-09 2.02034e-08 2.8365e-08 0 0 0
-0.0122597 0.250105 -0.13234 -0.006 0.26 -0.122
-6.88808e-08 7.16598e-09 -2.20203e-08 0 0 0
5.64073e-08 -6.56411e-10 -5.49877e-08 0 0 0
0.135334 0.0210405 0.0219964 0.11 0.002 0.038
6.74092e-08 7.91384e-09 5.04622e-08 0 0 0
9.92292e-09 2.69706e-08 -3.8694e-08 0 0 0
-0.00529725 -0.269935 0.146156 -0.008 -0.274 0.177
-2.75407e-08 -1.10613e-08 1.00817e-08 0 0 0
-2.65593e-08 1.4622e-08 -3.3051e-08 0 0 0
0.30301 0.104003 -0.135368 0.3 0.105 -0.133
-2.57378e-08 2.61213e-09 1.92522e-08 0 0 0
-7.57295e-09 5.75878e-09 -6.74173e-08 0 0 0
0.0234749 0.123659 0.0934976 0.036 0.111 0.081
-4.94763e-09 4.48613e-10 -2.82943e-09 0 0 0
4.46124e-08 -4.09889e-09 4.17915e-08 0 0 0
0.339598 0.209224 0.00204011 0.338 0.204 -0.005
1.43457e-08 -2.85027e-08 2.10468e-08 0 0 0
1.87828e-10 -1.1628e-08 -1.22076e-08 0 0 0
-0.334506 -0.0467151 0.0337095 -0.34 -0.038 0.034
-7.81901e-09 -5.21885e-08 2.77965e-08 0 0 0
-5.15428e-09 -2.05595e-08 -2.5068e-09 0 0 0
0.109494 -0.172394 0.192374 0.106 -0.193 0.212
-2.50716e-08 3.99062e-08 6.05064e-08 0 0 0
3.77507e-08 2.42043e-08 -2.26989e-08 0 0 0
-0.246116 -0.175074 0.0239272 -0.251 -0.176 0.029
1.43117e-08 -1.06532e-08 -3.89436e-08 0 0 0
2.19906e-08 -3.47132e-08 5.15149e-09 0 0 0
-0.122261 -0.258012 -0.0454952 -0.12 -0.27 -0.051
2.61624e-08 -3.2729e-08 2.48903e-08 0 0 0
-2.52322e-08 1.36224e-08 -2.17577e-08 0 0 0
-0.250226 0.0581144 -0.0893579 -0.264 0.039 -0.082
-2.40389e-08 6.55109e-08 9.96302e-09 0 0 0
-9.92642e-09 -6.52568e-09 -5.61613e-08 0 0 0
0.0331722 0.260984 0.00759038 0.028 0.266 0.006
-1.33188e-08 -2.95588e-08 -5.07256e-08 0 0 0
-2.9372e-08 -4.89401e-08 2.50294e-08 0 0 0
0.160914 0.3502 -0.233481 0.179 0.363 -0.218
-4.38018e-08 6.41939e-08 -1.43253e-08 0 0 0
4.36052e-09 -7.28919e-09 1.62383e-08 0 0 0
-0.0802904 0.00449194 -0.319398 -0.066 -0.003 -0.32
9.92465e-10 5.50542e-09 -2.48924e-08 0 0 0
2.97189e-09 -2.68347e-08 3.79342e-08 0 0 0
-0.0699662 -0.218993 0.256701 -0.071 -0.211 0.237
-2.16515e-08 -1.70565e-08 2.41674e-08 0 0 0
1.24844e-08 -1.02764e-09 -1.10181e-09 0 0 0
-0.12908 -0.0690116 -0.1424 -0.126 -0.08 -0.145
3.66324e-09 3.07499e-08 -9.86323e-09 0 0 0
-6.48344e-08 -3.01771e-08 2.90659e-08 0 0 0
-0.135722 0.182805 0.0762319 -0.126 0.16 0.068
5.51126e-09 5.28745e-09 -2.83235e-08 0 0 0
2.06532e-08 -3.53543e-08 -1.76265e-08 0 0 0
0.182442 -0.190044 0.0522393 0.179 -0.193 0.05
-2.12743e-08 -5.44805e-09 2.55006e-08 0 0 0
8.4453e-09 -1.26831e-08 -3.43864e-08 0 0 0
0.0962765 -0.136934 -0.086623 0.088 -0.148 -0.089
1.91062e-08 1.3227e-08 -1.93414e-08 0 0 0
5.0891e-08 -5.70558e-09 3.2666e-08 0 0 0
0.171425 -0.125328 -0.104586 0.174 -0.12 -0.093
6.3954e-09 -1.22852e-08 -5.15466e-08 0 0 0
2.88843e-08 3.64594e-08 3.84941e-08 0 0 0
0.265575 0.0747959 0.0461444 0.266 0.071 0.051
1.45041e-08 -3.16953e-08 -7.67561e-09 0 0 0
-4.08093e-09 5.41825e-08 1.21185e-08 0 0 0
0.244149 0.104291 -0.0181221 0.236 0.103 -0.026
-3.28336e-09 -7.2201e-09 1.19771e-08 0 0 0
-2.29683e-09 5.77672e-08 -7.4544e-08 0 0 0
0.119881 0.175005 -0.132751 0.111 0.172 -0.134
1.87513e-08 6.36171e-08 2.44485e-08 0 0 0
3.37704e-08 -3.18426e-09 -3.56825e-08 0 0 0
0.226593 0.149916 -0.00333456 0.226 0.143 -0.003
-1.92328e-08 -4.03888e-08 -8.09148e-09 0 0 0
-3.89321e-08 -2.73541e-08 1.21403e-09 0 0 0
0.194789 0.177241 0.22889 0.195 0.202 0.255
3.12241e-08 -1.43238e-08 -4.25864e-08 0 0 0
-3.21699e-08 6.68443e-09 -1.90811e-08 0 0 0
-0.0200633 0.185598 -0.0229495 0.001 0.21 -0.025
2.03751e-08 3.34115e-08 -4.02174e-08 0 0 0
-5.49618e-08 6.24141e-08 4.35968e-08 0 0 0
0.0782321 0.273218 -0.0223121 0.075 0.283 -0.029
-8.57365e-09 -3.03915e-08 3.96666e-08 0 0 0
4.23907e-08 3.87534e-08 1.66189e-08 0 0 0
0.14243 -0.230481 0.0289671 0.147 -0.221 0.034
2.92965e-08 -2.49484e-08 2.01883e-08 0 0 0
5.86241e-08 3.29659e-08 -3.93413e-09 0 0 0
0.0882259 0.00881601 -0.263763 0.072 0.024 -0.272
-9.42362e-09 -1.04133e-08 -3.80133e-08 0 0 0
-2.56315e-09 2.57806e-08 1.19807e-08 0 0 0
-0.243656 0.176461 0.135196 -0.237 0.177 0.124
-5.64074e-08 -1.60256e-08 -1.48447e-08 0 0 0
-1.41272e-09 -1.87611e-08 -6.61944e-08 0 0 0
0.0100997 0.0188579 0.285802 0.025 0.014 0.278
3.4077e-08 4.79109e-08 3.16146e-08 0 0 0
3.08883e-08 -4.24152e-08 2.46472e-08 0 0 0
-0.0856019 0.289662 0.0743261 -0.09 0.29 0.072
-1.83356e-08 2.00197e-08 -3.55333e-08 0 0 0
4.51684e-08 4.11349e-08 1.17638e-08 0 0 0
0.026683 0.0970006 0.0974711 0.012 0.071 0.066
1.116e-08 5.0593e-08 4.01873e-08 0 0 0
-5.63056e-09 9.75206e-09 -2.29816e-08 0 0 0
0.189859 0.0221274 0.158099 0.196 0.016 0.135
-1.55397e-10 5.81736e-09 1.32023e-08 0 0 0
9.13768e-09 -2.91766e-08 6.93199e-09 0 0 0
0.291705 0.027937 -0.0431607 0.287 0.039 -0.05
2.27231e-08 1.22789e-08 4.42844e-08 0 0 0
1.28164e-08 -2.00004e-08 -1.65451e-08 0 0 0
0.234607 0.0515448 -0.144217 0.228 0.049 -0.146
5.17851e-09 4.1784e-08 -4.88673e-08 0 0 0
4.70148e-08 1.57625e-08 1.45626e-08 0 0 0
0.188914 -0.134612 -0.156587 0.201 -0.141 -0.163
-2.64763e-08 -3.5924e-08 2.67081e-09 0 0 0
1.18888e-08 5.66385e-08 -3.39582e-08 0 0 0
0.271487 -0.151664 -0.0318587 0.269 -0.157 -0.034
4.53756e-08 4.4416e-08 -3.04734e-08 0 0 0
-2.56353e-08 -6.41425e-08 6.07182e-08 0 0 0
0.255923 -0.111039 0.222848 0.235 -0.114 0.212
2.94243e-08 -1.34922e-08 1.72654e-08 0 0 0
1.17168e-08 2.1155e-08 6.07631e-08 0 0 0
0.283682 -0.0538232 -0.0653944 0.295 -0.057 -0.052
-6.82365e-08 -2.89143e-08 2.91178e-08 0 0 0
-5.07212e-09 -3.5039e-09 9.64638e-09 0 0 0
-0.289407 -0.0488128 -0.166244 -0.286 -0.039 -0.172
-4.89195e-09 3.38015e-09 3.44477e-08 0 0 0
-3.46459e-09 -9.36485e-09 1.50942e-08 0 0 0
0.192821 -0.0862795 -0.277702 0.184 -0.086 -0.27
3.04502e-08 -2.62974e-08 -1.1023e-08 0 0 0
-2.33803e-08 7.11039e-09 1.48204e-08 0 0 0
0.0371897 -0.103899 -0.284468 0.042 -0.108 -0.279
-2.03635e-10 -3.7923e-08 -1.3842e-09 0 0 0
1.28402e-08 -5.79647e-09 -3.57403e-09 0 0 0
-0.176807 0.270421 0.135446 -0.174 0.255 0.128
5.06768e-08 -8.49367e-09 6.2902e-10 0 0 0
-1.67154e-09 -4.47722e-08 -3.18094e-08 0 0 0
-0.252373 -0.0928328 0.0980609 -0.248 -0.083 0.081
1.54955e-08 2.46938e-08 1.78048e-08 0 0 0
-7.50593e-09 3.44815e-08 -1.89063e-08 0 0 0
0.144073 -0.10684 0.210961 0.141 -0.112 0.214
3.62793e-09 -1.33437e-08 5.71583e-09 0 0 0
-1.60288e-08 3.14746e-08 3.34098e-09 0 0 0
0.202884 -0.175914 -0.0311433 0.197 -0.162 -0.047
2.11876e-08 -2.89767e-08 -2.18768e-09 0 0 0
-6.46466e-08 -6.75407e-09 -1.48541e-08 0 0 0
0.218854 0.159319 0.0350187 0.214 0.16 0.048
-2.21255e-08 2.72135e-09 -3.25377e-08 0 0 0
4.31694e-08 -3.26915e-08 -1.39461e-08 0 0 0
0.260641 -0.116429 0.146287 0.243 -0.116 0.146
3.02837e-08 4.61882e-09 1.55881e-08 0 0 0
1.55987e-08 -1.70777e-09 -1.45333e-08 0 0 0
0.14325 0.20842 0.140405 0.133 0.2 0.14
-3.27747e-09 3.67981e-08 -1.40002e-08 0 0 0
1.7745e-08 -1.00162e-08 -3.25987e-09 0 0 0
-0.207127 -0.161977 0.182229 -0.197 -0.165 0.16
1.31696e-08 2.99709e-08 4.18436e-08 0 0 0
3.7593e-09 -3.44909e-08 4.24832e-08 0 0 0
0.211633 0.123385 -0.17094 0.205 0.138 -0.17
3.23168e-08 -9.2998e-09 -2.39891e-08 0 0 0
-7.31855e-09 4.50225e-08 4.41098e-08 0 0 0
0.0767151 -0.218298 0.167456 0.064 -0.221 0.162
-4.20241e-08 5.51921e-09 -2.30855e-08 0 0 0
2.47454e-09 6.57098e-09 6.04771e-08 0 0 0
0.0899183 0.155384 0.227728 0.099 0.151 0.234
-9.89043e-09 -5.50894e-08 2.13457e-08 0 0 0
-6.76475e-09 -1.29237e-08 -3.80279e-08 0 0 0
0.216726 0.162871 0.0498896 0.217 0.149 0.054
2.22106e-08 1.80698e-08 -2.83862e-08 0 0 0
1.6408e-08 -4.9394e-08 1.81381e-08 0 0 0
-0.14736 0.161956 -0.0540205 -0.147 0.169 -0.045
-1.83382e-08 -3.92708e-08 -1.51835e-08 0 0 0
4.71086e-08 6.65899e-08 6.87322e-09 0 0 0
-0.0784862 0.154451 -0.252452 -0.09 0.167 -0.248
-4.8251e-08 1.79615e-09 1.82137e-08 0 0 0
5.03685e-09 -2.17335e-09 -2.15727e-08 0 0 0
-0.0422485 0.134314 0.303253 -0.042 0.128 0.311
-1.01671e-08 -1.73542e-08 -3.23821e-08 0 0 0
-3.20902e-08 1.39668e-08 -3.73537e-08 0 0 0
-0.298369 0.234876 -0.0143057 -0.306 0.24 -0.017
-2.39099e-09 -3.47974e-09 4.87418e-09 0 0 0
-2.49644e-09 7.92347e-09 -4.11275e-08 0 0 0
0.0360493 0.191568 0.179663 0.037 0.209 0.18
-3.54032e-08 4.2636e-09 -1.82458e-08 0 0 0
-3.58205e-08 -1.22755e-08 -3.21781e-08 0 0 0
-0.349391 -0.0669618 0.017779 -0.347 -0.054 0.021
6.93127e-09 -2.68521e-08 4.80589e-09 0 0 0
-1.88579e-09 -1.77162e-11 -9.57555e-10 0 0 0
-0.12763 -0.116626 0.198541 -0.16 -0.125 0.19
-2.0495e-10 -2.71673e-08 -4.53155e-08 0 0 0
1.05751e-08 -3.04583e-08 5.76513e-08 0 0 0
-0.139246 0.187784 -0.01451 -0.128 0.204 -0.018
3.75486e-08 4.71798e-08 4.0303e-08 0 0 0
-9.24269e-10 2.86895e-08 1.75247e-10 0 0 0
-0.0131012 -0.171587 0.125029 0.014 -0.164 0.132
3.94565e-08 1.83903e-08 9.34762e-10 0 0 0
-5.04855e-08 -8.45922e-08 -1.53506e-08 0 0 0
-0.0567935 0.00548318 -0.248566 -0.069 0.004 -0.252
1.02232e-08 -4.18349e-08 -3.8788e-08 0 0 0
-1.65318e-08 -1.11344e-08 -1.51384e-08 0 0 0
0.0427982 0.100546 0.194886 0.045 0.106 0.211
-1.10935e-08 5.79252e-08 1.54341e-08 0 0 0
4.43986e-08 4.53789e-08 2.46944e-08 0 0 0
-0.214109 0.028207 -0.122776 -0.204 0.047 -0.133
-5.45567e-08 2.27812e-08 1.26078e-09 0 0 0
3.77745e-09 -5.18178e-08 -1.95644e-09 0 0 0
0.198399 0.0934769 -0.00441763 0.204 0.094 0.007
7.74877e-09 4.62971e-08 -2.84738e-08 0 0 0
3.55833e-08 -8.39496e-10 1.87896e-08 0 0 0
-0.0371282 0.131346 0.178347 -0.034 0.148 0.19
-4.26552e-08 7.12278e-09 -1.97005e-09 0 0 0
-2.11892e-08 -3.48229e-09 1.69732e-08 0 0 0
0.26585 0.175214 -0.0560058 0.277 0.184 -0.058
-1.45596e-08 6.36516e-09 5.86647e-08 0 0 0
1.09307e-08 -2.57751e-08 -5.16266e-08 0 0 0
-0.154356 -0.0473593 0.267124 -0.146 -0.044 0.269
1.00547e-08 -9.97457e-09 7.48387e-10 0 0 0
-3.03896e-08 1.40814e-08 6.86882e-08 0 0 0
0.0767985 0.102985 0.17117 0.113 0.072 0.159
6.62243e-09 -1.37846e-09 2.95781e-09 0 0 0
4.83947e-09 -4.37121e-08 6.52547e-08 0 0 0
-0.0398809 -0.14312 -0.209506 -0.042 -0.132 -0.206
-1.74427e-08 5.05436e-08 -2.98819e-08 0 0 0
4.32822e-08 3.72163e-08 -3.61961e-08 0 0 0
-0.0364465 -0.141149 -0.246313 -0.024 -0.14 -0.246
1.30314e-08 1.53958e-08 -4.04012e-08 0 0 0
6.46992e-09 -6.79607e-09 -1.06467e-09 0 0 0
0.0172805 0.181198 0.0978985 -0.001 0.19 0.138
-2.83127e-08 4.42945e-08 -1.95112e-08 0 0 0
-5.03267e-08 5.82964e-08 -6.56751e-08 0 0 0
0.0270849 0.34778 0.113332 0.03 0.345 0.107
1.03701e-09 -8.59846e-10 -1.21571e-08 0 0 0
3.28154e-08 2.29812e-08 2.54262e-08 0 0 0
0.0176345 0.132003 0.345706 0.038 0.155 0.355
8.66808e-09 3.92099e-10 -4.83126e-08 0 0 0
7.34403e-08 -1.00485e-08 -5.47307e-09 0 0 0
-0.109385 -0.207678 -0.131661 -0.104 -0.192 -0.141
-3.88859e-08 -4.46228e-08 6.80657e-08 0 0 0
9.63755e-10 1.69392e-09 -3.14276e-08 0 0 0
-0.12604 -0.0337868 0.162329 -0.11 -0.031 0.174
-9.11718e-09 5.34673e-10 1.28938e-08 0 0 0
4.73022e-08 1.40317e-09 1.19071e-08 0 0 0
-0.290591 0.12705 0.0532087 -0.292 0.126 0.047
4.03672e-08 -1.97991e-08 -2.33954e-08 0 0 0
1.14232e-08 -2.70447e-08 -2.38842e-08 0 0 0
-0.0301466 0.314988 0.0363529 -0.028 0.31 0.032
5.70865e-08 -7.01273e-09 8.91554e-09 0 0 0
-3.96897e-08 2.59754e-08 4.19888e-08 0 0 0
0.154846 0.106462 0.121233 0.15 0.107 0.115
-5.12104e-08 -1.05242e-08 -9.29129e-09 0 0 0
-3.1635e-08 2.21825e-08 3.98044e-08 0 0 0
0.128117 -0.14266 -0.151579 0.137 -0.136 -0.165
1.4533e-08 1.72816e-08 -1.88051e-08 0 0 0
4.97417e-08 -3.58357e-08 -8.53034e-08 0 0 0
0.0704271 -0.0178343 -0.311304 0.066 -0.03 -0.303
1.74061e-08 -2.24866e-08 -1.03832e-09 0 0 0
-4.15961e-08 2.22809e-08 6.33643e-09 0 0 0
0.0688804 -0.113109 0.108333 0.07 -0.123 0.116
-8.23329e-09 -5.72139e-08 3.45344e-08 0 0 0
4.77844e-08 1.46907e-08 -3.11189e-08 0 0 0
-0.0581116 0.285184 0.113755 -0.066 0.269 0.134
-1.73404e-08 5.00242e-08 -7.63963e-09 0 0 0
4.50278e-08 -2.30447e-08 -2.32644e-08 0 0 0
-0.025402 0.269004 0.0133113 -0.044 0.256 0.025
3.49845e-08 -8.41061e-09 1.5033e-08 0 0 0
-1.27488e-08 1.45148e-08 -5.52062e-08 0 0 0
0.204966 0.0732507 -0.0326217 0.211 0.073 -0.04
1.40252e-08 6.94814e-09 3.73723e-08 0 0 0
2.5659e-08 3.39103e-08 1.67637e-08 0 0 0
-0.219325 -0.251195 -0.14284 -0.217 -0.234 -0.163
4.48065e-09 2.79643e-08 1.20157e-09 0 0 0
-3.1894e-08 3.55676e-09 4.34187e-08 0 0 0
0.181614 0.0773945 -0.279906 0.159 0.074 -0.275
-4.89515e-08 1.47029e-08 -4.31697e-09 0 0 0
-1.53599e-08 -4.81878e-09 2.34386e-08 0 0 0
0.0469793 0.170566 0.210531 0.038 0.162 0.193
-3.88382e-08 -3.73907e-08 -1.32946e-08 0 0 0
3.15748e-08 -5.89846e-09 -7.01839e-09 0 0 0
0.210322 -0.245394 -0.0261122 0.212 -0.238 -0.022
2.82813e-08 8.04656e-10 -7.42278e-08 0 0 0
-5.06712e-09 7.54268e-09 7.03701e-08 0 0 0
0.0126085 -0.0158562 -0.283172 0.019 -0.003 -0.268
-6.60722e-09 -5.93592e-08 2.30458e-09 0 0 0
5.13875e-08 7.64679e-08 -2.49924e-09 0 0 0
-0.134778 0.296674 0.171359 -0.139 0.291 0.158
1.22347e-08 -6.40644e-09 3.69862e-08 0 0 0
3.18103e-08 5.80736e-08 -1.0869e-08 0 0 0
-0.0654029 0.311039 0.204833 -0.062 0.289 0.211
-6.02606e-09 -5.77241e-09 3.81705e-08 0 0 0
1.65857e-08 6.16265e-08 8.32598e-09 0 0 0
-0.185239 0.0595333 0.392896 -0.199 0.063 0.393
-6.30556e-08 -8.65646e-10 -4.50558e-08 0 0 0
3.19716e-08 -8.98995e-09 1.8048e-08 0 0 0
-0.221446 0.00649864 0.217771 -0.228 -0.005 0.227
1.81881e-08 2.34578e-08 6.9478e-08 0 0 0
2.33762e-08 3.23473e-09 4.53754e-09 0 0 0
0.00854846 -0.00316847 0.286053 -0.009 0.008 0.263
2.58905e-08 9.67663e-09 3.75536e-08 0 0 0
-4.69297e-09 -3.07335e-08 5.23534e-09 0 0 0
0.294039 -0.096081 0.183185 0.302 -0.089 0.173
-2.95032e-08 3.20079e-08 5.73271e-08 0 0 0
8.49746e-09 -3.9252e-08 7.75998e-09 0 0 0
0.0221757 -0.152669 -0.184448 0.019 -0.143 -0.186
1.50906e-08 1.19292e-08 3.64412e-08 0 0 0
-2.84362e-08 6.45123e-09 2.6486e-08 0 0 0
0.258519 -0.0200029 -0.0687641 0.264 -0.036 -0.06
7.91713e-08 4.00752e-08 3.08328e-08 0 0 0
6.35237e-08 -7.22745e-08 5.67904e-09 0 0 0
0.150639 -0.157536 0.00265061 0.156 -0.144 0.002
2.17012e-08 7.97575e-09 -1.57684e-08 0 0 0
-4.14517e-09 1.60476e-08 -2.77076e-08 0 0 0
0.135698 0.208642 -0.0337623 0.137 0.213 -0.029
5.37754e-09 2.59892e-08 -2.73312e-08 0 0 0
1.64248e-08 -1.49403e-08 -4.96683e-08 0 0 0
0.0767586 0.217717 -0.115785 0.067 0.219 -0.114
-2.98961e-08 -2.94156e-08 -1.81018e-08 0 0 0
4.18998e-08 3.99251e-09 -1.27338e-08 0 0 0
-0.115413 0.321259 0.114558 -0.098 0.369 0.149
4.4198e-08 -6.18693e-08 -5.28428e-08 0 0 0
-1.58442e-08 1.33657e-08 -3.01374e-08 0 0 0
-0.0822867 0.243232 -0.184736 -0.086 0.255 -0.171
1.02459e-08 5.40741e-08 3.15707e-08 0 0 0
9.07437e-09 -1.64962e-08 -2.73433e-09 0 0 0
0.306137 -0.140888 0.0617376 0.292 -0.141 0.069
-9.71645e-10 -5.37138e-08 -1.71734e-08 0 0 0
3.38195e-08 1.94197e-08 3.16204e-09 0 0 0
0.125895 -0.0151875 -0.374482 0.133 -0.008 -0.38
9.7041e-09 -2.71739e-08 -8.93248e-09 0 0 0
-1.00318e-08 1.12706e-08 6.3946e-08 0 0 0
-0.191193 0.174559 0.0291977 -0.183 0.151 0.007
-3.39547e-08 -3.81413e-08 -3.8295e-08 0 0 0
-5.15645e-08 3.28619e-08 -6.2171e-08 0 0 0
0.202391 0.0146625 0.236689 0.187 0.033 0.222
1.80455e-08 5.13057e-09 -1.75016e-09 0 0 0
5.38313e-08 -3.90758e-08 -1.02017e-08 0 0 0
0.0720149 0.168065 -0.206255 0.074 0.169 -0.19
3.13083e-08 -5.56385e-08 -1.10373e-08 0 0 0
-4.00782e-09 2.48309e-08 2.02255e-08 0 0 0
0.0790311 0.101362 -0.201652 0.078 0.092 -0.214
-4.69891e-08 5.28148e-10 -2.13424e-08 0 0 0
1.16906e-08 -1.83593e-09 2.47644e-08 0 0 0
0.310315 -0.0649596 0.0399943 0.321 -0.069 0.02
1.05637e-08 -9.64211e-09 -3.11266e-08 0 0 0
-9.12815e-09 -1.58287e-08 -3.69179e-08 0 0 0
0.110631 0.234018 0.00231355 0.098 0.243 0.011
2.88072e-08 3.49633e-09 -1.31766e-10 0 0 0
-3.29644e-08 2.597e-08 5.58993e-08 0 0 0
-0.0519766 -0.0328839 0.227896 -0.024 -0.037 0.229
7.19843e-09 4.58712e-08 -2.87133e-08 0 0 0
-2.95342e-08 -2.60308e-08 3.29925e-08 0 0 0
0.0691523 0.16773 0.0551088 0.079 0.161 0.058
-4.08815e-08 4.72299e-08 -9.15685e-09 0 0 0
2.19147e-08 8.91984e-09 -9.40738e-09 0 0 0
0.075688 -0.184861 -0.0436376 0.079 -0.189 -0.045
-4.85269e-09 -5.29899e-08 6.02221e-08 0 0 0
1.61182e-08 -2.0246e-09 4.1652e-08 0 0 0
0.109882 -0.0297427 0.177761 0.104 -0.044 0.159
-5.78694e-08 2.33836e-08 3.2623e-08 0 0 0
6.26483e-08 5.30199e-09 -2.06184e-08 0 0 0
0.0321772 0.0110508 0.105919 0.046 0.016 0.084
-3.14356e-08 -2.51406e-08 -4.11834e-08 0 0 0
3.99546e-09 -7.01068e-09 7.68674e-08 0 0 0
-0.262852 0.0372586 -0.259541 -0.257 0.041 -0.257
-2.77396e-08 1.23182e-10 1.9466e-08 0 0 0
3.17455e-08 4.47741e-08 -1.11591e-08 0 0 0
0.00974529 -0.19134 0.272533 0.022 -0.183 0.274
-2.2671e-08 -2.98222e-08 1.89562e-08 0 0 0
3.84834e-08 3.94334e-08 1.34359e-08 0 0 0
-0.198363 0.061871 0.168448 -0.207 0.056 0.19
1.17352e-08 2.13275e-08 6.76043e-08 0 0 0
4.89738e-09 5.37296e-09 2.87333e-08 0 0 0
0.00934272 0.280761 0.0039313 0.015 0.27 0.007
1.30405e-08 1.06393e-08 -2.20509e-08 0 0 0
-4.68804e-08 1.89326e-08 2.38811e-08 0 0 0
-0.0721527 0.174744 -0.156682 -0.077 0.165 -0.156
1.93148e-08 3.56524e-08 -3.1266e-08 0 0 0
7.78301e-09 1.58735e-08 -1.11221e-08 0 0 0
-0.14223 0.306042 0.0452257 -0.133 0.307 0.046
-2.64761e-08 4.18316e-08 1.40405e-08 0 0 0
3.15889e-08 -2.90154e-08 -2.83202e-08 0 0 0
-0.0908685 -0.173073 0.114921 -0.087 -0.169 0.121
-7.24486e-09 -3.75023e-08 1.29871e-08 0 0 0
3.28035e-08 2.84084e-08 3.19561e-08 0 0 0
0.0733667 0.267069 -0.039726 0.057 0.264 -0.043
-1.28504e-08 -2.82324e-08 8.04158e-09 0 0 0
3.86509e-08 1.75597e-08 1.83353e-08 0 0 0
-0.0848555 -0.213538 0.211076 -0.081 -0.213 0.197
1.7933e-08 -1.4256e-08 1.47599e-08 0 0 0
6.30357e-10 4.09851e-08 -2.6302e-08 0 0 0
-0.0442041 0.308525 -0.158952 -0.035 0.318 -0.157
-2.90513e-08 -1.0973e-08 -1.54972e-08 0 0 0
2.79701e-08 -2.95895e-08 1.05951e-09 0 0 0
0.174839 0.234514 0.226044 0.157 0.259 0.235
4.32226e-08 -1.44928e-08 -1.1709e-08 0 0 0
1.43332e-08 -9.98192e-09 -1.09171e-08 0 0 0
-0.230711 -0.0939334 0.0961847 -0.232 -0.093 0.097
2.58696e-08 -1.77279e-08 2.22727e-08 0 0 0
1.49338e-08 1.07554e-08 -4.30085e-08 0 0 0
0.295709 0.20886 -0.0201292 0.292 0.196 -0.016
5.41056e-09 -3.18161e-08 -8.77494e-09 0 0 0
2.76143e-08 -2.3198e-08 1.66507e-08 0 0 0
0.186623 0.229125 0.0463245 0.192 0.222 0.042
-4.32806e-09 2.23059e-08 4.01282e-08 0 0 0
-3.53342e-08 5.9663e-09 -4.8267e-09 0 0 0
0.304393 0.0475358 -0.00670831 0.301 0.051 -0.006
-3.73898e-08 1.56933e-08 3.71109e-08 0 0 0
-5.66046e-09 -2.59454e-08 5.21116e-08 0 0 0
-0.300269 -0.156204 0.0266966 -0.295 -0.162 0.033
-9.21179e-09 -2.89894e-08 -8.0882e-10 0 0 0
-5.39561e-08 1.56373e-08 2.67217e-08 0 0 0
0.192271 -0.021108 0.215623 0.18 -0.024 0.216
2.02228e-08 -2.35289e-08 -1.28382e-08 0 0 0
-3.56185e-08 -1.11747e-09 3.83693e-09 0 0 0
-0.0980427 -0.176787 -0.0763503 -0.082 -0.186 -0.074
-5.11924e-09 6.92424e-08 -4.91689e-08 0 0 0
1.24958e-08 -5.23147e-08 2.75622e-08 0 0 0
-0.0648964 -0.313773 0.0958798 -0.064 -0.318 0.097
-5.57783e-08 1.24512e-08 -2.36682e-08 0 0 0
1.41128e-08 -4.86156e-08 -2.7452e-08 0 0 0
-0.217322 0.0958278 -0.170353 -0.223 0.094 -0.172
-5.77315e-08 1.13755e-08 7.05955e-10 0 0 0
2.64385e-09 1.45311e-08 -6.78363e-08 0 0 0
0.0858027 0.300534 -0.108051 0.084 0.292 -0.088
-1.02332e-08 -6.26937e-09 4.04731e-08 0 0 0
3.26158e-08 -6.17708e-09 2.46107e-08 0 0 0
0.234277 0.221486 -0.116179 0.243 0.222 -0.115
-3.15193e-08 2.8431e-08 2.30988e-08 0 0 0
2.72903e-08 1.44118e-08 1.71849e-08 0 0 0
-0.0108689 -0.0748305 -0.332526 -0.013 -0.078 -0.329
6.83855e-09 1.6533e-08 -5.17083e-08 0 0 0
2.05975e-08 -1.51935e-08 -1.09628e-10 0 0 0
-0.191549 -0.171547 0.304895 -0.185 -0.172 0.288
1.99303e-08 -3.20675e-09 -1.26577e-09 0 0 0
-1.30885e-09 1.15248e-08 1.15518e-08 0 0 0
-0.143625 -0.0570412 -0.172239 -0.127 -0.051 -0.176
-4.59634e-08 -5.95676e-08 2.77245e-08 0 0 0
6.08743e-09 -1.42142e-08 2.32407e-08 0 0 0
0.0208531 0.188975 0.258217 0.019 0.185 0.264
3.0017e-09 -2.92944e-08 9.73318e-09 0 0 0
2.59021e-08 -6.69173e-09 2.46652e-08 0 0 0
0.179633 -0.094753 0.0152183 0.178 -0.103 0.014
-1.99563e-08 -4.13832e-08 5.99611e-08 0 0 0
9.78115e-09 -5.05999e-08 -1.64745e-08 0 0 0
0.0949155 -0.203388 -0.0317968 0.101 -0.224 -0.036
-5.962e-09 1.01589e-09 1.06183e-08 0 0 0
-8.31772e-09 5.16248e-08 8.12257e-11 0 0 0
0.276294 -0.0673975 -0.0460198 0.273 -0.064 -0.049
6.10818e-08 1.92913e-08 -1.79771e-08 0 0 0
1.24011e-08 -5.40812e-08 -1.26488e-08 0 0 0
0.263158 0.0628601 0.113402 0.249 0.066 0.106
1.78726e-08 3.1045e-09 7.89993e-09 0 0 0
-1.23496e-08 5.83276e-08 3.50199e-08 0 0 0
0.193046 0.110823 -0.153136 0.183 0.097 -0.153
1.48669e-08 1.65444e-08 -3.44752e-08 0 0 0
-4.51717e-09 -4.391e-08 2.14614e-08 0 0 0
0.193599 0.134918 0.00952897 0.205 0.132 0.001
2.85826e-08 2.45914e-08 -2.75893e-08 0 0 0
8.39105e-09 9.23832e-09 -2.64921e-08 0 0 0
0.288104 -0.00915495 0.00730203 0.287 -0.014 0.018
2.68911e-08 2.99157e-08 8.52987e-09 0 0 0
4.58369e-09 -8.5857e-09 -1.70984e-08 0 0 0
0.071236 0.349611 0.0182895 0.088 0.356 0.02
1.5669e-08 -6.75262e-09 2.82063e-08 0 0 0
-3.52427e-08 -1.14618e-08 -1.67339e-08 0 0 0
0.10351 0.278458 -0.0416758 0.107 0.284 -0.04
-1.85278e-08 3.56514e-08 2.52138e-08 0 0 0
3.54198e-08 8.14939e-09 -7.19063e-08 0 0 0
0.194189 0.059709 0.214208 0.198 0.05 0.215
-3.25851e-08 9.94168e-10 1.0882e-08 0 0 0
-1.79182e-08 2.10205e-08 -4.05871e-08 0 0 0
0.192595 -0.132126 0.201636 0.177 -0.13 0.185
1.20326e-08 4.94679e-08 -9.06943e-09 0 0 0
-3.22617e-08 -2.89644e-08 3.69802e-08 0 0 0
0.042368 0.072369 -0.235639 0.051 0.062 -0.229
2.93612e-08 -8.64873e-09 -9.5818e-09 0 0 0
4.95778e-08 -5.91395e-08 -2.53286e-08 0 0 0
-0.0916634 0.165846 0.25011 -0.072 0.172 0.249
9.44719e-09 -3.5778e-08 -6.06115e-08 0 0 0
-5.65742e-08 -3.79194e-09 -1.79989e-08 0 0 0
0.151046 0.0441036 0.17244 0.156 0.034 0.172
4.79676e-08 -2.08563e-08 3.08712e-08 0 0 0
-1.11934e-08 3.03796e-08 4.05258e-08 0 0 0
-0.211552 0.159176 0.083654 -0.21 0.165 0.08
-4.22712e-08 -5.32571e-09 -1.15924e-09 0 0 0
3.28703e-08 3.40594e-08 -2.92221e-08 0 0 0
0.136844 0.293265 0.059667 0.152 0.295 0.058
2.65508e-08 2.95773e-08 -2.52445e-08 0 0 0
-2.1835e-08 4.67709e-08 -6.51621e-09 0 0 0
0.116258 -0.0106237 0.304334 0.129 -0.008 0.343
2.79076e-08 9.04209e-09 4.9064e-08 0 0 0
-5.59432e-09 2.50591e-08 1.76598e-08 0 0 0
0.265203 -0.0461563 -0.0191225 0.269 -0.052 -0.021
2.19412e-08 2.14961e-08 2.04673e-08 0 0 0
9.1202e-09 -7.42179e-09 -1.13326e-08 0 0 0
0.167298 -0.0259381 -0.183349 0.169 -0.025 -0.16
-2.4728e-10 -3.14893e-08 1.46476e-08 0 0 0
-1.00267e-08 3.3128e-08 -9.52119e-08 0 0 0
0.290482 -0.112081 -0.064805 0.297 -0.1 -0.067
-3.75866e-08 3.62942e-08 3.22905e-08 0 0 0
-3.82768e-08 -2.50319e-08 -8.48151e-09 0 0 0
0.290186 -0.125951 -0.0287724 0.291 -0.121 -0.027
3.30745e-08 -8.74071e-09 -8.96452e-09 0 0 0
-2.89413e-08 -4.54703e-08 5.51259e-09 0 0 0
0.258967 0.0244692 0.107318 0.257 0.035 0.125
-6.4627e-09 4.12539e-08 4.2954e-08 0 0 0
2.51986e-08 -3.56171e-08 -3.2768e-08 0 0 0
0.297047 0.0417024 -0.00651682 0.303 0.043 -0.009
-3.57129e-08 -4.01525e-08 2.54872e-08 0 0 0
-1.61442e-08 1.34765e-08 -3.87036e-08 0 0 0
-0.27599 0.0497294 -0.0467175 -0.28 0.056 -0.042
2.32418e-08 -1.66449e-09 -5.54223e-08 0 0 0
-2.98121e-08 -1.60283e-09 2.93185e-08 0 0 0
-0.0180935 -0.107565 -0.32475 -0.013 -0.102 -0.327
3.75952e-08 -8.38204e-09 3.43193e-08 0 0 0
-3.93766e-08 2.3842e-08 -3.61473e-08 0 0 0
0.226312 -0.06047 -0.201672 0.228 -0.062 -0.194
-2.66991e-08 -6.48215e-08 -3.1949e-08 0 0 0
2.50037e-08 3.85244e-08 -4.77044e-08 0 0 0
-0.135866 0.145695 -0.128538 -0.125 0.14 -0.13
-2.74639e-08 -1.32716e-08 5.23765e-09 0 0 0
2.2106e-08 2.61814e-08 1.96267e-08 0 0 0
-0.13314 0.15061 0.132137 -0.147 0.153 0.16
-6.44269e-09 2.43858e-08 4.16146e-08 0 0 0
-1.09942e-08 1.75051e-08 2.78866e-08 0 0 0
0.0981353 -0.15036 0.274603 0.099 -0.16 0.282
1.69694e-09 -4.81271e-08 -2.69051e-08 0 0 0
-1.64244e-08 4.1423e-08 2.0744e-08 0 0 0
0.193028 -0.0697618 -0.0634492 0.217 -0.064 -0.053
3.14498e-08 -2.24501e-08 2.13382e-08 0 0 0
2.27727e-08 1.32533e-08 -3.43757e-08 0 0 0
0.159939 -0.0735944 -0.0792671 0.162 -0.072 -0.085
2.57859e-08 -7.10357e-09 3.28854e-08 0 0 0
4.31629e-10 2.32152e-08 -6.02844e-08 0 0 0
0.0164546 -0.0270393 0.215547 -0.004 -0.029 0.214
4.559e-08 2.77747e-08 7.05999e-09 0 0 0
4.87562e-08 1.05113e-08 4.78745e-08 0 0 0
0.102377 0.156558 0.051352 0.105 0.148 0.071
-2.12271e-08 4.93115e-08 2.02336e-08 0 0 0
2.06546e-08 -7.60528e-09 -5.13904e-08 0 0 0
-0.104335 -0.173765 0.0364084 -0.113 -0.173 0.024
9.13301e-09 7.81262e-09 2.84977e-08 0 0 0
-1.33214e-09 6.28988e-08 -1.40464e-08 0 0 0
0.145721 0.1589 -0.0102647 0.148 0.153 0.004
-7.395e-09 -1.61973e-08 -1.92487e-08 0 0 0
-6.70682e-08 5.17807e-08 -5.73895e-09 0 0 0
0.322275 -0.210526 0.0295218 0.327 -0.197 0.023
2.31229e-08 6.06024e-09 1.44053e-08 0 0 0
-3.42925e-08 -5.8597e-09 -4.98265e-08 0 0 0
0.122158 -0.0193693 0.176099 0.13 -0.023 0.185
-1.68311e-09 2.23886e-08 -1.35231e-08 0 0 0
3.41458e-09 2.49121e-08 5.71431e-08 0 0 0
0.229817 0.181423 0.103217 0.227 0.175 0.089
1.42512e-09 -1.84337e-08 -1.66625e-08 0 0 0
-2.23775e-09 -8.18268e-09 1.12693e-08 0 0 0
-0.122323 0.123039 -0.204699 -0.121 0.125 -0.202
-8.96748e-09 1.23548e-08 3.13601e-10 0 0 0
-3.75378e-08 -7.59998e-08 5.30395e-09 0 0 0
-0.0920753 -0.192823 0.288164 -0.093 -0.203 0.294
-1.7024e-08 -2.75158e-09 -3.15388e-08 0 0 0
7.60971e-09 4.11167e-08 3.07183e-08 0 0 0
-0.27213 0.160222 0.107954 -0.265 0.176 0.122
8.27562e-09 1.04465e-08 -1.56867e-09 0 0 0
-5.68177e-09 7.24622e-09 1.28216e-08 0 0 0
-0.082741 0.203311 0.00393739 -0.08 0.198 0.005
-1.74087e-08 3.81659e-08 -4.76528e-08 0 0 0
1.18435e-08 1.67208e-08 7.40482e-08 0 0 0
-0.117221 -0.160231 -0.279331 -0.111 -0.152 -0.292
-2.54054e-08 -1.23641e-08 8.39478e-09 0 0 0
4.4486e-08 -9.79624e-09 -1.68197e-08 0 0 0
-0.0549712 0.306562 0.114405 -0.052 0.3 0.12
3.97209e-08 1.76511e-08 -2.68891e-08 0 0 0
-4.58021e-08 3.20415e-08 -3.64683e-08 0 0 0
-0.00317455 -0.194424 0.0755594 -0.005 -0.181 0.074
1.70837e-08 -5.292e-09 6.11666e-08 0 0 0
-4.82051e-08 -4.43546e-08 -5.57558e-09 0 0 0
0.127829 0.178732 -0.0132636 0.134 0.172 -0.02
-4.20396e-08 4.10414e-08 -1.46855e-08 0 0 0
-2.27605e-09 3.36971e-08 2.50106e-08 0 0 0
-0.184819 -0.0736688 0.132485 -0.19 -0.074 0.135
-1.12599e-09 4.5798e-08 5.12849e-08 0 0 0
-2.98756e-08 -4.80084e-08 -2.28033e-08 0 0 0
0.0368984 0.203517 -0.205625 0.034 0.197 -0.183
4.39154e-08 2.67872e-08 -2.53261e-08 0 0 0
-4.43336e-08 -3.80962e-09 -4.32857e-08 0 0 0
0.167087 0.0581179 0.123369 0.159 0.07 0.121
2.55711e-09 1.1602e-08 -1.79525e-08 0 0 0
3.59255e-08 4.89792e-08 1.83646e-08 0 0 0
-0.261521 0.0274013 0.116602 -0.268 0.025 0.12
-1.98883e-09 -1.46059e-08 -3.85388e-08 0 0 0
-6.98371e-10 -2.39727e-08 4.25342e-08 0 0 0
0.168525 0.191265 -0.203282 0.167 0.218 -0.218
-2.11689e-08 -2.59941e-08 -1.89721e-08 0 0 0
2.70962e-08 9.12829e-09 2.19433e-08 0 0 0
0.0199569 0.194919 0.258208 0.021 0.192 0.25
-2.4842e-08 2.64897e-08 -2.02008e-09 0 0 0
7.19503e-08 1.664e-08 5.056e-08 0 0 0
0.297607 0.0431435 0.0604891 0.314 0.032 0.063
2.66683e-08 -1.70579e-09 2.78154e-09 0 0 0
7.56915e-09 1.21421e-08 -2.36456e-08 0 0 0
-0.225461 -0.0939114 -0.190037 -0.21 -0.123 -0.191
6.00572e-09 -5.2853e-08 1.82131e-08 0 0 0
5.5806e-09 -1.75951e-08 5.39013e-08 0 0 0
0.140035 -0.0354607 0.0313916 0.134 -0.054 0.021
-3.49151e-08 3.91002e-09 1.11426e-08 0 0 0
2.55004e-08 1.29138e-08 -2.18281e-08 0 0 0
-0.221343 -0.268683 -0.0306124 -0.225 -0.259 -0.03
9.23466e-09 -2.37653e-08 -2.02778e-08 0 0 0
-9.04536e-09 -6.4702e-08 -3.72542e-08 0 0 0
-0.119141 -0.301633 0.0432856 -0.125 -0.308 0.044
1.16965e-08 1.19675e-08 4.43228e-09 0 0 0
2.80926e-09 -6.53573e-08 -1.49241e-08 0 0 0
-0.241387 0.023909 -0.196231 -0.237 0.023 -0.185
2.70809e-08 -4.17341e-08 -3.60501e-08 0 0 0
-5.22861e-08 4.53939e-08 3.26846e-09 0 0 0
-0.0592745 0.284595 0.162164 -0.058 0.275 0.196
2.84108e-08 -1.71223e-10 -1.2197e-08 0 0 0
-3.20014e-09 -2.89736e-08 -7.24746e-08 0 0 0
0.0367791 0.167554 0.0836307 0.033 0.158 0.081
-3.98786e-08 2.37627e-08 9.18051e-09 0 0 0
8.27596e-09 3.99939e-08 6.84395e-08 0 0 0
-0.19172 -0.106916 -0.166825 -0.175 -0.094 -0.162
-3.76165e-09 2.13072e-08 -4.64884e-08 0 0 0
-6.3003e-09 -8.49608e-09 2.06753e-09 0 0 0
-0.0375612 -0.0669314 0.124202 -0.047 -0.078 0.128
2.60452e-08 -2.23946e-08 -1.11114e-08 0 0 0
-8.63047e-08 -1.90457e-08 2.56142e-08 0 0 0
-0.118846 0.164543 -0.338054 -0.132 0.188 -0.349
-5.18782e-09 -3.44505e-08 1.53726e-08 0 0 0
-3.37799e-08 -7.01641e-09 3.11081e-08 0 0 0
0.0760468 0.205009 0.205688 0.083 0.204 0.196
4.01569e-08 6.15191e-08 -2.86612e-09 0 0 0
-2.88057e-08 -5.06783e-11 4.55625e-08 0 0 0
0.219074 -0.0527772 0.0123432 0.223 -0.064 0.022
7.52112e-09 -6.96024e-09 4.56999e-08 0 0 0
2.5206e-09 -9.78754e-09 -4.38064e-08 0 0 0
0.115178 -0.0243225 -0.125858 0.111 -0.034 -0.126
-2.59967e-10 7.32366e-09 1.25424e-08 0 0 0
4.17082e-08 1.00801e-08 -3.86141e-08 0 0 0
0.258971 -0.119301 -0.0249792 0.274 -0.116 -0.041
5.13825e-09 -4.15279e-08 -2.93193e-08 0 0 0
5.87043e-08 1.54797e-08 1.11174e-09 0 0 0
0.288509 -0.010382 0.0153362 0.288 -0.013 0.02
-8.33114e-09 5.22506e-08 2.49583e-08 0 0 0
4.09432e-10 -4.74509e-08 4.72824e-09 0 0 0
0.186968 0.0709567 0.0279711 0.193 0.057 0.018
-3.83982e-09 9.77328e-09 -2.43742e-08 0 0 0
-5.52092e-08 -1.62117e-08 -4.69886e-08 0 0 0
0.158702 0.130832 -0.148014 0.14 0.14 -0.139
-3.45159e-08 2.08939e-08 1.31198e-08 0 0 0
3.70637e-08 -2.49503e-09 -5.52923e-08 0 0 0
0.18308 -0.215219 -0.0590828 0.186 -0.219 -0.053
7.00781e-09 -9.24507e-09 2.70245e-08 0 0 0
-3.66032e-08 4.40154e-09 -2.95565e-08 0 0 0
-0.0414669 0.264579 0.142623 -0.037 0.267 0.154
8.6641e-09 1.85751e-08 -1.72923e-08 0 0 0
9.87824e-09 -5.92447e-08 -3.78708e-08 0 0 0
0.00872977 0.138311 -0.0245345 0.01 0.144 -0.031
1.40629e-08 2.1139e-08 -1.58948e-08 0 0 0
-3.91679e-08 3.33107e-08 6.15943e-08 0 0 0
0.045827 0.190106 0.12782 0.052 0.189 0.123
3.15935e-08 3.39989e-08 -1.05817e-08 0 0 0
-2.07703e-08 -7.2538e-09 3.12939e-08 0 0 0
0.220583 -0.13201 0.0414702 0.215 -0.138 0.045
1.79416e-08 2.83845e-08 1.61265e-09 0 0 0
-5.86727e-10 2.12214e-08 4.58456e-08 0 0 0
0.0776264 0.0178424 -0.191179 0.091 -0.002 -0.184
-5.68384e-09 1.22725e-08 5.8039e-08 0 0 0
-1.03985e-08 -2.63168e-08 6.28788e-09 0 0 0
-0.153771 0.231238 0.00257974 -0.15 0.228 -0.003
-6.16263e-08 4.71184e-10 1.08325e-08 0 0 0
1.90437e-08 -1.91829e-08 -6.70734e-08 0 0 0
0.098787 0.0816686 0.281901 0.119 0.075 0.295
1.92384e-08 -1.54767e-08 -3.60182e-08 0 0 0
-2.25009e-08 3.48935e-08 2.41011e-08 0 0 0
0.140597 0.276604 -0.154906 0.147 0.271 -0.16
2.9941e-08 3.55875e-08 -1.39874e-08 0 0 0
-2.48816e-08 1.41483e-08 -3.57669e-08 0 0 0
0.169936 0.111599 0.179356 0.19 0.116 0.161
-2.5355e-08 -1.61358e-08 7.5146e-09 0 0 0
8.4149e-10 2.66928e-08 -6.62873e-09 0 0 0
0.198305 0.0171712 0.135314 0.192 0.034 0.122
-4.33733e-09 -2.50976e-08 -3.74532e-08 0 0 0
1.41832e-08 2.22216e-08 4.33899e-08 0 0 0
0.257886 -0.0557966 -0.0532748 0.256 -0.054 -0.063
4.81258e-08 2.52472e-08 1.25553e-08 0 0 0
1.93667e-08 -1.48199e-08 -2.38695e-08 0 0 0
0.263891 0.0757359 -0.13539 0.251 0.072 -0.13
2.84996e-08 2.49879e-08 8.76275e-09 0 0 0
1.64489e-08 3.75168e-08 -3.70258e-08 0 0 0
0.13522 -0.238902 -0.0686455 0.139 -0.246 -0.07
6.81192e-09 -7.33038e-08 2.19296e-08 0 0 0
1.55254e-08 2.49139e-08 7.26462e-09 0 0 0
0.288701 -0.140612 0.055192 0.284 -0.139 0.044
-2.18543e-08 -4.4625e-08 3.03907e-08 0 0 0
2.57045e-08 4.82753e-09 -4.55345e-08 0 0 0
0.327059 -0.042237 0.130321 0.314 -0.035 0.133
-1.3512e-08 -4.55366e-08 2.40739e-08 0 0 0
-2.38484e-08 -6.72836e-09 -1.07689e-09 0 0 0
0.226631 -0.012182 0.128245 0.223 -0.012 0.135
3.4009e-08 1.19694e-08 4.41575e-08 0 0 0
-5.96152e-08 -3.00333e-08 -1.4029e-08 0 0 0
-0.178742 -0.103469 -0.0880652 -0.18 -0.095 -0.1
1.81604e-09 1.17278e-08 5.64535e-09 0 0 0
-2.53444e-08 -2.75548e-09 4.22426e-08 0 0 0
0.28607 -0.0706475 -0.255552 0.275 -0.061 -0.25
1.38544e-08 3.70719e-08 -3.43604e-08 0 0 0
3.19944e-08 -3.24287e-08 -6.18475e-09 0 0 0
0.175399 0.0391499 -0.18004 0.174 0.031 -0.173
-1.59976e-08 5.26479e-08 -2.6972e-09 0 0 0
1.15333e-08 -3.90905e-08 -2.51757e-08 0 0 0
-0.107693 0.197383 0.0426827 -0.125 0.197 0.046
5.02132e-08 3.04055e-08 -2.65925e-08 0 0 0
-5.87084e-08 4.01857e-08 -1.19315e-08 0 0 0
-0.243422 0.117167 -0.0975266 -0.245 0.11 -0.093
1.42828e-08 -1.55209e-09 7.22821e-09 0 0 0
-5.98914e-08 4.21889e-08 -3.0584e-08 0 0 0
0.162489 0.0498265 0.240836 0.172 0.051 0.236
1.01256e-09 -1.09281e-08 -4.39955e-08 0 0 0
-3.2737e-09 1.37059e-08 7.72892e-09 0 0 0
0.161366 -0.250679 0.0296045 0.165 -0.237 0.034
-2.60504e-08 -3.1446e-08 2.69247e-08 0 0 0
-3.77063e-09 -6.08808e-08 2.9371e-08 0 0 0
0.35925 -0.00949154 -0.0761513 0.389 -0.008 -0.078
3.13267e-08 -1.02074e-08 -9.66135e-10 0 0 0
-2.39445e-08 2.34754e-09 -5.24533e-08 0 0 0
0.191436 -0.0708812 0.23545 0.188 -0.078 0.235
-1.82646e-08 -6.96246e-09 1.17356e-08 0 0 0
5.71023e-09 -2.52391e-08 -5.31586e-10 0 0 0
0.175085 0.107933 0.24345 0.161 0.108 0.243
7.98241e-09 -3.46282e-09 -2.2047e-08 0 0 0
-4.73913e-09 4.04121e-08 1.71567e-08 0 0 0
-0.110894 -0.113067 0.344376 -0.105 -0.103 0.329
4.39556e-09 2.98065e-08 2.88999e-08 0 0 0
8.46879e-09 -2.49035e-08 4.47754e-08 0 0 0
0.181846 0.126446 -0.0330468 0.174 0.132 -0.032
-1.83055e-09 9.87747e-10 1.29819e-08 0 0 0
4.60767e-08 -2.63278e-08 -7.71634e-09 0 0 0
-0.00673742 -0.274831 0.0789278 -0.014 -0.284 0.078
-3.12777e-08 1.40329e-08 -4.58759e-08 0 0 0
-4.06122e-09 -2.67526e-08 6.20955e-08 0 0 0
0.0776532 0.032793 0.354343 0.088 0.035 0.365
1.53715e-09 9.00632e-09 -8.41835e-09 0 0 0
-7.93468e-09 2.45435e-08 4.09686e-08 0 0 0
0.168599 0.176998 0.0449459 0.168 0.162 0.045
2.18434e-08 3.04214e-08 -1.42765e-08 0 0 0
1.1325e-08 -7.02183e-08 -3.74888e-08 0 0 0
-0.161647 0.267089 -0.120744 -0.179 0.238 -0.117
3.17831e-08 5.42691e-08 7.36444e-09 0 0 0
-4.60287e-09 -7.52809e-08 -1.76622e-08 0 0 0
-0.221972 0.192226 -0.122007 -0.239 0.202 -0.124
-1.34956e-08 -3.74321e-09 1.3722e-08 0 0 0
4.2021e-08 5.69496e-09 -4.39242e-10 0 0 0
-0.181807 0.154995 0.23577 -0.176 0.164 0.239
-3.40887e-08 2.55644e-08 1.22694e-08 0 0 0
2.47676e-09 -1.67222e-08 7.91167e-08 0 0 0
0.316162 -0.012164 -0.189705 0.316 0 -0.185
2.94061e-08 2.76503e-08 7.06874e-09 0 0 0
-1.60852e-08 2.86934e-09 -2.94275e-08 0 0 0
-0.278971 0.217118 -0.0649723 -0.271 0.207 -0.056
7.53785e-09 -4.53159e-08 -1.00872e-08 0 0 0
4.07538e-08 3.12396e-09 -2.9786e-08 0 0 0
-0.216406 -0.179221 -0.0302818 -0.204 -0.171 -0.029
-2.44603e-08 4.22558e-09 -6.7086e-08 0 0 0
-4.85062e-08 3.95202e-08 3.58271e-08 0 0 0
-0.035767 -0.124878 0.164443 -0.044 -0.131 0.173
2.41405e-08 2.43406e-09 1.59908e-08 0 0 0
-9.77683e-09 -2.89046e-08 2.43777e-08 0 0 0
-0.069759 0.192106 -0.0220931 -0.071 0.217 -0.034
3.25981e-08 -3.18525e-08 -4.86871e-08 0 0 0
-3.78854e-08 -1.01922e-08 2.44856e-08 0 0 0
0.102967 -0.291402 0.143029 0.092 -0.291 0.152
3.8806e-08 1.73373e-08 -2.56019e-08 0 0 0
-2.53845e-08 -5.7447e-08 3.25413e-09 0 0 0
0.161356 -0.104515 -0.153966 0.14 -0.104 -0.184
6.78744e-09 3.55722e-08 -1.39282e-08 0 0 0
-1.1316e-08 -1.0636e-08 -3.68811e-08 0 0 0
0.157672 0.120702 0.149014 0.139 0.129 0.127
-1.59119e-09 5.65678e-08 1.73592e-08 0 0 0
1.33166e-08 -3.77019e-08 1.76197e-09 0 0 0
-0.262539 0.152009 -0.164074 -0.261 0.162 -0.175
-5.62061e-10 -6.39475e-09 1.87222e-08 0 0 0
-4.13027e-08 -2.085e-08 -3.24241e-09 0 0 0
0.320932 -0.0283842 -0.0813607 0.319 -0.037 -0.089
2.03974e-09 -1.01707e-08 -5.74114e-08 0 0 0
-6.57325e-09 -4.78204e-09 6.38359e-08 0 0 0
-0.136487 -0.161989 0.166879 -0.149 -0.165 0.163
-1.78739e-09 7.81102e-09 3.59573e-09 0 0 0
-2.36311e-09 -8.40066e-09 -1.37559e-08 0 0 0
0.297901 0.108572 -0.019292 0.292 0.096 -0.028
1.01344e-08 1.77937e-08 -2.54338e-08 0 0 0
-1.25756e-08 5.37054e-08 -2.07718e-08 0 0 0
-0.320727 0.018957 0.0679437 -0.315 0.027 0.066
4.24858e-08 -1.68258e-08 -1.30094e-08 0 0 0
-6.45707e-08 -4.14459e-09 3.44632e-08 0 0 0
0.173192 -0.118936 0.175803 0.17 -0.117 0.183
-1.16199e-08 2.90023e-08 3.16854e-08 0 0 0
5.51537e-08 5.17065e-08 -5.61984e-08 0 0 0
-0.186058 -0.0509624 -0.191288 -0.181 -0.059 -0.206
-3.37361e-08 -4.54634e-08 -4.6109e-08 0 0 0
2.35272e-08 1.01681e-08 4.49438e-08 0 0 0
-0.0944818 -0.100037 -0.176574 -0.091 -0.093 -0.175
2.17188e-08 -6.53772e-09 1.06408e-09 0 0 0
-4.82018e-08 2.20957e-08 -4.05296e-08 0 0 0
-0.330216 0.0408359 -0.0862665 -0.315 0.052 -0.091
3.78004e-09 -1.16586e-08 5.00569e-09 0 0 0
3.39926e-08 -1.18552e-08 -4.02327e-08 0 0 0
-0.0400461 0.0910968 0.204069 -0.053 0.092 0.209
9.67426e-09 -1.66074e-08 4.99475e-08 0 0 0
-5.83465e-09 -3.47507e-08 1.26415e-08 0 0 0
0.130291 0.101645 0.04667 0.142 0.106 0.059
-1.68074e-08 -2.04397e-08 3.88634e-08 0 0 0
-1.71001e-08 2.82894e-08 3.57977e-08 0 0 0
-0.22457 -0.0684881 -0.199268 -0.215 -0.064 -0.203
-1.06156e-08 2.68122e-09 -5.62525e-08 0 0 0
-3.01921e-08 -8.8086e-08 8.25261e-09 0 0 0
-0.0345722 -0.0965375 0.110934 -0.047 -0.094 0.11
-6.58561e-08 -3.64151e-08 3.69758e-08 0 0 0
3.6052e-08 -1.88927e-08 -1.98838e-08 0 0 0
-0.220567 0.019707 -0.0850442 -0.227 0.005 -0.094
1.99509e-08 -1.41494e-08 -1.5993e-08 0 0 0
1.6307e-09 1.26233e-08 -2.95383e-08 0 0 0
0.179786 0.182558 0.192408 0.177 0.18 0.195
3.84049e-09 -2.50851e-08 1.88496e-08 0 0 0
1.34132e-08 -5.15357e-09 -2.18943e-08 0 0 0
0.139753 0.232146 -0.0403314 0.13 0.232 -0.03
-5.17219e-09 -1.93542e-08 1.8617e-08 0 0 0
1.38479e-08 -6.94133e-09 -5.83609e-08 0 0 0
0.126856 -0.0729154 -0.136816 0.134 -0.073 -0.142
3.65541e-08 -1.03898e-08 -5.4266e-08 0 0 0
2.97923e-09 -4.21259e-08 2.35549e-08 0 0 0
0.228047 -0.0698355 -0.0156439 0.215 -0.072 -0.002
-2.53707e-09 -4.10913e-08 -3.67715e-08 0 0 0
7.88224e-09 -3.45874e-08 -4.56556e-08 0 0 0
0.036017 -0.170904 0.233657 0.035 -0.172 0.226
-2.07336e-08 1.68929e-09 -4.48334e-09 0 0 0
-1.06976e-09 2.00541e-08 -3.24424e-09 0 0 0
0.0201019 0.332682 0.154929 0.017 0.362 0.154
-3.38572e-08 3.07295e-08 -5.16669e-08 0 0 0
7.49446e-10 -1.00847e-08 2.1094e-09 0 0 0
0.0600529 0.305133 0.0544666 0.057 0.306 0.047
7.74382e-09 8.1118e-09 2.40807e-08 0 0 0
-1.96019e-08 1.90633e-08 -5.95623e-08 0 0 0
0.240306 0.157314 -0.00239815 0.231 0.141 0.001
4.201e-08 -5.39609e-08 5.84894e-08 0 0 0
1.2448e-08 -1.45135e-08 9.80624e-09 0 0 0
-0.213634 -0.249208 -0.0778749 -0.202 -0.246 -0.074
1.93992e-08 1.67037e-08 -1.78309e-08 0 0 0
-3.22063e-08 -9.71094e-09 1.50505e-08 0 0 0
0.0971429 0.171464 -0.141005 0.095 0.189 -0.135
-1.94987e-08 2.32316e-08 -7.89572e-09 0 0 0
-2.85847e-08 -1.96878e-08 -1.38916e-08 0 0 0
0.108075 0.0792474 0.290383 0.12 0.073 0.289
-3.41086e-08 -3.82212e-09 3.05665e-08 0 0 0
-3.65359e-08 9.15564e-09 2.51962e-08 0 0 0
0.313667 -0.041568 0.0959415 0.389 -0.04 0.124
3.93184e-08 -8.18362e-09 -6.67056e-08 0 0 0
-1.21509e-08 -2.42473e-10 4.40399e-08 0 0 0
0.191318 0.168271 -0.19118 0.181 0.166 -0.183
7.22159e-09 4.8692e-08 -1.78751e-08 0 0 0
7.88203e-09 4.48037e-08 1.38221e-08 0 0 0
-0.191568 0.186866 0.0789479 -0.192 0.172 0.067
-3.08286e-08 -3.73293e-08 3.54673e-09 0 0 0
-2.66274e-08 -2.86536e-08 4.84754e-08 0 0 0
-0.151572 0.0263069 0.281102 -0.139 0.028 0.284
-2.91321e-08 1.25736e-09 6.73308e-10 0 0 0
5.60393e-08 -2.36256e-08 8.42299e-09 0 0 0
-0.0111053 0.239201 -0.0584597 -0.009 0.241 -0.066
1.04107e-08 3.50746e-08 -2.68453e-08 0 0 0
-1.73328e-08 7.91133e-08 9.41264e-09 0 0 0
0.209236 0.169478 0.23441 0.224 0.166 0.23
-2.93949e-09 -3.51011e-09 3.83534e-08 0 0 0
2.7262e-09 -3.8813e-08 1.99985e-08 0 0 0
0.180787 0.198173 0.184159 0.168 0.213 0.192
1.88497e-08 -3.42678e-09 5.14075e-09 0 0 0
8.90883e-08 3.80557e-08 -5.95132e-09 0 0 0
0.13674 -0.122567 0.177971 0.137 -0.114 0.194
-1.42169e-09 5.71664e-08 2.92646e-08 0 0 0
1.71682e-08 7.62172e-09 -4.70025e-09 0 0 0
-0.0561093 0.0304841 -0.297864 -0.06 0.036 -0.29
1.24672e-08 -2.66331e-08 1.0645e-08 0 0 0
3.75717e-08 2.3834e-08 5.79325e-08 0 0 0
0.212283 -0.0556545 0.0113843 0.242 -0.056 0.005
3.9816e-08 8.44036e-08 -1.19304e-09 0 0 0
2.22959e-09 -1.17443e-08 -1.71809e-08 0 0 0
0.309205 -0.0623128 0.0873622 0.308 -0.051 0.084
-1.02326e-08 -2.30961e-08 -2.79028e-08 0 0 0
6.36638e-08 -8.50198e-10 -1.76721e-08 0 0 0
0.110021 0.173615 -0.153161 0.097 0.174 -0.139
1.44673e-08 -8.5456e-09 1.66561e-08 0 0 0
-4.06356e-08 2.66294e-08 4.16809e-08 0 0 0
0.0314834 0.21806 -0.0228873 0.022 0.227 -0.03
-3.42384e-08 -2.18007e-08 -4.91814e-09 0 0 0
2.15349e-08 1.57367e-08 1.24996e-08 0 0 0
-0.187175 0.181426 -0.15814 -0.191 0.176 -0.151
2.15815e-08 3.11657e-08 1.09724e-08 0 0 0
2.31798e-09 2.10859e-08 -1.86665e-08 0 0 0
-0.172601 0.0972378 -0.109233 -0.169 0.092 -0.119
-1.25732e-08 -1.61733e-08 -2.85322e-09 0 0 0
-2.088e-08 5.03093e-08 8.13426e-08 0 0 0
0.155266 0.186573 -0.115471 0.163 0.181 -0.118
-2.74884e-08 -5.68175e-08 4.49032e-08 0 0 0
7.6095e-10 2.03487e-08 1.16064e-08 0 0 0
0.00352181 -0.190972 -0.235734 0.014 -0.164 -0.233
4.07599e-08 6.40425e-08 1.47921e-08 0 0 0
1.39056e-08 4.0876e-08 2.10698e-08 0 0 0
-0.164788 0.178584 0.0622942 -0.162 0.173 0.062
-2.97576e-09 1.22291e-08 -1.49045e-08 0 0 0
2.1197e-08 -1.49746e-08 5.05514e-08 0 0 0
0.177206 0.120415 0.17612 0.167 0.138 0.174
-1.63508e-08 -4.25235e-10 -2.74489e-08 0 0 0
-2.36999e-08 -1.81681e-08 -1.2014e-09 0 0 0
0.141836 0.241914 -0.264696 0.136 0.236 -0.262
2.998e-08 9.79885e-09 -2.62859e-09 0 0 0
3.15569e-08 2.34601e-08 1.33032e-08 0 0 0
0.320369 0.164333 -0.229245 0.304 0.15 -0.243
-2.00931e-08 -1.51302e-08 -3.7308e-08 0 0 0
1.147e-08 -2.09702e-08 1.65936e-09 0 0 0
0.335839 -0.0265428 0.0751385 0.337 -0.042 0.072
1.29286e-08 -2.31244e-08 4.86166e-09 0 0 0
1.26409e-08 -2.95079e-09 -3.59803e-09 0 0 0
-0.0520863 0.163098 -0.0784118 -0.058 0.169 -0.073
3.59561e-08 -2.07179e-08 2.33937e-08 0 0 0
3.85865e-08 -2.03762e-08 -7.35358e-09 0 0 0
0.0413181 0.033661 0.314059 0.04 0.025 0.31
-1.9285e-09 -4.55799e-08 -1.00898e-08 0 0 0
1.46371e-08 1.53967e-08 -2.79632e-08 0 0 0
0.107244 0.220133 -0.131149 0.109 0.214 -0.135
-2.7277e-08 8.96411e-09 -3.46386e-08 0 0 0
4.32546e-09 -3.15848e-08 -3.66408e-09 0 0 0
0.129986 -0.330446 0.021786 0.128 -0.324 0.018
-1.46521e-08 1.64144e-08 3.84715e-09 0 0 0
3.30263e-08 -1.95405e-08 -3.45528e-08 0 0 0
0.0767697 -0.0319659 0.220518 0.093 -0.023 0.212
2.82802e-08 -2.93689e-08 -2.86824e-08 0 0 0
-6.57511e-08 -3.44493e-10 3.00598e-08 0 0 0
-0.08231 -0.0614428 0.277284 -0.089 -0.055 0.258
5.09106e-08 -3.71569e-09 -3.73657e-08 0 0 0
-2.64405e-08 -7.31998e-09 -7.0315e-09 0 0 0
-0.00135583 0.168499 -0.255946 -0.001 0.16 -0.246
1.30022e-08 3.89492e-08 -5.16898e-08 0 0 0
-4.79268e-08 2.22424e-08 -6.58981e-08 0 0 0
0.161883 0.0858413 0.34644 0.173 0.073 0.346
1.886e-09 -6.3385e-09 -3.96854e-08 0 0 0
5.2795e-08 2.04791e-08 -2.59633e-10 0 0 0
-0.0695168 0.211252 0.0556738 -0.068 0.209 0.054
8.55742e-09 7.92934e-10 1.65444e-08 0 0 0
1.95134e-08 -2.36168e-08 1.46603e-08 0 0 0
-0.00699226 0.274707 -0.0368218 -0.013 0.272 -0.037
-1.35928e-08 1.62865e-08 1.39899e-08 0 0 0
-4.21688e-08 8.26678e-08 2.45693e-08 0 0 0
-0.0925568 0.0486965 -0.331718 -0.082 0.055 -0.353
1.86367e-08 5.80813e-08 -3.54704e-08 0 0 0
-6.58232e-08 -3.63512e-08 1.35731e-08 0 0 0
-0.252372 0.235569 0.0683486 -0.251 0.241 0.061
7.24333e-09 2.40894e-08 -2.78608e-08 0 0 0
-1.45957e-08 -3.30678e-08 -2.16871e-08 0 0 0
0.0203964 0.0394732 0.350285 0.02 0.031 0.366
1.55298e-08 -1.96645e-08 3.04438e-08 0 0 0
-7.13469e-09 6.38058e-09 -1.84865e-08 0 0 0
-0.0128787 0.215832 0.00247002 -0.018 0.204 0.003
3.36189e-08 4.0658e-08 7.19691e-08 0 0 0
-9.0939e-09 -1.68672e-08 2.93419e-08 0 0 0
-0.103012 -0.223924 0.0385168 -0.1 -0.231 0.044
-1.39734e-08 -9.24476e-09 4.20807e-09 0 0 0
-9.64834e-09 1.7886e-08 -2.3836e-08 0 0 0
0.204562 0.323053 -0.104081 0.22 0.336 -0.104
6.60356e-08 -6.18846e-08 -6.715e-08 0 0 0
-8.01053e-08 3.9258e-08 3.5863e-09 0 0 0
0.110277 0.198004 -0.0740432 0.101 0.195 -0.075
-8.77006e-09 4.21552e-08 -2.25853e-08 0 0 0
1.26949e-08 -1.9463e-08 2.33716e-08 0 0 0
-0.129289 0.116274 0.053307 -0.124 0.099 0.047
1.03612e-08 3.14031e-08 -2.8694e-08 0 0 0
4.43046e-08 1.05526e-08 1.14427e-08 0 0 0
0.427037 -0.00748809 -0.0888455 0.421 -0.002 -0.099
-4.04564e-09 4.54281e-08 -1.2101e-08 0 0 0
-4.72997e-09 -1.92557e-08 2.69757e-08 0 0 0
0.228006 0.200591 -0.0397861 0.224 0.203 -0.039
-1.30635e-08 1.94416e-08 -8.92277e-09 0 0 0
1.57857e-08 -1.62022e-08 2.69421e-08 0 0 0
0.0752116 0.194396 -0.0674105 0.075 0.207 -0.072
3.48732e-08 1.04328e-08 5.47239e-08 0 0 0
3.96693e-08 1.42926e-08 -3.00409e-08 0 0 0
-0.402473 0.0359299 -0.0561406 -0.396 0.03 -0.047
-5.24382e-08 1.62088e-08 3.5547e-08 0 0 0
-4.95338e-08 -8.99064e-09 3.42374e-08 0 0 0
0.183497 0.0448832 0.263163 0.172 0.04 0.254
6.09225e-09 -2.91891e-08 2.07133e-08 0 0 0
3.6739e-08 1.4394e-08 4.47521e-09 0 0 0
-0.285269 0.0803315 -0.102583 -0.289 0.077 -0.104
-3.22252e-08 -2.94329e-08 -3.90285e-08 0 0 0
-1.724e-08 -1.61953e-08 1.16355e-08 0 0 0
-0.113647 -0.179459 0.102329 -0.125 -0.187 0.127
-1.88191e-08 8.81076e-09 -2.72436e-08 0 0 0
6.95724e-09 -3.1657e-08 8.2756e-09 0 0 0
-0.242127 0.0818158 -0.0853341 -0.234 0.079 -0.085
3.97351e-08 4.83487e-08 2.08816e-08 0 0 0
2.05699e-09 -2.63788e-08 -2.14324e-08 0 0 0
-0.0022759 0.313122 0.0513469 -0.008 0.311 0.04
-3.13085e-08 -3.03758e-08 8.91962e-09 0 0 0
2.71893e-08 3.71713e-08 6.03681e-08 0 0 0
0.130452 0.228483 -0.0170984 0.15 0.228 -0.022
2.57242e-08 2.83302e-09 -1.13426e-08 0 0 0
1.47322e-08 1.49989e-08 4.75637e-08 0 0 0
-0.248654 -0.0743098 -0.143257 -0.24 -0.072 -0.119
-2.84989e-08 -8.24346e-10 -1.27147e-08 0 0 0
-2.34941e-08 -4.03323e-08 -1.35366e-08 0 0 0
-0.0328246 -0.332997 0.0579993 -0.038 -0.328 0.055
1.04307e-08 5.2537e-08 -2.13195e-10 0 0 0
3.58399e-08 3.33149e-08 -5.68371e-08 0 0 0
-0.199025 0.0356759 -0.263346 -0.2 0.02 -0.248
-1.01263e-08 4.119e-10 -2.68609e-09 0 0 0
-2.47812e-08 2.04505e-08 1.83432e-08 0 0 0
-0.0123036 0.0937337 0.29719 -0.019 0.099 0.291
1.29273e-08 1.0996e-08 -6.17058e-08 0 0 0
-1.5204e-08 9.20232e-09 2.05919e-10 0 0 0
0.267646 -0.143625 -0.0311875 0.27 -0.137 -0.03
1.59584e-08 -3.03946e-08 -2.0854e-09 0 0 0
-2.9557e-08 -3.11712e-08 -1.02921e-08 0 0 0
0.0521475 -0.085697 -0.145353 0.053 -0.082 -0.148
-1.59179e-09 -1.7704e-08 -3.27545e-08 0 0 0
-2.78198e-08 -2.98112e-08 1.47647e-08 0 0 0
0.238089 -0.131685 0.0568358 0.242 -0.13 0.057
-2.06239e-08 -2.29975e-08 -6.68387e-09 0 0 0
2.46083e-08 1.64017e-08 2.75023e-08 0 0 0
0.257764 -0.17843 0.0166986 0.256 -0.168 0.02
-1.85547e-09 -5.59019e-09 4.04717e-10 0 0 0
1.10505e-09 7.70211e-09 2.04498e-08 0 0 0
0.363034 0.012064 -0.194312 0.387 0.02 -0.193
5.39727e-08 3.47318e-08 8.39176e-10 0 0 0
1.18059e-08 3.32668e-09 -3.50456e-08 0 0 0
0.0512259 0.302167 0.0416522 0.061 0.288 0.045
2.20081e-08 3.99322e-08 -1.41562e-08 0 0 0
-3.314e-08 -2.38506e-08 -2.18e-08 0 0 0
0.281922 0.135199 0.0253107 0.28 0.135 0.026
-2.16486e-09 1.35196e-08 -1.90067e-08 0 0 0
1.74956e-08 -1.23722e-08 -1.57507e-08 0 0 0
-0.0262262 0.255197 0.0382778 -0.016 0.263 0.037
4.04795e-08 3.15104e-08 -9.65919e-09 0 0 0
-5.65783e-08 -4.95696e-08 8.07713e-10 0 0 0
-0.0922379 0.0342661 -0.311457 -0.106 0.053 -0.317
2.27681e-08 -5.775e-09 4.41422e-10 0 0 0
2.09635e-08 5.89652e-09 -1.07851e-08 0 0 0
0.121746 0.137738 0.0866721 0.118 0.118 0.084
-2.82328e-08 -5.07235e-09 3.3669e-08 0 0 0
5.0096e-09 -2.43684e-09 -1.73866e-08 0 0 0
0.0976446 -0.0383372 0.200676 0.099 -0.036 0.199
-1.95132e-08 1.63619e-08 1.8402e-08 0 0 0
2.95454e-08 -2.94103e-08 4.66451e-08 0 0 0
0.121441 0.192157 -0.0885333 0.118 0.196 -0.089
4.03192e-08 9.97358e-09 -3.97274e-09 0 0 0
-2.43388e-08 -1.05631e-08 -1.3226e-08 0 0 0
-0.216958 0.260437 0.0754644 -0.225 0.258 0.083
2.49796e-08 -1.1633e-08 1.831e-08 0 0 0
1.0468e-08 -2.65622e-09 -1.79353e-08 0 0 0
0.214465 0.000604592 0.183984 0.211 0.007 0.175
3.12627e-08 -2.35878e-08 1.46915e-08 0 0 0
-7.0365e-08 2.10976e-08 -2.86708e-08 0 0 0
-0.11938 0.248936 -0.0855327 -0.123 0.255 -0.091
-9.67384e-09 2.98008e-08 1.38038e-08 0 0 0
-1.49846e-09 7.64689e-09 1.7112e-08 0 0 0
-0.154997 0.0834556 0.261892 -0.146 0.083 0.255
-3.71276e-08 8.67855e-09 -9.56447e-09 0 0 0
1.23706e-08 -3.53946e-08 3.79333e-09 0 0 0
0.289135 0.0837024 0.137843 0.288 0.073 0.133
2.8334e-08 -6.57637e-08 2.05774e-08 0 0 0
-3.03366e-08 2.13695e-09 -1.69981e-08 0 0 0
0.280184 0.0966581 -0.0980089 0.271 0.088 -0.098
1.97335e-08 -1.97502e-08 2.65057e-08 0 0 0
3.80558e-08 1.23521e-08 1.27873e-08 0 0 0
0.295919 -0.073609 -0.157936 0.294 -0.076 -0.167
-1.84528e-08 2.16404e-08 7.20529e-09 0 0 0
-7.45497e-09 -4.56695e-08 -3.52359e-08 0 0 0
0.120879 -0.262623 -0.0266297 0.128 -0.261 0.003
-3.33952e-09 -2.53447e-08 -6.99723e-09 0 0 0
4.03694e-08 3.0993e-08 -9.8713e-09 0 0 0
0.274226 -0.265384 -0.0850103 0.267 -0.256 -0.072
-3.53801e-08 -3.80145e-10 2.6514e-08 0 0 0
2.38517e-08 -4.4235e-08 -2.33213e-09 0 0 0
0.0319563 0.211225 -0.0750207 0.039 0.215 -0.077
5.1335e-08 2.38966e-08 -2.3439e-08 0 0 0
6.85018e-08 -4.87501e-08 -7.78386e-10 0 0 0
0.237272 0.018307 -0.153836 0.237 0.024 -0.163
3.69528e-08 -4.42332e-09 -2.02819e-08 0 0 0
-7.26877e-09 5.02594e-09 1.49545e-08 0 0 0
-0.207717 0.0357076 -0.155418 -0.201 0.015 -0.162
1.77197e-08 1.51161e-08 -5.46681e-08 0 0 0
-3.01315e-08 5.46256e-08 1.7139e-08 0 0 0
-0.172224 0.337303 -0.0219627 -0.185 0.338 -0.03
-1.01305e-08 -2.53091e-08 3.05013e-08 0 0 0
-5.40159e-08 8.70051e-09 -2.64007e-08 0 0 0
0.0211287 0.22441 -0.200145 0.013 0.243 -0.212
-6.37467e-10 -1.8291e-08 3.55918e-08 0 0 0
4.13687e-08 -4.13864e-08 -3.92708e-08 0 0 0
-0.113681 0.275796 0.15286 -0.113 0.278 0.151
7.86946e-09 6.2853e-08 -9.97634e-09 0 0 0
-5.3457e-08 2.90361e-08 3.12236e-08 0 0 0
-0.312698 0.0474542 0.020727 -0.304 0.05 0.01
2.26059e-08 -2.03845e-08 -3.68539e-08 0 0 0
-1.62508e-08 5.88737e-09 -3.0846e-08 0 0 0
0.190401 0.050373 0.234259 0.186 0.047 0.226
1.55539e-08 1.96698e-08 -4.39976e-08 0 0 0
1.1008e-08 -3.36386e-08 -2.0691e-08 0 0 0
0.31428 -0.0911441 -0.107553 0.334 -0.094 -0.137
1.11298e-08 -8.15566e-09 -4.9525e-09 0 0 0
2.03725e-08 2.60585e-08 3.78797e-08 0 0 0
0.244365 -0.0649574 0.092447 0.252 -0.061 0.096
-4.73456e-08 -3.79903e-08 1.49278e-08 0 0 0
1.58415e-08 4.00145e-08 2.07754e-08 0 0 0
0.299773 0.124378 0.0246157 0.287 0.127 0.024
-3.8046e-08 -6.32477e-08 -1.47e-08 0 0 0
3.9238e-08 -8.43005e-09 8.84752e-09 0 0 0
0.190083 0.172698 0.154415 0.18 0.172 0.149
1.20314e-08 -4.75881e-08 3.75131e-09 0 0 0
-2.43425e-08 6.4124e-08 1.95839e-09 0 0 0
-0.165554 -0.125929 0.184439 -0.165 -0.125 0.176
-2.59051e-08 4.01003e-08 2.61973e-08 0 0 0
6.64891e-08 -1.20372e-08 3.65381e-08 0 0 0
0.139206 0.296069 0.0878914 0.14 0.288 0.093
-2.63983e-08 4.43943e-08 -3.70915e-08 0 0 0
8.69038e-09 -1.04582e-08 3.14843e-10 0 0 0
0.206318 -0.304935 -0.0384429 0.21 -0.298 -0.032
-2.35142e-08 -3.68734e-09 -2.37672e-08 0 0 0
-1.16701e-08 -1.27676e-08 -2.64958e-09 0 0 0
0.210496 0.0151964 0.152958 0.21 0.018 0.15
-4.0869e-08 7.65695e-09 1.32508e-08 0 0 0
-1.55478e-08 2.73185e-08 -9.49983e-09 0 0 0
0.233507 0.289162 0.127773 0.243 0.278 0.119
-7.92877e-09 3.25e-08 -1.68604e-08 0 0 0
1.56303e-10 -5.82029e-10 2.56789e-08 0 0 0
-0.174904 -0.0186867 -0.221787 -0.161 -0.036 -0.219
1.41562e-09 2.33577e-08 1.27228e-08 0 0 0
-3.96961e-08 2.17116e-09 -1.70709e-08 0 0 0
-0.300756 0.119444 0.0800715 -0.315 0.184 0.101
-5.9102e-08 4.35859e-09 1.73514e-09 0 0 0
-1.91811e-08 -3.69286e-08 -3.06756e-08 0 0 0
-0.14049 0.145916 0.171431 -0.139 0.15 0.181
-4.17606e-08 7.48894e-08 2.85735e-08 0 0 0
-2.28433e-08 -2.43485e-08 2.1742e-08 0 0 0
0.365378 0.091219 -0.216533 0.382 0.091 -0.213
9.22305e-09 -1.07028e-08 1.40804e-08 0 0 0
4.74388e-09 1.97811e-08 -8.92923e-10 0 0 0
-0.0982313 0.291721 0.032862 -0.114 0.289 0.024
2.11852e-08 -3.43691e-08 2.73515e-08 0 0 0
1.96404e-08 4.38251e-08 -3.18456e-08 0 0 0
-0.227833 -0.305965 0.115585 -0.223 -0.311 0.107
-9.85653e-09 -4.10287e-09 -6.2417e-09 0 0 0
-1.94902e-08 -8.65104e-09 -4.894e-08 0 0 0
-0.046463 -0.165204 0.250504 -0.058 -0.159 0.247
-3.64622e-08 -3.90665e-08 -2.024e-08 0 0 0
4.5859e-08 3.63095e-09 1.91877e-08 0 0 0
-0.110839 0.280337 -0.141634 -0.103 0.277 -0.127
4.93344e-08 3.8745e-09 2.3836e-08 0 0 0
-3.94022e-08 -1.81171e-08 -4.28778e-08 0 0 0
-0.0403112 -0.211357 0.217813 -0.046 -0.216 0.217
-2.94504e-08 6.55429e-09 -2.00849e-08 0 0 0
3.17304e-08 -3.68057e-08 -3.56539e-08 0 0 0
0.180453 -0.232035 0.109601 0.177 -0.228 0.109
3.53125e-08 3.55528e-08 8.71979e-10 0 0 0
-4.01086e-08 -8.57595e-09 -1.72084e-08 0 0 0
0.228757 0.219983 0.0428229 0.242 0.219 0.03
1.70669e-08 3.21101e-09 3.93215e-08 0 0 0
-1.49717e-09 6.18838e-08 8.8287e-09 0 0 0
-0.194781 0.0158178 -0.15735 -0.192 0.02 -0.158
2.17531e-08 1.88536e-08 4.98482e-08 0 0 0
-4.22747e-08 -1.78019e-08 -5.42674e-08 0 0 0
0.273096 0.00914268 -0.188133 0.275 0.011 -0.18
-2.24613e-08 4.5748e-08 -4.35198e-08 0 0 0
1.78395e-08 -2.26325e-08 3.52976e-08 0 0 0
-0.108833 0.260182 0.144393 -0.102 0.266 0.161
-3.47805e-08 2.81671e-08 1.23142e-08 0 0 0
-4.27124e-08 -4.40567e-08 -4.23418e-09 0 0 0
0.259266 0.113371 -0.077745 0.242 0.108 -0.074
-1.70739e-08 1.8562e-08 2.74124e-08 0 0 0
5.45065e-08 -1.75619e-08 -2.51192e-08 0 0 0
-0.169396 -0.0417197 -0.102014 -0.175 -0.047 -0.11
8.87114e-09 -1.02361e-08 -5.10029e-10 0 0 0
-2.36573e-09 1.56135e-08 2.93961e-09 0 0 0
0.163914 -0.0758205 0.146624 0.171 -0.085 0.149
-1.5499e-08 2.36426e-08 6.0859e-08 0 0 0
3.18654e-08 2.67003e-08 2.3081e-08 0 0 0
-0.0198603 -0.152499 -0.137667 -0.011 -0.155 -0.151
3.6307e-08 6.64495e-09 -8.03709e-08 0 0 0
-3.72844e-08 -1.06183e-08 -2.33439e-08 0 0 0
-0.0850224 -0.176612 -0.144449 -0.077 -0.176 -0.156
9.675e-10 -4.43799e-08 1.86038e-09 0 0 0
-2.88721e-08 1.76172e-08 -4.95185e-08 0 0 0
-0.26191 0.0644707 -0.0445115 -0.257 0.061 -0.04
-3.96834e-08 2.8466e-08 5.01914e-08 0 0 0
4.16532e-08 1.50354e-08 1.14105e-08 0 0 0
-0.142634 0.0817217 -0.0556803 -0.137 0.096 -0.041
-5.48476e-08 -1.51095e-08 3.14591e-10 0 0 0
1.87706e-08 7.89703e-09 4.48681e-08 0 0 0
0.108342 0.204801 0.146677 0.12 0.205 0.141
-1.28494e-08 1.16238e-08 1.29636e-08 0 0 0
4.70892e-08 1.58067e-09 2.06511e-08 0 0 0
-0.00705401 -0.0670522 -0.256094 -0.011 -0.069 -0.246
-7.04517e-09 -3.6111e-08 5.30372e-08 0 0 0
-2.78733e-08 2.75772e-08 8.70572e-09 0 0 0
-0.142265 -0.236825 0.189552 -0.146 -0.23 0.188
-3.23896e-08 -4.292e-09 -2.52929e-08 0 0 0
3.66025e-08 -1.83082e-08 5.7369e-09 0 0 0
-0.216016 0.128816 -0.186579 -0.214 0.126 -0.182
-9.4712e-09 2.79202e-08 -8.06678e-09 0 0 0
-2.33208e-08 -2.91202e-08 -5.87269e-09 0 0 0
0.179223 0.101954 0.135702 0.171 0.111 0.119
-2.04017e-08 -3.40774e-08 4.43073e-08 0 0 0
4.26642e-08 -3.41185e-08 -4.53735e-08 0 0 0
0.107872 0.242383 0.0962674 0.105 0.253 0.093
-1.75789e-08 -5.28066e-08 1.54258e-08 0 0 0
-4.29631e-09 -3.47168e-09 -2.25987e-08 0 0 0
0.0740189 -0.244111 -0.159894 0.102 -0.23 -0.158
4.39853e-08 -2.91036e-08 -2.78522e-08 0 0 0
-3.48283e-09 2.62827e-08 -5.96136e-09 0 0 0
0.225753 0.0283141 -0.0900566 0.216 0.034 -0.083
4.35965e-08 3.53651e-08 -2.82297e-08 0 0 0
-1.24892e-08 -1.04353e-08 -5.07007e-08 0 0 0
0.171877 -0.175548 0.181784 0.163 -0.178 0.178
7.71999e-08 3.48347e-08 3.92565e-08 0 0 0
-3.85873e-08 1.1313e-09 -1.14468e-08 0 0 0
0.176585 0.259302 0.0862239 0.159 0.259 0.092
-1.45395e-08 2.7851e-08 3.30104e-08 0 0 0
4.52867e-08 -2.71155e-08 -1.75977e-08 0 0 0
0.0761524 0.242005 0.236728 0.07 0.245 0.23
-1.5092e-08 6.1197e-09 -3.3455e-08 0 0 0
-1.58854e-08 3.18522e-08 4.01681e-08 0 0 0
0.265876 0.13827 -0.00530276 0.264 0.135 -0.004
4.66081e-08 -4.42349e-08 3.07866e-08 0 0 0
1.90771e-08 4.02265e-08 -1.39074e-08 0 0 0
-0.263755 -0.0120092 -0.213687 -0.273 -0.016 -0.219
2.93287e-08 -1.23395e-08 -5.92624e-08 0 0 0
-6.01659e-08 -1.47869e-08 2.59601e-08 0 0 0
0.0508698 0.123868 -0.154139 0.06 0.131 -0.152
-2.96809e-09 4.18255e-09 -6.64161e-08 0 0 0
-1.93385e-08 -2.49177e-08 3.23783e-08 0 0 0
0.0231242 0.224685 0.216705 0.004 0.224 0.214
-1.06188e-08 -1.67533e-08 1.29877e-08 0 0 0
-4.95646e-08 1.12636e-09 1.78923e-08 0 0 0
0.152522 -0.261672 -0.109646 0.155 -0.258 -0.104
9.7905e-09 1.63116e-08 1.26469e-08 0 0 0
4.45682e-08 -1.68607e-08 -4.16159e-08 0 0 0
0.253336 0.106795 -0.07087 0.251 0.112 -0.071
1.03281e-08 3.46462e-08 -5.65448e-09 0 0 0
4.0943e-08 1.92712e-08 -3.05569e-08 0 0 0
-0.172321 0.280061 -0.0781936 -0.134 0.285 -0.089
1.04479e-09 3.23447e-08 -2.2807e-08 0 0 0
-5.3983e-08 -1.14625e-08 5.26227e-10 0 0 0
0.199749 0.141346 0.0911088 0.187 0.128 0.09
1.61861e-10 1.56994e-09 1.85024e-08 0 0 0
-4.47786e-08 1.51786e-08 4.2344e-08 0 0 0
-0.0372567 0.190128 -0.0859418 -0.032 0.193 -0.084
-2.10485e-08 5.38359e-08 6.83126e-09 0 0 0
-2.72714e-08 9.69879e-09 4.68116e-08 0 0 0
0.112501 0.107188 0.253223 0.106 0.096 0.254
2.01408e-08 -2.5521e-08 2.78367e-08 0 0 0
-1.85668e-09 -2.54907e-08 -4.72423e-08 0 0 0
0.0859031 0.0695939 0.236523 0.076 0.077 0.241
1.19496e-08 1.16488e-09 1.26067e-08 0 0 0
-3.69913e-09 3.07383e-08 -2.9037e-08 0 0 0
0.269724 -0.122144 0.095203 0.259 -0.109 0.089
-4.08112e-08 1.56218e-08 7.65466e-08 0 0 0
-5.44774e-09 -1.90521e-08 -3.42168e-08 0 0 0
-0.122181 0.280338 -0.132781 -0.117 0.28 -0.123
2.8965e-09 3.11948e-09 -2.57012e-08 0 0 0
3.68402e-08 -2.42354e-08 -1.15677e-08 0 0 0
0.210552 -0.0906499 -0.257102 0.204 -0.098 -0.246
-2.20284e-08 -4.81212e-09 9.87607e-09 0 0 0
3.90564e-09 -3.84031e-08 -4.49774e-08 0 0 0
0.222894 -0.0848371 -0.0554679 0.225 -0.101 -0.049
2.13082e-08 -2.21145e-08 -2.54292e-08 0 0 0
-2.70084e-09 1.54382e-11 4.73412e-08 0 0 0
0.176979 0.153483 -0.0473694 0.18 0.165 -0.053
-1.28547e-08 3.87705e-08 1.03247e-08 0 0 0
5.03955e-08 -2.58024e-08 -2.43912e-08 0 0 0
-0.0246656 0.347508 -0.00702564 -0.012 0.358 -0.005
3.67983e-08 1.4819e-08 -1.34358e-10 0 0 0
2.90792e-08 6.91635e-09 1.08727e-08 0 0 0
-0.123613 0.218829 -0.147712 -0.119 0.22 -0.15
1.3637e-09 -3.26696e-09 6.89988e-10 0 0 0
5.69025e-09 2.44114e-08 1.04061e-08 0 0 0
-0.140502 0.165994 -0.0448739 -0.141 0.167 -0.053
1.038e-08 -7.10286e-09 -5.20984e-08 0 0 0
-5.51082e-08 2.4026e-08 2.59907e-08 0 0 0
0.171938 0.176962 -0.157591 0.172 0.165 -0.157
2.15721e-08 5.1483e-08 -2.28315e-08 0 0 0
-9.21349e-09 -5.28404e-08 -9.94518e-09 0 0 0
0.09539 -0.107373 -0.108697 0.079 -0.12 -0.117
2.76405e-08 7.6898e-10 -1.63883e-08 0 0 0
3.49697e-08 -2.62294e-08 -6.15776e-08 0 0 0
-0.313163 0.0839359 0.0566908 -0.302 0.073 0.056
-1.44238e-08 7.55161e-09 -1.98215e-08 0 0 0
-2.99566e-08 7.21064e-09 3.83942e-08 0 0 0
0.121271 0.0230922 0.135572 0.109 0.034 0.129
-2.36958e-08 2.00117e-08 4.62068e-08 0 0 0
-1.90134e-08 -7.42945e-10 2.98858e-08 0 0 0
0.115254 0.171294 -0.127958 0.119 0.17 -0.129
9.27261e-09 5.67881e-08 -9.37314e-09 0 0 0
-8.48648e-10 -2.34644e-08 -4.50198e-08 0 0 0
0.250173 0.112712 0.0482636 0.253 0.108 0.048
-3.62594e-08 1.26277e-09 3.056e-09 0 0 0
-1.34546e-08 6.7085e-09 2.02683e-08 0 0 0
0.261927 -0.0701907 0.162272 0.253 -0.08 0.152
8.73008e-09 -5.49166e-08 1.98269e-08 0 0 0
7.71688e-08 -4.18489e-09 -1.67876e-08 0 0 0
-0.0790315 0.253278 0.0469556 -0.071 0.251 0.05
3.76958e-09 7.60662e-09 -1.14427e-08 0 0 0
1.60163e-08 4.83343e-09 -4.29652e-09 0 0 0
-0.164942 0.0648518 0.275698 -0.152 0.085 0.282
-1.40806e-08 2.7544e-08 -5.97746e-08 0 0 0
-1.1671e-08 -2.55785e-08 2.23954e-08 0 0 0
0.099658 0.14341 0.00208548 0.112 0.156 -0.006
-2.92338e-08 7.40712e-08 1.4574e-08 0 0 0
1.51098e-08 -3.49914e-08 4.26252e-09 0 0 0
0.0585804 -0.246435 -0.0144104 0.061 -0.248 -0.018
1.70662e-08 -2.56755e-08 1.67112e-08 0 0 0
1.15827e-08 1.24183e-08 3.48519e-08 0 0 0
0.160312 0.151263 0.29734 0.157 0.14 0.284
-5.07314e-08 -1.46367e-08 3.06803e-08 0 0 0
1.77616e-08 -5.2584e-09 -1.9131e-08 0 0 0
0.00346135 0.0941031 0.111576 -0.001 0.087 0.116
2.80769e-08 -4.79751e-08 4.25525e-08 0 0 0
3.46192e-09 3.30337e-08 3.3254e-08 0 0 0
-0.0871853 0.0349372 -0.119848 -0.092 0.028 -0.138
2.87072e-09 -3.02908e-08 -5.22022e-10 0 0 0
-4.14871e-08 6.07439e-09 -6.74156e-09 0 0 0
0.112332 -0.0457284 0.213005 0.103 -0.05 0.216
1.42849e-08 3.49982e-08 -5.15768e-09 0 0 0
1.15168e-08 -2.66636e-08 2.20145e-08 0 0 0
-0.144955 0.0594761 0.121543 -0.157 0.062 0.129
1.66612e-08 -1.14323e-09 6.87436e-08 0 0 0
-7.33713e-09 1.78102e-08 2.85201e-09 0 0 0
0.0247947 0.261196 -0.0766226 0.02 0.268 -0.067
5.38003e-09 4.99547e-08 -3.65447e-08 0 0 0
-3.44464e-08 2.74685e-08 3.15322e-08 0 0 0
-0.0907586 0.0451812 -0.251074 -0.08 0.043 -0.257
7.0557e-09 4.0263e-08 9.42172e-09 0 0 0
1.1505e-08 1.4167e-09 -6.39767e-08 0 0 0
0.0107023 0.301131 -0.0414447 0.025 0.305 -0.028
3.28623e-08 5.46859e-09 -4.6603e-08 0 0 0
-5.41008e-08 -3.39705e-08 2.6565e-08 0 0 0
-0.0668254 -0.141145 0.287502 -0.074 -0.137 0.28
1.50268e-08 -4.71032e-08 -6.03334e-09 0 0 0
-4.47588e-08 -3.63825e-08 -2.94083e-09 0 0 0
-0.104124 0.232811 -0.018744 -0.104 0.239 -0.014
-1.71624e-08 2.40178e-08 -6.46988e-08 0 0 0
2.88485e-08 1.95385e-08 1.67957e-08 0 0 0
-0.346306 -0.0521584 0.0677662 -0.345 -0.042 0.059
-1.68443e-08 -2.01228e-08 4.6349e-09 0 0 0
8.62814e-09 2.4951e-08 8.66183e-09 0 0 0
0.0432985 0.213675 -0.184499 0.047 0.226 -0.188
-4.62322e-08 8.82563e-09 -2.24704e-08 0 0 0
-1.32627e-08 -2.55304e-08 -6.22139e-08 0 0 0
0.16499 0.0427358 0.132982 0.179 0.039 0.133
3.51905e-08 -1.48004e-08 1.92887e-08 0 0 0
1.85054e-08 2.33e-08 -3.63666e-08 0 0 0
-0.256228 -0.00292248 0.100325 -0.263 -0.01 0.111
4.263e-08 -2.94457e-08 7.82708e-09 0 0 0
3.97252e-08 2.88501e-08 -5.49889e-08 0 0 0
0.165944 0.212881 -0.0758762 0.153 0.214 -0.085
3.13186e-08 -5.09152e-09 -5.58901e-08 0 0 0
1.25153e-08 -3.64952e-08 1.13715e-08 0 0 0
0.193935 0.267729 0.212223 0.19 0.289 0.205
3.77892e-08 4.71153e-08 4.64695e-08 0 0 0
-3.3457e-08 -2.96335e-09 -4.52803e-08 0 0 0
0.303988 0.176562 -0.0589416 0.294 0.186 -0.044
-2.85801e-08 -2.4092e-08 5.54704e-08 0 0 0
-1.236e-08 -3.80579e-08 3.49108e-08 0 0 0
-0.325097 -0.0338392 0.02369 -0.324 -0.033 0.023
-2.91432e-08 -4.78098e-08 4.1309e-08 0 0 0
-1.80567e-09 -1.58852e-08 -6.79818e-09 0 0 0
0.292714 -0.0615021 0.243857 0.303 -0.064 0.237
4.63096e-08 3.18031e-08 -1.31068e-08 0 0 0
-1.92899e-08 1.73101e-08 2.90301e-08 0 0 0
-0.0406696 -0.249969 -0.0621937 -0.03 -0.27 -0.056
4.72318e-08 -3.0988e-08 -1.38017e-08 0 0 0
-1.19664e-08 5.79677e-08 -2.92615e-08 0 0 0
-0.0384274 -0.273879 -0.174301 -0.024 -0.284 -0.173
5.9945e-08 -1.95982e-08 6.70947e-08 0 0 0
-3.63115e-08 1.20928e-08 -9.71091e-09 0 0 0
-0.356025 0.161382 -0.0658648 -0.369 0.15 -0.068
-3.77743e-08 6.27025e-09 2.18154e-08 0 0 0
-3.98864e-09 -2.88533e-08 -2.86064e-08 0 0 0
0.0851144 0.156826 0.0947757 0.072 0.155 0.097
3.23942e-08 1.10362e-10 6.9505e-08 0 0 0
-2.0978e-08 -2.97434e-08 1.8097e-08 0 0 0
0.154708 0.158188 -0.117342 0.149 0.17 -0.116
-5.45726e-08 4.13299e-08 9.76458e-09 0 0 0
2.38635e-08 -8.9856e-10 2.10471e-08 0 0 0
0.0260855 -0.0651589 -0.268669 0.044 -0.068 -0.269
7.55394e-09 6.44393e-10 -4.10965e-08 0 0 0
1.18955e-08 -1.74111e-08 -1.13759e-08 0 0 0
-0.0394997 -0.0639059 0.35659 -0.049 -0.063 0.348
3.47312e-09 -1.24713e-08 4.60211e-09 0 0 0
-1.5876e-08 -1.5154e-08 3.58076e-08 0 0 0
-0.0331801 -0.0437168 -0.182741 -0.031 -0.044 -0.185
3.06798e-09 -1.16149e-08 -5.66775e-08 0 0 0
-3.41428e-08 -4.57319e-08 3.79399e-09 0 0 0
0.0045926 0.198761 0.297408 0.015 0.191 0.292
5.14215e-08 5.67598e-09 1.54997e-09 0 0 0
3.60682e-09 -1.01281e-08 -1.79069e-08 0 0 0
0.217973 -0.147482 0.130337 0.215 -0.159 0.127
-1.98981e-08 -6.50835e-10 -1.32967e-08 0 0 0
3.29014e-09 -4.15995e-10 6.2166e-08 0 0 0
0.0893916 -0.249251 -0.1312 0.082 -0.246 -0.135
1.75064e-08 2.0762e-08 2.20792e-08 0 0 0
1.28526e-08 3.34595e-08 5.36773e-08 0 0 0
0.208879 -0.111796 0.122346 0.201 -0.121 0.121
4.21483e-08 3.9594e-08 -4.94643e-08 0 0 0
-2.69349e-10 -4.12092e-09 -5.23678e-08 0 0 0
0.288217 -0.00969962 0.117986 0.285 -0 0.122
4.01445e-09 3.35237e-08 -7.49153e-09 0 0 0
6.03914e-09 5.3531e-08 2.13954e-08 0 0 0
0.223191 -0.0937204 -0.0330421 0.234 -0.093 -0.027
-9.62784e-09 2.03742e-08 3.10487e-08 0 0 0
3.24326e-08 4.7106e-08 -4.4028e-08 0 0 0
0.0509339 0.243933 -0.178688 0.053 0.238 -0.179
3.27973e-08 4.17509e-08 1.40368e-08 0 0 0
1.14309e-09 -4.61171e-09 -3.46912e-08 0 0 0
0.129717 0.1566 -0.0579121 0.138 0.134 -0.024
-7.32651e-09 2.75597e-08 -7.36131e-09 0 0 0
4.20783e-08 -9.43589e-09 5.82525e-09 0 0 0
0.224255 0.210052 0.081817 0.226 0.22 0.07
1.33063e-08 2.03438e-08 -1.0487e-08 0 0 0
-2.17183e-08 -1.40692e-08 -1.66491e-08 0 0 0
0.0646459 0.0772907 -0.0932715 0.059 0.08 -0.064
-3.13808e-08 8.56336e-10 2.67973e-09 0 0 0
2.13585e-08 3.13161e-08 -6.77653e-08 0 0 0
0.148418 0.329755 -0.00688009 0.139 0.325 -0.008
4.79807e-08 -1.91119e-08 -3.8994e-08 0 0 0
-1.27951e-08 -2.74915e-08 3.27214e-08 0 0 0
0.128941 -0.129539 0.0419676 0.127 -0.131 0.038
-1.82557e-08 -4.92087e-08 4.97272e-08 0 0 0
4.03941e-08 4.14111e-08 2.70044e-08 0 0 0
0.129623 0.0349279 -0.300177 0.125 0.036 -0.297
3.06094e-08 -2.19428e-08 -4.37454e-08 0 0 0
8.24316e-09 9.17561e-09 3.36126e-09 0 0 0
-0.175217 0.248648 0.021919 -0.179 0.277 0.037
2.08196e-09 -4.01393e-08 4.8087e-08 0 0 0
-1.52403e-08 3.07256e-11 -3.09081e-08 0 0 0
-0.0547184 -0.200654 0.21443 -0.06 -0.2 0.225
3.29889e-08 -1.48593e-08 -7.47139e-09 0 0 0
1.72632e-08 2.0355e-08 2.86296e-08 0 0 0
-0.105678 0.13819 -0.0537249 -0.108 0.155 -0.058
-3.80939e-08 1.30236e-08 1.92815e-09 0 0 0
2.73131e-08 2.53957e-08 8.30402e-09 0 0 0
-0.058888 0.271136 0.358349 -0.067 0.305 0.358
-2.11087e-08 5.11988e-09 -1.20228e-09 0 0 0
-3.02135e-08 -5.88542e-09 -2.3341e-08 0 0 0
0.0837697 0.0752922 0.101736 0.117 0.069 0.106
4.06018e-09 -2.08971e-09 2.93433e-08 0 0 0
5.19108e-09 9.90912e-09 2.49756e-09 0 0 0
0.383489 -0.00409741 0.044717 0.379 -0.012 0.06
-2.11961e-10 4.41264e-08 2.45142e-08 0 0 0
1.46283e-08 -2.87602e-08 -3.07844e-09 0 0 0
0.161477 -0.0389063 -0.212636 0.17 -0.039 -0.222
1.49735e-08 3.71462e-08 -8.29837e-08 0 0 0
8.56797e-09 -3.17271e-08 4.75778e-09 0 0 0
0.215389 -0.044054 -0.205592 0.215 -0.035 -0.216
4.93461e-09 -2.40741e-08 -7.59476e-09 0 0 0
-1.75388e-08 5.04717e-09 3.0831e-08 0 0 0
0.17827 -0.232772 -0.013181 0.185 -0.224 -0.015
-1.49277e-09 3.29932e-08 -1.24275e-08 0 0 0
-2.19279e-08 -5.04986e-08 1.22084e-08 0 0 0
0.31876 0.18653 0.0497981 0.322 0.191 0.044
-5.32598e-09 4.21494e-08 3.91708e-08 0 0 0
1.64129e-08 -3.14983e-08 -1.63772e-08 0 0 0
0.254783 0.276511 0.0362884 0.25 0.292 0.031
-1.84073e-08 9.72023e-09 1.29822e-08 0 0 0
-1.31526e-08 -4.375e-09 5.48774e-08 0 0 0
-0.232685 -0.0516176 -0.0613884 -0.272 -0.05 -0.057
-9.87899e-09 4.42488e-08 4.30308e-09 0 0 0
9.83747e-09 -1.01205e-08 -4.26206e-09 0 0 0
0.119588 -0.073385 -0.248039 0.113 -0.066 -0.254
-2.51663e-08 2.45875e-08 -6.04519e-09 0 0 0
5.34968e-09 -1.24713e-08 1.78319e-08 0 0 0
0.144851 -0.121683 -0.224113 0.151 -0.122 -0.219
1.87448e-09 -3.40519e-08 -2.76546e-08 0 0 0
1.42115e-08 4.43379e-08 6.82502e-09 0 0 0
-0.192393 0.248051 -0.0101321 -0.195 0.238 -0.012
-6.21863e-08 2.47342e-08 -1.52354e-08 0 0 0
1.83932e-08 4.33661e-08 -2.18398e-08 0 0 0
-0.208407 0.028739 0.016448 -0.209 0.01 0.023
4.06939e-08 -1.8462e-08 2.06333e-08 0 0 0
1.49917e-09 -2.46914e-08 -3.22246e-08 0 0 0
-0.205934 -0.0406144 0.286916 -0.21 -0.034 0.287
-1.04031e-08 1.5313e-08 1.60214e-09 0 0 0
-4.30447e-08 -4.10196e-08 -2.99712e-08 0 0 0
0.097536 -0.158763 -0.0994741 0.105 -0.156 -0.073
2.25804e-08 3.33422e-09 2.98906e-08 0 0 0
-2.7732e-08 -5.18273e-09 -6.54686e-09 0 0 0
0.212997 0.148381 -0.0156056 0.229 0.159 -0.029
-2.51289e-08 1.10315e-08 1.77084e-08 0 0 0
3.16883e-08 -2.40772e-08 1.5169e-08 0 0 0
0.289796 -0.0243704 0.10001 0.28 -0.028 0.105
7.34101e-10 -1.1599e-08 6.56973e-09 0 0 0
1.79443e-08 -2.40251e-08 -1.81651e-08 0 0 0
0.195931 0.274548 0.151713 0.177 0.298 0.152
-1.07942e-08 -9.15038e-09 1.43084e-08 0 0 0
2.77349e-08 -8.53941e-09 -2.52332e-08 0 0 0
-0.228765 -0.0770722 0.0610568 -0.222 -0.089 0.073
-1.80157e-08 8.32845e-08 3.50323e-08 0 0 0
1.86915e-08 3.00073e-08 2.29148e-08 0 0 0
0.133365 0.236486 -0.105824 0.138 0.234 -0.098
-7.78167e-09 -1.00663e-08 -2.83066e-09 0 0 0
-5.15301e-08 3.48257e-08 -2.14781e-09 0 0 0
0.0946595 -0.225741 0.241777 0.081 -0.236 0.27
4.2119e-09 -2.39264e-08 5.88496e-09 0 0 0
8.14657e-09 2.79422e-09 -5.43984e-08 0 0 0
0.136462 0.0586375 0.220916 0.144 0.056 0.223
-1.2208e-09 9.33045e-09 1.56178e-08 0 0 0
-2.56802e-08 -5.08802e-08 4.26185e-08 0 0 0
0.200752 0.173455 0.120481 0.203 0.167 0.117
6.92272e-09 8.80217e-09 4.84553e-09 0 0 0
-1.45788e-08 5.13743e-09 -4.71594e-09 0 0 0
-0.200601 0.009197 -0.276243 -0.186 0.014 -0.267
-2.63529e-09 2.97523e-08 1.58213e-08 0 0 0
-4.45228e-08 5.77439e-09 -2.55689e-08 0 0 0
-0.146987 -0.0313101 0.383727 -0.143 -0.044 0.361
-1.65374e-08 -4.69923e-08 4.59184e-09 0 0 0
2.70366e-08 3.51272e-08 1.04449e-08 0 0 0
-0.065699 0.246613 0.0908955 -0.08 0.248 0.092
-6.25713e-09 -3.00923e-08 -3.41239e-09 0 0 0
-1.32261e-08 -3.49352e-08 -1.04278e-08 0 0 0
0.0706509 0.237612 -0.0839805 0.089 0.254 -0.093
3.72208e-09 6.64806e-09 -3.34207e-10 0 0 0
-3.89487e-08 1.46118e-08 1.72545e-08 0 0 0
-0.094821 0.177647 -0.244282 -0.097 0.176 -0.235
-2.38819e-09 3.60383e-08 3.36681e-08 0 0 0
-1.61616e-08 -2.10725e-08 6.27806e-09 0 0 0
-0.110183 0.28005 -0.141454 -0.1 0.301 -0.167
4.34912e-08 -4.93312e-08 3.46407e-08 0 0 0
-2.08956e-08 -4.56476e-09 1.51984e-08 0 0 0
-0.0859788 -0.0612174 0.221162 -0.078 -0.057 0.234
5.11903e-08 1.44179e-08 4.25276e-09 0 0 0
-2.22458e-08 -1.94332e-08 5.61279e-08 0 0 0
-0.0681354 0.19371 -0.028867 -0.07 0.193 -0.033
-2.54496e-08 5.61989e-08 -2.35578e-08 0 0 0
6.53589e-08 1.87899e-08 5.1093e-09 0 0 0
-0.102649 -0.0760939 0.0753045 -0.101 -0.08 0.059
1.65184e-08 -3.37038e-08 2.09611e-09 0 0 0
-2.59844e-09 -2.90339e-08 -8.74334e-08 0 0 0
0.122421 0.233253 -0.125513 0.117 0.24 -0.126
2.18354e-08 -1.69807e-08 -5.89029e-09 0 0 0
-3.63974e-08 1.27451e-08 -2.49272e-08 0 0 0
0.119879 0.112855 -0.210921 0.118 0.105 -0.196
3.51472e-08 4.80009e-09 -1.36869e-08 0 0 0
-1.00923e-08 3.88017e-08 4.08985e-08 0 0 0
-0.11525 -0.178372 0.242279 -0.118 -0.178 0.235
4.67238e-08 -9.13836e-09 -5.28221e-08 0 0 0
-3.1436e-08 -2.05105e-08 2.98592e-09 0 0 0
0.272433 0.162851 -0.200392 0.266 0.154 -0.196
3.98988e-09 -8.94197e-09 1.04223e-08 0 0 0
9.75544e-09 -5.32379e-09 -6.61052e-08 0 0 0
0.0935717 0.265873 0.0760508 0.106 0.266 0.066
3.02218e-08 2.56489e-08 -1.87692e-09 0 0 0
-1.66885e-08 4.36695e-08 -9.02898e-09 0 0 0
0.0910579 0.159026 -0.0810549 0.089 0.167 -0.082
1.63424e-08 -5.71682e-08 1.09571e-08 0 0 0
-4.87232e-08 4.81347e-08 2.36519e-08 0 0 0
-0.297332 0.0175496 -0.0122985 -0.296 0.027 -0.023
-6.7467e-09 -4.83805e-08 2.3212e-08 0 0 0
-7.16294e-08 -2.23698e-09 4.02905e-08 0 0 0
0.286853 -0.00953857 0.181815 0.291 -0.002 0.179
5.73672e-08 3.05815e-08 -1.22648e-08 0 0 0
-2.87151e-08 3.1065e-08 3.67663e-08 0 0 0
-0.154403 -0.00863161 -0.304889 -0.159 -0.016 -0.31
3.16668e-09 -3.47043e-08 -4.40062e-08 0 0 0
-4.17889e-08 -2.83257e-08 1.79005e-08 0 0 0
-0.0338982 -0.210594 -0.0106235 -0.025 -0.209 -0.003
5.53681e-08 -1.08549e-08 2.85426e-08 0 0 0
3.0773e-09 -6.23989e-09 -2.32659e-08 0 0 0
-0.162886 0.189953 -0.244397 -0.166 0.184 -0.246
-4.12329e-08 2.99366e-08 1.10018e-08 0 0 0
-1.93568e-09 1.56557e-08 -4.10187e-08 0 0 0
-0.0313815 0.207646 0.0325858 -0.03 0.214 0.035
1.73506e-08 -2.12907e-08 1.78771e-08 0 0 0
1.34143e-08 -6.05715e-09 7.42667e-08 0 0 0
0.0827867 0.189638 -0.0228979 0.076 0.199 -0.031
-6.21163e-08 4.63836e-08 1.72525e-08 0 0 0
5.11178e-08 3.22695e-10 3.75598e-08 0 0 0
-0.099055 -0.129003 -0.261397 -0.086 -0.123 -0.256
8.85449e-09 1.70849e-08 -2.38936e-08 0 0 0
4.67569e-08 1.29534e-09 1.51327e-08 0 0 0
-0.0400995 -0.203344 0.0588483 -0.078 -0.186 0.039
1.23072e-08 3.10189e-08 2.05631e-08 0 0 0
-3.63627e-08 -6.51198e-08 1.01518e-08 0 0 0
-0.273904 0.0540106 -0.16649 -0.283 0.059 -0.177
-4.55672e-08 4.16127e-08 -1.03411e-08 0 0 0
-1.79067e-08 2.11511e-09 -3.60125e-08 0 0 0
0.0871803 0.105224 0.173368 0.08 0.091 0.181
4.93544e-09 3.90396e-08 2.09294e-08 0 0 0
1.22075e-08 -3.20652e-09 1.62845e-08 0 0 0
0.176724 -0.192149 0.125278 0.17 -0.186 0.128
7.04899e-09 -3.38923e-08 2.50039e-08 0 0 0
-4.92632e-08 -2.04855e-08 -1.36121e-08 0 0 0
0.139387 -0.0932278 -0.0563544 0.143 -0.087 -0.054
2.65289e-08 -1.04647e-08 2.79068e-08 0 0 0
4.12988e-08 -7.63546e-09 -6.89531e-08 0 0 0
0.323783 -0.227286 0.0447736 0.323 -0.221 0.049
3.59137e-09 3.1148e-08 -2.47175e-08 0 0 0
-5.49811e-08 -1.45035e-09 -2.53565e-08 0 0 0
0.200359 0.0329001 0.103109 0.202 0.029 0.086
7.38013e-09 5.89651e-08 4.21557e-08 0 0 0
-4.18904e-09 6.76317e-09 5.72472e-08 0 0 0
0.335347 -0.0756343 -0.102728 0.323 -0.081 -0.094
1.26413e-08 2.02442e-08 -3.95299e-08 0 0 0
1.63685e-08 2.97905e-08 3.29315e-09 0 0 0
0.230399 0.197218 -0.103716 0.238 0.197 -0.107
-2.81381e-08 3.47635e-08 -3.02196e-08 0 0 0
4.70658e-09 -1.63453e-09 -7.244e-08 0 0 0
0.152871 0.140011 0.0767148 0.163 0.131 0.082
7.7973e-09 -3.82393e-09 2.4585e-08 0 0 0
3.41226e-09 2.1999e-08 -2.45177e-08 0 0 0
-0.0266448 0.209239 -0.124339 -0.024 0.226 -0.111
-4.47362e-08 4.7758e-09 1.25761e-08 0 0 0
7.06614e-08 -5.3053e-08 -1.1202e-08 0 0 0
-0.142066 0.0483705 -0.134556 -0.133 0.035 -0.145
-2.85612e-09 -2.85357e-08 -2.89914e-08 0 0 0
2.48735e-08 4.0603e-10 -3.41528e-08 0 0 0
0.173997 0.164467 0.225126 0.167 0.153 0.233
-4.68327e-08 -3.5183e-08 -1.12491e-08 0 0 0
2.48944e-08 -2.34772e-09 -3.72849e-08 0 0 0
0.138678 -0.0374409 0.0679937 0.146 -0.038 0.065
-1.51535e-09 1.21914e-08 -4.13124e-09 0 0 0
1.42973e-08 -4.55491e-08 5.35098e-08 0 0 0
0.085793 0.0198831 -0.351019 0.101 0.011 -0.342
9.646e-09 -3.16443e-08 -2.87053e-08 0 0 0
1.29761e-08 -6.22893e-08 -2.16792e-08 0 0 0
-0.0695733 0.268277 0.0641673 -0.052 0.271 0.058
-4.38611e-08 -1.66254e-08 -1.00954e-08 0 0 0
-3.12489e-10 2.08866e-08 -1.46366e-08 0 0 0
0.176007 0.143698 0.0749825 0.176 0.148 0.063
-2.51756e-08 7.41343e-08 8.46857e-09 0 0 0
4.97029e-08 -4.12459e-08 1.237e-10 0 0 0
-0.0172676 0.161655 -0.241344 -0.02 0.167 -0.241
1.73916e-08 1.67394e-08 3.27929e-08 0 0 0
-2.87789e-08 -5.54537e-09 2.51936e-09 0 0 0
-0.193533 0.208151 0.212055 -0.187 0.211 0.198
-1.19816e-08 6.76806e-10 -3.20793e-09 0 0 0
3.9928e-08 4.66805e-08 -5.65807e-09 0 0 0
0.249315 -0.00298158 0.186578 0.253 0.006 0.185
1.69777e-08 1.83812e-08 -7.10104e-09 0 0 0
2.74368e-08 -8.86129e-09 1.52004e-08 0 0 0
0.24828 -0.0273346 -0.0310225 0.255 -0.041 -0.023
1.25198e-08 -3.3064e-08 -2.91659e-08 0 0 0
7.58002e-08 1.07688e-08 3.96263e-08 0 0 0
0.213033 -0.0581429 -0.168753 0.203 -0.062 -0.172
1.26926e-08 -6.52306e-08 2.65136e-08 0 0 0
1.33006e-08 5.25441e-08 -3.82906e-08 0 0 0
0.126036 -0.0214131 -0.171291 0.134 -0.019 -0.18
-4.25975e-09 -2.41863e-09 -2.91394e-08 0 0 0
-1.47617e-08 6.79881e-09 3.40897e-08 0 0 0
0.242586 -0.00896728 0.0109612 0.246 -0.008 0.014
-1.06859e-08 -2.85732e-08 -5.4327e-08 0 0 0
5.06565e-08 -6.51901e-08 -1.2634e-08 0 0 0
0.326942 0.138312 -0.0888072 0.313 0.15 -0.087
-6.88601e-08 5.02789e-08 -1.39708e-08 0 0 0
-2.69265e-08 2.86807e-08 6.97587e-09 0 0 0
0.0575312 0.193447 -0.0225099 0.058 0.197 -0.008
-1.50592e-08 -2.37801e-08 3.27625e-08 0 0 0
1.97756e-08 2.6466e-08 -3.30471e-08 0 0 0
-0.149989 0.140361 -0.169594 -0.152 0.139 -0.173
5.80333e-09 -4.77419e-09 -8.74079e-08 0 0 0
8.10127e-09 -2.16905e-08 -5.26632e-09 0 0 0
-0.0667889 -0.35177 -0.149162 -0.074 -0.367 -0.151
-1.65093e-08 4.19267e-08 2.23343e-08 0 0 0
5.27595e-08 3.39138e-08 6.09224e-09 0 0 0
0.169239 -0.123673 -0.251585 0.161 -0.127 -0.257
7.43292e-09 -3.17757e-08 -5.15133e-08 0 0 0
-2.34501e-08 2.73835e-08 -1.72315e-08 0 0 0
-0.0196267 0.172568 -0.0307035 -0.045 0.192 -0.03
-2.99243e-08 -2.81637e-08 9.10924e-09 0 0 0
1.10065e-08 9.44708e-09 8.13369e-09 0 0 0
-0.262272 -0.0054492 -0.110704 -0.257 -0.015 -0.109
-2.26624e-08 4.54746e-08 -7.46626e-09 0 0 0
-9.79653e-09 -2.87397e-08 2.54214e-08 0 0 0
-0.213559 0.149727 0.260041 -0.226 0.148 0.26
-7.09681e-08 -1.19741e-08 8.7379e-11 0 0 0
3.534e-08 4.38357e-08 3.33728e-08 0 0 0
0.256399 0.154689 -0.197874 0.261 0.156 -0.195
-3.2725e-09 -2.06077e-08 -1.23723e-09 0 0 0
-2.29928e-08 1.52146e-09 -1.0364e-08 0 0 0
0.169322 -0.205795 -0.0865612 0.159 -0.213 -0.094
-1.7116e-08 7.94753e-08 3.32755e-09 0 0 0
-1.6217e-08 9.80993e-09 5.04144e-09 0 0 0
0.168237 -0.0455114 0.164794 0.169 -0.052 0.158
1.86377e-08 -3.36236e-08 -1.21288e-08 0 0 0
2.66634e-08 -1.88374e-08 -4.16355e-09 0 0 0
0.34764 0.127638 -0.0216399 0.342 0.117 -0.008
3.22667e-08 4.63521e-08 -1.51558e-08 0 0 0
-8.81322e-09 4.57557e-08 -1.43828e-09 0 0 0
-0.16396 -0.167557 0.0530437 -0.165 -0.172 0.062
-3.82464e-08 3.21779e-08 3.39814e-08 0 0 0
2.60139e-08 -1.55711e-08 1.75256e-08 0 0 0
0.269655 0.128337 0.0896973 0.268 0.125 0.089
-5.80065e-08 4.42724e-08 -3.55268e-09 0 0 0
2.80609e-08 -7.01861e-10 -9.44026e-09 0 0 0
0.0871204 -0.248598 -0.111417 0.091 -0.236 -0.122
-6.53602e-09 1.82269e-08 1.07604e-08 0 0 0
6.28317e-08 1.16541e-08 -2.06837e-08 0 0 0
0.121109 0.033018 0.102171 0.135 0.031 0.107
-4.553e-08 3.07288e-09 -5.09777e-09 0 0 0
2.41726e-09 1.34045e-09 3.17079e-08 0 0 0
0.29614 0.194921 -0.0422203 0.292 0.2 -0.044
-3.516e-08 3.38854e-08 -5.38187e-09 0 0 0
1.14964e-08 6.59685e-09 2.27313e-08 0 0 0
-0.184178 0.251914 -0.0678836 -0.17 0.236 -0.046
8.15099e-09 -8.65028e-09 -8.22177e-09 0 0 0
1.04997e-08 2.37853e-08 1.2453e-08 0 0 0
0.0697079 -0.257476 -0.128658 0.057 -0.265 -0.122
-9.14619e-09 -6.32971e-10 -2.73381e-08 0 0 0
2.66662e-08 -2.65455e-08 -2.86724e-08 0 0 0
-0.0473157 0.169587 0.088981 -0.058 0.192 0.103
-6.50328e-09 -8.28303e-09 -3.47294e-08 0 0 0
-1.08504e-09 -5.31657e-08 1.29768e-09 0 0 0
-0.169366 0.202526 -0.179071 -0.163 0.176 -0.197
-3.3069e-08 2.92635e-08 2.20963e-08 0 0 0
-3.19827e-08 -3.01366e-08 -6.17522e-08 0 0 0
0.139715 0.0321844 0.261495 0.132 0.017 0.259
-4.0677e-08 -1.01436e-08 4.56532e-08 0 0 0
6.78202e-09 -6.41883e-09 2.37307e-08 0 0 0
0.0631083 -0.240767 -0.0100474 0.062 -0.231 -0.004
-1.09947e-08 -2.00694e-08 -4.10594e-08 0 0 0
-4.83874e-08 -3.99761e-08 3.12496e-08 0 0 0
0.298563 -0.140356 0.191227 0.294 -0.143 0.164
1.80169e-08 -2.66194e-08 -6.38744e-10 0 0 0
-1.78312e-08 -2.24342e-08 -6.3897e-08 0 0 0
0.00447263 0.0981291 -0.226745 0.009 0.085 -0.23
5.57491e-08 1.1747e-08 -1.92155e-08 0 0 0
-1.73055e-08 -9.27572e-09 -3.96157e-08 0 0 0
-0.00850395 -0.0709307 0.113381 -0.01 -0.079 0.123
-1.2754e-08 2.77387e-08 2.70752e-08 0 0 0
-5.43228e-08 -9.5037e-09 8.38254e-09 0 0 0
0.0320729 -0.0346794 -0.212052 0.026 -0.045 -0.23
1.63031e-08 -6.02691e-09 -5.24961e-08 0 0 0
-4.14892e-08 2.3465e-08 -1.57534e-08 0 0 0
0.132719 0.0501561 0.308231 0.126 0.044 0.305
1.29402e-08 2.67049e-08 2.2101e-08 0 0 0
9.62904e-10 1.40578e-09 -4.55766e-08 0 0 0
-0.284498 -0.0589431 -0.13773 -0.297 -0.046 -0.12
1.84543e-09 4.89411e-08 -3.58321e-08 0 0 0
-1.38287e-09 -1.65255e-08 -5.9105e-08 0 0 0
0.350529 0.10924 0.246918 0.363 0.106 0.248
-4.86651e-09 -1.8962e-08 1.02228e-09 0 0 0
-3.8681e-08 5.03101e-08 3.19304e-08 0 0 0
-0.286727 -0.0760248 -0.0761522 -0.283 -0.064 -0.07
-3.65015e-09 -5.64246e-09 1.15343e-08 0 0 0
-3.91216e-09 -6.33323e-08 -5.04828e-08 0 0 0
0.342671 0.0693716 -0.0604132 0.343 0.079 -0.049
-1.69389e-09 2.74264e-08 3.5843e-08 0 0 0
-1.16704e-08 -4.34336e-08 -2.18639e-08 0 0 0
-0.250104 0.0827769 -0.0468888 -0.255 0.062 -0.032
3.20462e-08 1.52253e-08 -8.39957e-09 0 0 0
-2.43958e-08 -4.64523e-09 1.38599e-08 0 0 0
0.295783 0.0550558 0.240979 0.298 0.063 0.263
-4.04601e-09 1.59561e-08 8.47811e-09 0 0 0
2.38165e-08 7.14053e-09 -3.47489e-08 0 0 0
-0.0819065 2.03028e-05 -0.284329 -0.091 0.006 -0.287
1.04863e-08 -1.78851e-08 2.34597e-08 0 0 0
-1.19404e-09 -1.59099e-08 -4.77401e-09 0 0 0
0.05778 -0.090583 -0.344486 0.034 -0.089 -0.337
1.54998e-08 1.68319e-08 -2.9036e-08 0 0 0
8.4838e-09 -1.10644e-08 8.11596e-09 0 0 0
-0.160562 0.24224 0.28671 -0.165 0.26 0.293
-4.14485e-08 2.62981e-08 2.11209e-09 0 0 0
4.35157e-08 -1.93043e-08 -2.09056e-08 0 0 0
0.130416 0.233664 -0.157815 0.125 0.233 -0.161
1.88348e-08 -1.0854e-08 -2.73475e-08 0 0 0
-4.64785e-08 3.61505e-09 3.5478e-08 0 0 0
0.162037 0.11624 0.199251 0.158 0.118 0.195
-1.76406e-08 8.67626e-09 -3.65313e-08 0 0 0
1.00163e-08 -1.53194e-08 4.90019e-08 0 0 0
-0.0786137 -0.141279 -0.162123 -0.089 -0.124 -0.152
8.3067e-09 -5.6601e-08 -2.06046e-08 0 0 0
-5.72804e-08 7.71423e-09 1.61838e-08 0 0 0
-0.0313936 -0.160075 0.264789 -0.025 -0.159 0.27
-5.45188e-08 -2.66477e-08 4.73513e-09 0 0 0
1.85885e-08 3.44152e-08 3.31724e-08 0 0 0
-0.201074 0.15746 -0.00292814 -0.19 0.168 0.013
-6.4396e-09 -7.12045e-09 -8.13372e-09 0 0 0
2.94996e-08 -1.39374e-08 2.32718e-08 0 0 0
0.179539 0.16724 0.15363 0.182 0.168 0.154
-1.60385e-08 2.42969e-08 2.33148e-08 0 0 0
-3.39124e-08 -3.23747e-08 4.56759e-08 0 0 0
0.195814 -0.0310622 0.181212 0.196 -0.036 0.167
2.73902e-08 -4.78084e-08 1.04901e-08 0 0 0
-2.5232e-08 1.8953e-08 3.32564e-08 0 0 0
0.211495 0.0436287 -0.063608 0.22 0.052 -0.072
2.37609e-08 -3.86705e-09 1.81755e-08 0 0 0
-1.54208e-08 -6.21872e-08 -8.17877e-08 0 0 0
0.0299221 -0.19269 -0.263304 0.036 -0.197 -0.259
3.97848e-08 -1.47035e-08 1.70365e-08 0 0 0
-8.07392e-08 -3.62408e-09 -8.62473e-09 0 0 0
0.18283 -0.167908 0.0563128 0.172 -0.167 0.056
-2.02705e-08 -2.18096e-08 -1.40911e-08 0 0 0
3.67962e-08 -2.96432e-09 -2.58359e-08 0 0 0
0.226448 0.21861 0.0191386 0.224 0.216 0.027
-2.2568e-08 6.1369e-08 -1.36247e-09 0 0 0
1.50639e-08 -1.61175e-08 1.66981e-08 0 0 0
-0.189614 0.270831 0.136902 -0.195 0.293 0.164
4.00217e-08 -6.27332e-09 6.17821e-08 0 0 0
-1.33555e-08 1.49576e-08 -8.15777e-08 0 0 0
0.077052 -0.184885 -0.236821 0.081 -0.172 -0.239
1.23754e-08 1.03598e-08 2.03816e-08 0 0 0
3.30477e-08 1.59741e-08 -1.5839e-09 0 0 0
-0.312857 0.141803 0.170541 -0.317 0.137 0.176
5.80526e-08 -1.60472e-08 1.1126e-08 0 0 0
-4.97967e-08 -5.42879e-09 1.77385e-08 0 0 0
-0.0574151 0.142896 -0.348509 -0.057 0.154 -0.356
-1.70726e-08 -2.37363e-08 1.03587e-09 0 0 0
2.00477e-08 1.44759e-10 -2.75853e-08 0 0 0
0.208252 0.272923 0.0975964 0.201 0.265 0.087
-1.61681e-08 3.08883e-08 -5.56334e-08 0 0 0
1.95294e-08 7.49472e-09 1.12668e-08 0 0 0
0.292353 -0.0178128 0.0699084 0.295 -0.016 0.078
-5.20194e-08 -1.38128e-08 -5.05696e-08 0 0 0
9.63431e-09 5.29226e-08 -1.18859e-08 0 0 0
-0.0311535 0.143489 -0.269165 -0.039 0.131 -0.292
-1.43493e-08 1.87063e-08 2.50406e-08 0 0 0
3.21128e-08 3.93329e-08 -1.5391e-08 0 0 0
0.134285 0.233699 0.028883 0.129 0.228 0.043
9.28314e-09 6.4311e-08 -3.84499e-08 0 0 0
1.62422e-08 1.78159e-09 4.30179e-08 0 0 0
0.062621 0.191784 0.286374 0.051 0.192 0.283
-1.17765e-08 6.64387e-08 -3.94283e-08 0 0 0
2.46374e-08 -2.7493e-08 1.98001e-08 0 0 0
0.140163 0.247292 0.182347 0.136 0.263 0.181
-3.72574e-08 8.29547e-09 3.92876e-09 0 0 0
-2.7168e-08 -4.16735e-09 2.52317e-08 0 0 0
-0.122094 0.258855 -0.0841628 -0.119 0.272 -0.086
1.45735e-09 -1.45991e-08 1.0713e-08 0 0 0
1.16642e-08 -4.00999e-08 2.95633e-08 0 0 0
0.0126258 0.135724 0.276299 0.014 0.14 0.281
-4.7796e-08 -1.95735e-08 1.58104e-08 0 0 0
4.86239e-08 2.2357e-08 3.79829e-08 0 0 0
-0.0659677 -0.297997 0.162687 -0.077 -0.318 0.159
3.40203e-09 -2.39645e-08 1.38266e-08 0 0 0
-1.84249e-08 -1.63288e-08 2.66638e-08 0 0 0
0.273854 0.0169542 -0.291924 0.282 0.008 -0.294
1.83686e-08 -2.02662e-09 2.11006e-08 0 0 0
-4.709e-09 -2.51554e-08 -3.12481e-09 0 0 0
0.137701 -0.104275 0.18915 0.142 -0.094 0.193
-3.97056e-09 1.25819e-08 -2.75358e-08 0 0 0
6.80364e-08 5.38739e-08 -6.8554e-11 0 0 0
0.12694 -0.188472 -0.131928 0.121 -0.197 -0.126
1.88959e-08 -4.98839e-08 -2.09101e-08 0 0 0
1.04048e-09 2.68792e-08 -3.54178e-08 0 0 0
0.0129641 0.220367 -0.0846969 0.018 0.234 -0.085
-6.41041e-09 1.69284e-08 -5.20671e-09 0 0 0
-1.99547e-08 1.65934e-08 1.5272e-08 0 0 0
0.0290219 0.312834 -0.0885317 0.03 0.315 -0.087
2.69597e-09 -8.57876e-09 -2.6975e-08 0 0 0
-1.06256e-08 -8.21909e-09 5.48371e-08 0 0 0
-0.0227728 0.145308 0.0573168 -0.021 0.142 0.033
1.86944e-08 3.09187e-08 -2.9375e-08 0 0 0
2.5495e-08 2.91172e-08 1.3947e-08 0 0 0
-0.309836 0.108064 -0.0242187 -0.31 0.109 -0.014
-1.84918e-08 1.74658e-08 3.26908e-08 0 0 0
-1.11192e-08 -1.56859e-08 2.79769e-08 0 0 0
0.250093 0.0638142 0.0586425 0.239 0.043 0.081
-1.18798e-08 3.94708e-08 -2.04966e-08 0 0 0
6.5749e-09 -5.99858e-09 1.54708e-08 0 0 0
-0.0683345 -0.119494 -0.267768 -0.093 -0.128 -0.276
1.58753e-09 2.67108e-08 2.19149e-08 0 0 0
-2.12055e-08 8.97659e-09 8.21144e-09 0 0 0
-0.15196 -0.152492 -0.001314 -0.195 -0.115 -0.003
-1.72168e-08 4.54321e-08 1.22019e-08 0 0 0
-1.87274e-08 4.51416e-08 -3.74364e-09 0 0 0
0.0801899 0.121381 0.184992 0.081 0.121 0.192
3.487e-08 -1.36952e-08 4.29311e-08 0 0 0
3.69806e-09 -4.93279e-08 1.56702e-08 0 0 0
0.104754 0.16049 -0.159433 0.107 0.16 -0.153
2.91654e-08 -5.3481e-09 -5.27738e-08 0 0 0
-2.91785e-08 1.09442e-08 1.5895e-08 0 0 0
0.168851 0.12003 -0.137192 0.165 0.11 -0.136
-4.31255e-08 -5.58418e-09 -2.61164e-08 0 0 0
6.61528e-08 9.87201e-09 1.13203e-08 0 0 0
0.26695 0.109191 -0.0654312 0.269 0.116 -0.058
7.9957e-09 3.38176e-08 -1.50742e-08 0 0 0
2.02545e-09 -5.81522e-08 2.16571e-08 0 0 0
0.0829156 0.315057 0.0434389 0.101 0.319 0.031
3.46829e-08 -3.70291e-08 -9.16421e-09 0 0 0
-8.092e-08 4.23065e-08 3.76133e-09 0 0 0
-0.16141 0.00295956 0.0599869 -0.168 -0.036 0.063
1.76874e-08 -8.34672e-09 -1.79023e-08 0 0 0
-3.79002e-08 -4.56515e-08 1.0284e-08 0 0 0
0.0615294 0.271973 -0.173569 0.046 0.263 -0.174
-3.6932e-08 -4.59209e-08 6.04475e-08 0 0 0
-2.50787e-09 -4.79256e-09 1.22932e-08 0 0 0
0.118214 -0.0439877 -0.185135 0.118 -0.044 -0.191
-5.55341e-09 -1.01287e-09 2.96469e-08 0 0 0
1.68848e-08 2.43911e-08 4.48137e-09 0 0 0
0.136814 0.168847 0.277132 0.138 0.154 0.273
5.37505e-08 -1.14866e-08 -3.34611e-08 0 0 0
-1.39499e-09 -1.71709e-08 5.67099e-08 0 0 0
-0.186177 -0.061728 -0.00745382 -0.183 -0.061 -0.005
1.72967e-08 1.13204e-08 5.58763e-08 0 0 0
-8.91695e-08 1.99607e-08 -5.6922e-08 0 0 0
-0.231894 0.0508601 -0.0851749 -0.236 0.085 -0.069
-6.97983e-09 -3.65307e-08 -2.6942e-08 0 0 0
-4.28306e-08 -6.34943e-08 -5.12601e-08 0 0 0
-0.128142 -0.345265 0.158286 -0.13 -0.36 0.144
6.19243e-09 -1.17219e-08 7.41592e-09 0 0 0
6.80472e-08 8.60212e-10 2.27806e-08 0 0 0
-0.00775855 0.119992 0.0773414 -0.018 0.121 0.09
-1.43487e-08 -9.72717e-09 -2.35211e-09 0 0 0
3.67339e-09 4.94732e-08 3.78273e-08 0 0 0
0.0383177 0.157588 -0.17629 0.04 0.148 -0.168
-1.87844e-09 -2.293e-08 -2.82447e-08 0 0 0
-1.54217e-08 1.19564e-08 -1.32098e-08 0 0 0
-0.0373198 0.0612383 -0.226855 -0.039 0.063 -0.232
-1.02917e-08 3.57305e-08 2.1174e-08 0 0 0
-2.32914e-08 -2.24564e-08 1.31899e-08 0 0 0
-0.0676729 0.268794 0.169576 -0.08 0.277 0.152
-3.58815e-08 1.82211e-08 1.80933e-08 0 0 0
2.81555e-08 -3.94249e-08 2.67235e-08 0 0 0
-0.100662 0.0294454 0.316039 -0.092 0.032 0.335
-1.72146e-08 -2.83754e-09 -2.18465e-08 0 0 0
6.53233e-08 -2.56552e-08 2.08723e-08 0 0 0
0.0679192 0.18255 -0.01004 0.068 0.17 0
3.00178e-08 5.2174e-08 2.59054e-08 0 0 0
5.84803e-09 -2.73284e-08 2.8459e-09 0 0 0
-0.205258 -0.170113 0.140806 -0.209 -0.163 0.139
-4.25144e-08 -4.12093e-08 -3.97596e-08 0 0 0
1.9167e-10 -2.74254e-08 1.92323e-08 0 0 0
0.0932676 0.263908 -0.133447 0.093 0.257 -0.136
1.46176e-08 2.96993e-08 -2.80959e-08 0 0 0
-3.62049e-08 3.98607e-08 -2.13533e-08 0 0 0
0.227258 0.0631657 -0.173568 0.228 0.068 -0.177
-4.73817e-09 1.05262e-08 -1.13634e-08 0 0 0
4.3482e-08 9.00294e-09 4.72048e-08 0 0 0
-0.228761 0.213933 0.0498675 -0.227 0.217 0.047
6.09269e-09 4.4164e-09 -2.79322e-09 0 0 0
1.35618e-08 -7.94849e-09 -6.44282e-08 0 0 0
0.206563 0.0562389 -0.167497 0.211 0.047 -0.156
1.19983e-08 7.7833e-09 2.84548e-08 0 0 0
4.88043e-08 -2.01657e-08 -4.69968e-08 0 0 0
0.256823 0.0727296 -0.0351491 0.261 0.08 -0.033
-2.79622e-08 1.07635e-08 3.77518e-08 0 0 0
8.96886e-10 -1.45844e-08 -2.8616e-08 0 0 0
0.181453 0.165289 -0.102567 0.187 0.166 -0.093
-5.93686e-08 2.01633e-08 4.15228e-08 0 0 0
5.90557e-09 -1.84241e-08 -4.11874e-08 0 0 0
-0.312486 0.0357808 0.127347 -0.312 0.043 0.122
-7.31668e-08 -6.3358e-09 3.41171e-08 0 0 0
-4.00612e-08 -6.77947e-09 -1.22411e-08 0 0 0
0.139298 0.074114 0.242707 0.144 0.057 0.238
-2.1154e-08 -3.51014e-09 3.64386e-08 0 0 0
9.13584e-08 1.7453e-08 -5.78776e-08 0 0 0
-0.220691 0.0222011 -0.285244 -0.219 0.023 -0.288
-3.10646e-08 1.69708e-08 -1.97744e-08 0 0 0
-2.13884e-08 -3.69496e-08 3.95056e-09 0 0 0
-0.111104 -0.183797 -0.0169591 -0.104 -0.188 -0.012
-2.76558e-08 1.86614e-08 1.419e-08 0 0 0
2.31045e-08 -1.70021e-08 3.0088e-08 0 0 0
-0.0876046 0.106863 -0.128025 -0.103 0.097 -0.131
-3.12976e-08 1.0051e-08 -6.89624e-08 0 0 0
-1.28006e-08 1.75164e-08 1.575e-08 0 0 0
-0.0319537 0.306234 -0.0369794 -0.019 0.273 -0.047
-1.34485e-08 -5.98144e-09 3.50407e-09 0 0 0
-3.49111e-08 -1.09432e-08 5.64839e-08 0 0 0
0.0558937 0.370472 0.0699976 0.061 0.377 0.082
1.39451e-08 -6.15993e-09 2.10035e-08 0 0 0
-2.23281e-08 4.93526e-08 1.06514e-08 0 0 0
-0.214427 -0.0451933 -0.123539 -0.206 -0.039 -0.122
-8.54607e-09 -1.60624e-08 3.27753e-08 0 0 0
1.68795e-08 2.46453e-08 -2.68015e-08 0 0 0
-0.110917 -0.244672 0.155659 -0.1 -0.262 0.149
1.6855e-08 3.56354e-08 1.99176e-08 0 0 0
4.8959e-09 -4.24197e-08 -9.2841e-09 0 0 0
-0.221416 0.072413 -0.280642 -0.242 0.049 -0.324
-2.43708e-08 3.05757e-08 -7.08651e-09 0 0 0
2.37931e-09 1.69823e-09 -3.26552e-08 0 0 0
0.123794 0.115486 0.242542 0.136 0.11 0.249
-2.96902e-08 -4.69931e-10 -1.49379e-08 0 0 0
3.98133e-08 -6.11304e-08 -2.02049e-08 0 0 0
0.116242 -0.196981 0.23679 0.106 -0.196 0.242
-2.87412e-09 -3.20297e-08 2.21876e-08 0 0 0
-5.82227e-08 -1.03881e-09 1.08225e-08 0 0 0
0.180447 -0.156075 -0.151914 0.187 -0.148 -0.137
2.90856e-08 8.97916e-09 -5.97961e-10 0 0 0
6.93812e-09 -3.3288e-09 -1.91279e-08 0 0 0
0.10751 -0.228303 0.0560285 0.126 -0.226 0.065
-5.42584e-08 2.5414e-08 -9.84785e-09 0 0 0
7.91876e-08 2.02334e-08 6.22892e-09 0 0 0
0.351228 -0.103319 0.0617519 0.345 -0.105 0.061
2.97908e-08 -1.33684e-08 4.90377e-08 0 0 0
-1.60556e-08 4.15155e-08 7.5102e-08 0 0 0
0.282691 -0.0484011 -0.091801 0.283 -0.037 -0.094
-2.11128e-08 1.22979e-08 -3.91463e-08 0 0 0
7.20985e-08 5.05955e-08 1.82233e-08 0 0 0
0.0884189 0.164606 0.0141045 0.092 0.177 0.017
-1.24395e-08 3.71489e-08 1.19476e-08 0 0 0
3.01668e-08 1.62785e-08 1.30574e-08 0 0 0
0.193542 0.0140108 -0.10143 0.197 0.009 -0.096
3.58886e-08 4.37596e-08 5.07592e-09 0 0 0
4.02403e-08 -6.32166e-09 2.10918e-08 0 0 0
0.0461736 0.224816 -0.118722 0.056 0.22 -0.121
-5.15032e-08 2.69249e-08 2.04974e-08 0 0 0
5.67354e-08 -7.42815e-08 -2.63969e-08 0 0 0
-0.129369 0.18514 -0.208384 -0.122 0.189 -0.218
1.94495e-08 -7.95956e-10 -9.82288e-09 0 0 0
-4.73042e-09 -5.54215e-09 3.05323e-08 0 0 0
0.278428 0.0744876 0.188588 0.297 0.07 0.212
-4.04851e-08 1.73611e-08 1.68514e-08 0 0 0
-1.56567e-08 2.35455e-08 -3.62453e-08 0 0 0
0.194657 -0.0314523 0.0441666 0.218 -0.027 0.038
-3.17163e-08 3.74088e-09 5.52297e-10 0 0 0
2.15193e-08 -2.58842e-08 1.59413e-08 0 0 0
0.00978489 0.0158067 -0.365753 0.011 0.01 -0.351
-5.83736e-09 -8.68992e-09 1.44297e-08 0 0 0
-8.11099e-09 -1.25469e-08 3.19672e-10 0 0 0
-0.121596 0.309488 -0.036015 -0.157 0.324 -0.018
-8.60867e-09 -6.29748e-08 -2.86547e-09 0 0 0
1.23955e-08 2.1404e-08 -2.00041e-08 0 0 0
0.130112 0.151419 0.173982 0.128 0.155 0.174
-4.0363e-08 7.62967e-08 -6.56133e-09 0 0 0
3.4387e-08 -1.35898e-08 2.58718e-08 0 0 0
-0.115863 0.310983 -0.0902292 -0.126 0.316 -0.094
3.86021e-09 -2.36625e-08 1.51473e-09 0 0 0
8.29816e-09 1.40137e-08 -1.27025e-08 0 0 0
-0.387239 0.145911 -0.0266395 -0.379 0.139 -0.037
-1.60786e-08 5.24585e-09 6.91158e-09 0 0 0
4.95147e-08 1.16454e-09 2.1745e-08 0 0 0
0.193759 -0.133827 0.211149 0.231 -0.141 0.211
-1.33798e-08 -6.40347e-09 9.90326e-09 0 0 0
-1.49222e-08 2.55907e-08 -5.02238e-09 0 0 0
0.264759 -0.130227 0.0397083 0.254 -0.137 0.04
1.78814e-08 -3.44385e-08 2.86645e-08 0 0 0
3.86934e-08 4.01861e-08 3.32797e-08 0 0 0
0.244749 0.035788 -0.105297 0.253 0.022 -0.1
6.5876e-09 9.18877e-09 -4.25925e-08 0 0 0
4.24978e-09 -7.14084e-08 -2.62885e-08 0 0 0
0.109244 -0.0852039 -0.24677 0.104 -0.082 -0.253
-1.24535e-09 2.8334e-09 -2.87283e-08 0 0 0
-2.30146e-08 8.31699e-09 2.89477e-08 0 0 0
0.212473 -0.128986 0.130909 0.217 -0.132 0.134
-3.39319e-09 -2.35592e-08 -4.04841e-08 0 0 0
-5.3409e-09 -4.0523e-08 1.41711e-08 0 0 0
0.302816 0.211332 -0.118506 0.303 0.219 -0.104
-2.36018e-09 2.85937e-08 3.31172e-09 0 0 0
8.14706e-08 -3.70635e-08 7.39341e-10 0 0 0
0.13503 0.209439 -0.0680654 0.121 0.223 -0.062
-2.67589e-09 1.41714e-08 5.92709e-09 0 0 0
3.94082e-08 2.08049e-08 4.13761e-08 0 0 0
-0.149635 0.165524 -0.000833698 -0.139 0.151 -0.01
-4.44721e-08 -8.96969e-09 5.36929e-08 0 0 0
5.30995e-09 1.03533e-08 -5.02636e-08 0 0 0
-0.0850609 -0.285077 -0.309359 -0.097 -0.311 -0.335
8.10969e-08 3.40324e-08 3.64321e-09 0 0 0
-3.12201e-08 2.53838e-08 -1.21644e-08 0 0 0
0.156293 -0.143975 -0.356027 0.142 -0.145 -0.358
4.68975e-08 -2.34147e-08 -5.53803e-08 0 0 0
-1.59818e-08 2.67816e-08 2.72407e-08 0 0 0
-0.121311 0.315813 -0.104079 -0.128 0.322 -0.106
-1.77426e-08 2.13189e-08 -1.86104e-08 0 0 0
-6.34038e-09 -4.23042e-08 1.46549e-08 0 0 0
-0.361606 0.137226 0.0952139 -0.356 0.149 0.099
-2.54346e-08 4.30783e-09 -2.06202e-08 0 0 0
-1.67608e-08 6.99487e-08 -1.94636e-08 0 0 0
-0.162971 0.227309 0.277362 -0.163 0.227 0.277
1.54536e-08 3.3487e-08 9.71409e-10 0 0 0
-1.05434e-08 -1.08627e-08 -8.75949e-09 0 0 0
0.201667 -0.0687679 -0.0167974 0.195 -0.069 -0.022
-2.88027e-08 2.00009e-08 -4.44736e-09 0 0 0
-1.70222e-08 -1.55363e-08 2.42309e-08 0 0 0
0.342494 -0.0921193 0.083939 0.343 -0.103 0.078
1.96786e-08 3.16634e-08 -3.26387e-09 0 0 0
-4.61808e-08 4.78128e-08 9.981e-09 0 0 0
0.222603 -0.201718 0.0892099 0.222 -0.215 0.089
4.33377e-08 4.18809e-08 -4.26002e-08 0 0 0
7.98465e-09 4.62368e-08 5.11058e-08 0 0 0
0.212302 0.234956 0.114651 0.219 0.219 0.126
-2.15498e-08 6.12245e-08 -1.08436e-08 0 0 0
-8.99955e-10 1.10067e-08 -5.54178e-08 0 0 0
-0.317098 -0.0200151 0.197387 -0.326 -0.021 0.196
1.75121e-08 1.86382e-09 -2.86614e-08 0 0 0
9.21494e-09 3.56344e-08 2.30593e-08 0 0 0
0.279349 0.142543 0.0158736 0.272 0.142 0.02
6.95676e-09 -3.94194e-08 -4.63972e-08 0 0 0
-5.60553e-08 -1.87072e-08 -2.91905e-08 0 0 0
0.0680948 -0.256274 -0.163403 0.069 -0.252 -0.172
-7.14294e-08 -3.82525e-08 -1.40574e-08 0 0 0
2.39093e-08 5.30279e-09 -1.20983e-08 0 0 0
0.281418 -0.0429601 0.137259 0.274 -0.04 0.14
-7.61829e-09 1.17107e-09 1.49086e-08 0 0 0
-4.09136e-08 1.86592e-08 3.3213e-08 0 0 0
0.104562 0.185015 0.0983922 0.116 0.19 0.094
-1.80105e-08 3.12883e-08 2.97109e-09 0 0 0
1.91992e-08 -8.78258e-09 6.74668e-08 0 0 0
-0.165458 0.110053 -0.140197 -0.162 0.104 -0.141
1.09971e-08 5.4139e-08 -6.88373e-09 0 0 0
2.59231e-09 -1.22152e-08 -4.46419e-09 0 0 0
0.139287 -0.0306214 0.245647 0.145 -0.037 0.244
8.85762e-10 -1.39175e-08 -2.11398e-08 0 0 0
6.29087e-09 4.4577e-08 2.6284e-08 0 0 0
-0.0735496 0.244245 0.170206 -0.062 0.234 0.183
-1.3896e-08 -1.0852e-08 3.08721e-08 0 0 0
-1.02373e-08 3.27192e-08 -1.057e-08 0 0 0
-0.125927 0.144291 0.0245787 -0.12 0.159 0.031
3.58124e-08 -2.86781e-08 4.74598e-08 0 0 0
-4.08714e-08 -1.72602e-08 -3.53572e-08 0 0 0
-0.126625 0.00731587 -0.319062 -0.135 0.008 -0.321
2.61655e-08 -1.47498e-08 1.58785e-09 0 0 0
-6.12536e-09 1.1352e-08 -1.09806e-08 0 0 0
0.00538971 0.164026 -0.00663878 0.013 0.145 0.015
2.25923e-09 -1.64182e-08 -1.75535e-08 0 0 0
-5.71612e-08 2.61521e-08 2.10391e-08 0 0 0
-0.00473676 -0.162369 0.149739 -0.017 -0.144 0.149
6.13113e-08 -3.64445e-09 1.19049e-08 0 0 0
-2.21266e-08 -3.98063e-08 2.36069e-08 0 0 0
-0.103073 0.151253 0.155899 -0.103 0.154 0.151
7.40979e-09 7.06183e-08 -5.66176e-08 0 0 0
7.18276e-09 4.29512e-08 4.22585e-08 0 0 0
0.0011121 -0.232411 0.181047 -0.011 -0.233 0.168
-1.74883e-08 -2.29607e-08 -1.21327e-08 0 0 0
-2.33504e-08 7.87372e-09 2.95606e-08 0 0 0
0.0200109 0.309083 0.032454 0.024 0.302 0.013
3.55971e-08 -2.50946e-10 -1.70925e-08 0 0 0
-9.94652e-09 1.81234e-08 -4.95986e-08 0 0 0
0.0342391 0.216389 -0.0479451 0.046 0.236 -0.069
8.60289e-09 2.30679e-08 -1.26406e-08 0 0 0
2.01146e-08 3.13355e-09 3.56679e-08 0 0 0
-0.269555 -0.110607 -0.0270503 -0.268 -0.104 -0.03
3.6761e-08 9.84193e-09 8.91833e-09 0 0 0
-2.01449e-08 -7.184e-08 -2.63178e-08 0 0 0
0.293434 0.0253887 -0.107197 0.29 0.024 -0.103
9.30204e-09 1.40028e-08 2.87205e-08 0 0 0
-2.39322e-09 -6.33588e-09 -3.63618e-08 0 0 0
0.0634826 0.237053 0.202182 0.069 0.236 0.198
3.39685e-08 2.6084e-09 1.41126e-08 0 0 0
-1.73866e-08 3.28886e-08 1.15544e-08 0 0 0
0.0962707 0.210815 0.010626 0.112 0.209 0.021
4.03676e-08 5.70151e-09 -9.01468e-09 0 0 0
4.02195e-08 5.26365e-08 -6.34651e-08 0 0 0
-0.3256 -0.0396635 0.0437651 -0.304 -0.044 0.06
-7.50948e-09 -2.53031e-08 -2.42835e-08 0 0 0
-3.79052e-08 4.51957e-08 -3.17308e-08 0 0 0
0.221298 -0.131773 0.22066 0.219 -0.13 0.213
5.86753e-09 1.85285e-08 4.9059e-08 0 0 0
1.97978e-08 2.33024e-08 -1.97258e-08 0 0 0
-0.13416 -0.336818 -0.0664164 -0.117 -0.34 -0.061
-1.51957e-09 1.91053e-08 -1.40378e-08 0 0 0
2.72445e-08 2.14106e-09 -1.86886e-08 0 0 0
-0.118895 -0.231611 0.0627916 -0.106 -0.234 0.041
-3.88359e-08 -5.86308e-08 -1.41402e-08 0 0 0
3.65957e-08 -2.42519e-08 8.11184e-09 0 0 0
-0.129879 0.117351 -0.106493 -0.131 0.124 -0.105
6.69425e-08 -4.04406e-09 -2.99393e-08 0 0 0
-2.11664e-08 -9.14901e-09 1.45894e-08 0 0 0
-0.132414 0.256148 -0.0390624 -0.123 0.251 -0.031
3.19008e-08 1.12441e-08 1.92233e-08 0 0 0
-1.94017e-08 -1.47166e-08 -4.038e-08 0 0 0
0.0993192 0.388979 -0.083957 0.101 0.395 -0.103
-3.39959e-08 3.95722e-09 -5.34148e-08 0 0 0
4.18208e-08 -4.43006e-09 4.32008e-08 0 0 0
-0.203197 -0.0616885 -0.279774 -0.205 -0.059 -0.257
1.57197e-08 1.95938e-08 -3.1724e-11 0 0 0
-1.04277e-09 -6.42733e-08 5.10034e-09 0 0 0
-0.0489929 0.0106228 0.15952 -0.061 -0.004 0.158
-4.76862e-08 -3.17401e-08 3.24308e-08 0 0 0
1.14117e-08 -1.74787e-08 2.25393e-08 0 0 0
-0.316958 0.10813 -0.096946 -0.298 0.097 -0.091
-3.23884e-08 1.63286e-08 2.78456e-08 0 0 0
1.78081e-09 -1.94232e-08 1.35911e-08 0 0 0
-0.0535714 0.223751 0.201363 -0.061 0.217 0.201
-5.42214e-08 -4.07983e-08 5.40843e-09 0 0 0
1.48051e-08 9.48505e-08 -4.78127e-09 0 0 0
0.146359 -0.238539 0.0739473 0.149 -0.251 0.074
8.14408e-09 -1.6688e-08 2.52054e-08 0 0 0
-1.84593e-09 1.37768e-08 -1.42483e-08 0 0 0
0.179861 -0.143823 -0.0870778 0.17 -0.14 -0.1
-9.93159e-09 -1.77741e-08 -4.98649e-09 0 0 0
-5.01884e-08 2.20869e-08 -4.73086e-08 0 0 0
0.20113 -0.167991 0.0148206 0.201 -0.161 0.001
-8.13314e-10 -8.24937e-09 -1.86516e-08 0 0 0
2.72674e-08 1.42538e-08 3.90317e-08 0 0 0
0.228572 -0.108355 0.143597 0.215 -0.108 0.16
4.28861e-09 1.89996e-08 3.63369e-08 0 0 0
6.18105e-09 -3.41802e-08 -4.01496e-08 0 0 0
0.200004 0.0556401 0.123722 0.197 0.048 0.117
3.42296e-09 4.49477e-08 4.27707e-08 0 0 0
-1.21888e-08 -3.33921e-09 -4.95937e-08 0 0 0
0.00846465 0.159928 -0.189896 0.002 0.165 -0.192
3.07085e-08 1.10751e-08 -5.55427e-08 0 0 0
8.58216e-09 2.96241e-08 1.7337e-08 0 0 0
0.265827 -0.0460211 -0.0178646 0.262 -0.046 -0.025
1.54908e-08 -1.88019e-08 3.22891e-08 0 0 0
4.50794e-08 -1.48225e-08 5.22852e-09 0 0 0
0.00608952 0.208278 0.00710151 0.008 0.234 0.026
-1.26866e-08 2.21246e-08 -3.80056e-08 0 0 0
1.25924e-08 -2.82858e-09 -2.507e-09 0 0 0
0.0473366 0.179932 -0.138386 0.041 0.186 -0.131
5.31535e-08 2.72647e-08 -3.37943e-08 0 0 0
-3.07816e-08 -5.41956e-10 4.51929e-08 0 0 0
0.0904311 -0.0210205 0.215564 0.083 -0.012 0.211
7.8171e-09 1.06121e-08 2.58453e-08 0 0 0
3.21108e-08 3.30508e-08 -2.28641e-08 0 0 0
0.0173385 -0.124053 0.166698 0.012 -0.127 0.171
4.56988e-09 1.98892e-08 -1.36494e-08 0 0 0
-2.88314e-08 7.23273e-09 4.30748e-08 0 0 0
-0.0507381 0.154878 -0.243111 -0.043 0.147 -0.251
-3.01257e-08 -5.6101e-09 3.50935e-09 0 0 0
-7.22633e-09 -4.18001e-08 -5.04761e-08 0 0 0
-0.19058 -0.177552 0.134741 -0.187 -0.192 0.151
-9.60393e-09 -4.35895e-08 -1.63723e-08 0 0 0
-1.23714e-08 2.59991e-08 -1.22402e-08 0 0 0
0.0646603 -0.0238087 0.361572 0.064 -0.014 0.354
-1.20574e-09 9.50648e-09 1.8901e-08 0 0 0
4.34735e-09 3.10001e-09 -1.35469e-08 0 0 0
-0.057708 0.239258 0.0360465 -0.064 0.236 0.041
2.13135e-08 1.62103e-08 -4.35066e-08 0 0 0
5.06649e-08 7.08331e-08 -2.15669e-08 0 0 0
-0.0200005 0.0403009 0.247082 -0.042 0.043 0.247
2.1929e-09 1.1118e-08 1.58643e-08 0 0 0
7.14514e-08 -6.07046e-08 -2.36645e-08 0 0 0
0.160695 0.0793184 0.0975254 0.181 0.081 0.125
7.23614e-09 2.91097e-08 5.0235e-08 0 0 0
4.42906e-08 -3.40609e-08 -9.1084e-09 0 0 0
0.250667 -0.0711701 -0.109815 0.255 -0.066 -0.113
2.96082e-08 5.49792e-09 -5.89512e-09 0 0 0
2.27114e-08 2.82384e-08 3.45137e-09 0 0 0
0.192559 0.0660506 -0.205254 0.214 0.054 -0.198
3.19495e-08 -1.34856e-08 -1.00936e-08 0 0 0
1.96133e-08 -6.13362e-08 -4.24724e-09 0 0 0
0.142253 0.083393 0.0357637 0.115 0.08 0.036
5.34537e-08 2.44933e-08 3.23968e-08 0 0 0
-1.78929e-08 -5.02315e-08 1.37717e-08 0 0 0
0.248967 -0.130208 -0.00525822 0.243 -0.132 0.003
-1.85039e-08 1.95684e-08 4.09478e-08 0 0 0
4.30496e-09 -1.30002e-08 -4.00087e-08 0 0 0
0.158509 -0.0305568 0.192168 0.158 -0.029 0.189
-4.87419e-10 -3.18289e-08 -2.57521e-08 0 0 0
-3.57071e-08 2.96916e-08 5.54515e-08 0 0 0
0.333323 0.0173716 0.205754 0.356 0.02 0.182
-7.48641e-08 -1.8302e-08 1.58393e-09 0 0 0
-2.95807e-08 4.4767e-09 -2.23619e-08 0 0 0
-0.0813917 -0.0931002 -0.0892269 -0.094 -0.1 -0.099
-5.80713e-09 -1.50202e-08 -1.55325e-08 0 0 0
-1.87154e-08 1.35812e-09 4.51543e-08 0 0 0
0.123426 -0.0294246 -0.197517 0.135 -0.027 -0.184
1.87436e-08 -2.0187e-08 2.03703e-08 0 0 0
2.35545e-08 1.24231e-08 -1.28534e-08 0 0 0
0.130543 -0.0074754 -0.212176 0.136 -0.004 -0.206
1.15953e-08 3.93363e-08 -5.28341e-09 0 0 0
1.5584e-08 -4.40386e-08 -2.98694e-08 0 0 0
-0.162392 0.231814 -0.0207322 -0.172 0.223 -0.007
-3.27206e-08 -7.61403e-08 -1.46484e-08 0 0 0
2.57575e-08 3.14691e-08 1.51489e-08 0 0 0
-0.257005 -0.0157883 0.0139135 -0.273 -0.004 0.032
1.33062e-08 -2.37201e-08 3.35754e-08 0 0 0
-5.56941e-08 7.05304e-08 -2.76918e-08 0 0 0
0.161807 0.191235 0.173494 0.15 0.177 0.186
-2.94195e-08 1.99143e-08 -7.35639e-09 0 0 0
-6.43756e-09 2.93496e-08 -1.90234e-09 0 0 0
0.260098 -0.164564 -0.147444 0.252 -0.164 -0.151
1.19379e-08 -1.65177e-08 3.56625e-08 0 0 0
-4.55563e-08 -2.78294e-08 7.11707e-09 0 0 0
0.184617 0.169218 -0.00418307 0.189 0.169 -0.002
-6.26103e-09 -4.01531e-08 -1.95855e-08 0 0 0
-2.3236e-08 4.10169e-08 -2.67299e-08 0 0 0
0.243895 -0.016637 0.167396 0.248 -0.013 0.164
-1.31075e-08 2.73496e-08 -2.80131e-08 0 0 0
-4.00287e-09 -4.96057e-08 2.59759e-08 0 0 0
0.166527 0.0890795 0.13067 0.164 0.097 0.141
-3.33085e-08 1.96579e-09 7.70009e-09 0 0 0
-5.9193e-08 3.057e-08 1.65693e-08 0 0 0
-0.13588 -0.0742924 0.326061 -0.132 -0.064 0.323
1.86259e-08 -4.55945e-08 5.21484e-09 0 0 0
-2.28698e-08 3.15121e-08 2.28039e-08 0 0 0
0.0864494 0.195961 -0.0807626 0.084 0.201 -0.086
9.11456e-10 -1.31031e-08 1.15028e-08 0 0 0
2.30271e-08 1.47002e-08 -6.03081e-09 0 0 0
0.192334 -0.184625 0.157056 0.192 -0.184 0.166
-1.57552e-08 4.34105e-08 5.49039e-08 0 0 0
2.44135e-08 1.8688e-08 -4.48693e-08 0 0 0
0.166852 0.0371841 0.265912 0.164 0.048 0.263
-2.89055e-08 1.72033e-08 -2.79087e-08 0 0 0
2.32989e-08 -7.68824e-09 5.16026e-08 0 0 0
-0.152919 0.178387 0.211894 -0.146 0.184 0.21
2.38343e-08 -4.17973e-09 -2.83713e-08 0 0 0
1.07211e-08 7.93065e-08 1.24535e-08 0 0 0
-0.165189 0.0987262 -0.151645 -0.168 0.101 -0.162
3.58005e-08 2.04277e-08 6.27588e-09 0 0 0
-1.94754e-08 -5.10979e-10 2.19425e-08 0 0 0
-0.197856 0.373141 -0.0604807 -0.231 0.37 -0.066
2.80649e-08 1.36357e-09 -6.84923e-11 0 0 0
-2.86574e-08 1.00134e-08 4.45457e-08 0 0 0
-0.124284 0.289702 0.150434 -0.122 0.277 0.145
-1.96468e-08 2.19369e-08 1.74915e-08 0 0 0
-9.92853e-09 -1.85591e-08 -2.01062e-08 0 0 0
-0.0171303 0.10123 -0.277771 -0.01 0.146 -0.302
3.553e-08 4.55712e-09 3.91662e-08 0 0 0
-2.00459e-08 -1.44373e-09 -3.2116e-08 0 0 0
-0.278657 0.154004 -0.0915586 -0.299 0.157 -0.102
1.09497e-08 3.52165e-08 -1.59422e-08 0 0 0
4.66826e-09 -3.90813e-08 3.08001e-08 0 0 0
-0.169198 -0.267981 0.0525782 -0.153 -0.275 0.063
-3.34357e-08 -2.6972e-08 -3.21112e-08 0 0 0
1.09978e-08 9.40764e-09 1.05856e-08 0 0 0
0.041274 -0.2116 0.291374 0.037 -0.205 0.304
-3.27426e-08 -3.65167e-08 4.17428e-09 0 0 0
9.18558e-09 3.45334e-09 1.09988e-08 0 0 0
-0.150122 0.319108 -0.0163952 -0.145 0.326 -0.012
9.86796e-09 3.13098e-09 2.83816e-08 0 0 0
4.98488e-08 -1.4454e-08 -4.60494e-08 0 0 0
0.0899571 -0.26975 0.0790178 0.103 -0.26 0.085
-3.40362e-08 -6.76253e-09 3.7082e-08 0 0 0
-3.08921e-08 -5.68432e-08 1.33691e-08 0 0 0
0.12109 0.0560098 -0.304628 0.102 0.059 -0.298
2.91609e-08 -2.96456e-08 6.61544e-09 0 0 0
1.56193e-08 2.33745e-08 -1.35776e-08 0 0 0
-0.0616377 0.178576 0.29781 -0.054 0.175 0.32
6.22658e-09 -2.69639e-08 1.85131e-08 0 0 0
1.77268e-08 6.1396e-08 1.78603e-08 0 0 0
-0.108322 0.0549894 -0.0482257 -0.112 0.044 -0.05
-4.55831e-08 -6.39726e-09 -3.35632e-08 0 0 0
-2.16808e-08 3.66407e-08 -8.10965e-09 0 0 0
0.17647 0.0924528 -0.036676 0.179 0.087 -0.039
1.66326e-08 3.48463e-09 -3.07313e-09 0 0 0
-1.95283e-08 -2.83577e-08 -1.94673e-08 0 0 0
-0.222228 -0.237601 -0.00358117 -0.23 -0.236 -0.005
9.52696e-10 1.03593e-08 -1.01253e-08 0 0 0
-4.94154e-08 1.93637e-08 -1.78761e-08 0 0 0
0.332715 0.188899 -0.0203457 0.318 0.176 -0.014
1.36216e-09 9.05122e-09 -2.36203e-08 0 0 0
1.61214e-08 3.23099e-08 3.44982e-08 0 0 0
-0.345014 -0.0981613 -0.0389876 -0.339 -0.1 -0.039
-8.32021e-09 -1.43942e-08 5.59393e-09 0 0 0
-2.92202e-08 -2.498e-09 6.29071e-08 0 0 0
0.138265 0.0425588 0.26098 0.129 0.039 0.256
1.66952e-08 3.95053e-09 -4.58307e-08 0 0 0
-4.67286e-08 3.49359e-08 1.90184e-08 0 0 0
0.0408178 -0.0971453 -0.170578 0.052 -0.108 -0.161
2.63971e-08 2.0909e-08 1.00931e-08 0 0 0
-4.33465e-08 1.54759e-08 -1.34238e-08 0 0 0
-0.158036 -0.0889144 -0.104334 -0.155 -0.099 -0.113
7.66207e-09 -2.52066e-08 -2.11763e-08 0 0 0
-9.99832e-09 1.63467e-08 -5.02575e-08 0 0 0
-0.0832779 0.0607659 -0.240779 -0.081 0.062 -0.241
-3.04798e-09 2.89052e-08 -3.24128e-08 0 0 0
4.56169e-09 -5.43255e-08 8.29943e-09 0 0 0
-0.00746893 0.15464 0.222814 -0.005 0.149 0.205
-1.99425e-08 -8.38117e-10 7.12745e-08 0 0 0
-4.03418e-08 1.07932e-08 2.30384e-09 0 0 0
0.270406 0.179067 0.102389 0.266 0.181 0.088
-1.68331e-08 1.25197e-08 2.32413e-09 0 0 0
2.02488e-08 -2.63901e-08 6.74109e-09 0 0 0
-0.255098 -0.106831 -0.169459 -0.254 -0.103 -0.16
-2.5656e-08 -3.16749e-08 -6.82184e-09 0 0 0
5.53049e-09 2.10717e-08 -5.48084e-08 0 0 0
-0.118226 -0.278617 0.23601 -0.109 -0.28 0.24
-5.63207e-08 -2.86008e-08 -4.3106e-08 0 0 0
2.75017e-09 -1.89948e-08 9.28638e-09 0 0 0
-0.152812 0.304396 -0.0677873 -0.165 0.304 -0.064
-4.41836e-08 -4.27513e-08 1.28898e-08 0 0 0
2.29398e-08 1.7085e-08 -5.77285e-08 0 0 0
0.155309 0.130694 0.225029 0.16 0.128 0.223
-2.41574e-08 1.07071e-08 2.02761e-08 0 0 0
4.69901e-08 4.19375e-08 -1.0387e-08 0 0 0
0.041881 0.075113 0.237188 0.032 0.076 0.246
1.93671e-08 4.3083e-08 2.21399e-08 0 0 0
-1.64457e-08 1.28362e-08 -2.24969e-08 0 0 0
0.198659 -0.189539 -0.153217 0.183 -0.179 -0.138
2.19425e-08 -3.60271e-08 -4.21411e-08 0 0 0
7.84299e-09 -1.09242e-08 2.87801e-08 0 0 0
0.231429 -0.171453 0.0516094 0.224 -0.163 0.051
1.11191e-08 -6.00567e-08 -4.51333e-08 0 0 0
3.93338e-08 4.88098e-09 -3.69687e-08 0 0 0
0.0556855 -0.194056 0.208177 0.048 -0.189 0.205
3.4984e-08 -3.03593e-08 4.90448e-09 0 0 0
-1.81509e-08 -6.38052e-08 3.4172e-08 0 0 0
-0.0574583 0.352615 0.0132219 -0.068 0.366 0.022
2.15621e-08 2.78783e-08 -1.02519e-08 0 0 0
4.17065e-08 -3.14751e-09 -1.49097e-08 0 0 0
0.0141918 0.246648 0.0646876 0.002 0.245 0.072
1.40199e-08 1.71725e-08 -3.43501e-08 0 0 0
1.39358e-08 1.26085e-08 3.62388e-08 0 0 0
0.245938 0.160222 -0.0107604 0.243 0.164 -0.005
7.78702e-09 -2.57825e-08 5.74222e-09 0 0 0
1.8681e-08 2.25437e-08 2.82467e-08 0 0 0
-0.196845 -0.00224457 -0.0150525 -0.211 0.02 -0.013
-2.68746e-08 -1.74629e-08 -5.34566e-08 0 0 0
5.72962e-09 2.75373e-08 -2.68894e-09 0 0 0
0.189574 0.26214 -0.0789668 0.182 0.268 -0.075
3.79158e-09 1.95759e-08 -1.33043e-08 0 0 0
-3.34916e-09 4.86833e-08 1.65997e-08 0 0 0
-0.03733 0.208193 0.243733 -0.032 0.202 0.247
2.99967e-08 1.94211e-08 1.58611e-08 0 0 0
5.08028e-09 3.68916e-08 2.82926e-08 0 0 0
0.27785 -0.140838 0.170071 0.281 -0.123 0.171
1.31522e-08 2.66629e-08 -2.94179e-08 0 0 0
4.38398e-08 -1.45364e-08 1.19464e-08 0 0 0
0.0719777 -0.0376199 -0.2283 0.082 -0.044 -0.232
-3.91675e-09 7.56851e-09 1.98422e-08 0 0 0
-9.48395e-09 6.6693e-08 -5.31958e-08 0 0 0
-0.285781 0.146998 0.0278201 -0.28 0.16 0.026
1.32212e-09 5.94611e-08 -3.15296e-08 0 0 0
-4.29287e-08 -1.45191e-08 3.01334e-08 0 0 0
0.013955 0.100129 0.176086 0.007 0.087 0.173
-4.06364e-09 5.04455e-08 -8.0792e-09 0 0 0
5.43993e-08 -8.35377e-09 -7.01346e-09 0 0 0
0.0214565 0.202825 -0.114414 0.018 0.202 -0.124
-2.79908e-08 -3.13172e-08 3.71718e-08 0 0 0
-1.74193e-08 1.70169e-08 -3.04355e-09 0 0 0
0.0920459 0.182451 0.293156 0.103 0.17 0.278
5.30221e-08 -6.65078e-09 1.89553e-08 0 0 0
-2.18731e-08 6.50841e-09 4.89067e-08 0 0 0
-0.0320357 0.191151 0.337156 -0.01 0.215 0.377
6.39625e-09 3.69517e-08 -3.64357e-08 0 0 0
5.15386e-08 -2.20824e-08 3.18784e-08 0 0 0
0.299882 -0.100266 0.12801 0.283 -0.093 0.123
-8.09459e-09 -5.296e-08 -1.19797e-08 0 0 0
-1.97995e-08 -1.60181e-08 -6.17275e-09 0 0 0
-0.0179995 0.231366 -0.214105 -0.021 0.231 -0.204
2.15285e-08 -4.49597e-08 -5.38868e-09 0 0 0
4.1062e-08 -2.87562e-08 -1.95597e-08 0 0 0
0.338663 0.19909 0.014188 0.329 0.189 0.006
-1.32479e-08 2.05115e-08 -3.06295e-09 0 0 0
-2.34454e-08 -3.31499e-08 -4.24951e-09 0 0 0
0.0757989 -0.289466 -0.229041 0.076 -0.297 -0.218
3.41953e-08 1.43484e-08 3.51842e-08 0 0 0
-4.37174e-09 3.30428e-08 7.04524e-08 0 0 0
-0.00453372 0.27411 -0.118977 -0.009 0.278 -0.116
2.95234e-09 -3.37968e-08 -3.22562e-08 0 0 0
2.50425e-08 1.93914e-08 -2.72879e-08 0 0 0
-0.0497116 0.279671 -0.0149168 -0.037 0.278 -0.013
-3.02297e-08 2.82073e-08 -2.71758e-08 0 0 0
9.04437e-09 1.45729e-08 4.0432e-08 0 0 0
-0.0965689 0.319844 -0.0671223 -0.091 0.326 -0.08
-5.84938e-09 -8.24637e-09 -2.64493e-08 0 0 0
3.34979e-09 5.75142e-08 2.4537e-08 0 0 0
-0.14051 0.313681 -0.161694 -0.142 0.306 -0.164
-5.22782e-09 1.86288e-08 3.94293e-08 0 0 0
2.88339e-09 -2.51894e-08 -2.67456e-08 0 0 0
0.153223 -0.0406645 0.0815894 0.157 -0.053 0.078
3.24375e-08 4.59697e-08 -1.60162e-08 0 0 0
7.94065e-08 2.3484e-08 -2.00779e-08 0 0 0
0.0725841 -0.17504 -0.142935 0.083 -0.19 -0.13
4.41448e-08 2.63339e-08 4.16445e-09 0 0 0
-4.79693e-08 2.95605e-08 2.55283e-08 0 0 0
-0.219011 0.129619 -0.00458908 -0.228 0.125 0.001
-2.96785e-08 7.77887e-09 -4.73957e-08 0 0 0
-1.96004e-08 -2.26799e-08 2.75659e-08 0 0 0
0.138335 0.0674568 0.145944 0.143 0.081 0.147
-1.40079e-08 4.70849e-08 -3.83368e-08 0 0 0
-4.00461e-08 -5.13012e-08 -1.36115e-08 0 0 0
0.0986048 0.209942 -0.0393722 0.112 0.217 -0.036
7.29904e-09 -3.17453e-08 -2.82135e-08 0 0 0
3.15188e-08 1.49464e-09 1.41972e-08 0 0 0
0.154177 0.229073 -0.0991957 0.135 0.22 -0.1
-8.91306e-09 -6.74734e-08 1.13056e-08 0 0 0
-3.38199e-08 -2.73748e-08 2.62814e-08 0 0 0
0.136645 -0.0772452 0.0165786 0.14 -0.088 0.017
2.57217e-08 -6.51649e-08 -5.1444e-09 0 0 0
3.46836e-08 2.75059e-08 2.47248e-08 0 0 0
-0.1703 0.183106 0.161621 -0.152 0.166 0.164
8.06748e-09 -5.34792e-08 -9.36107e-09 0 0 0
-2.7504e-08 1.4067e-08 4.01216e-08 0 0 0
-0.217453 -0.0571598 0.257167 -0.215 -0.063 0.249
-5.19744e-09 -5.31663e-08 3.03112e-08 0 0 0
6.79519e-09 3.59981e-08 -5.43946e-08 0 0 0
0.132914 0.112026 -0.133717 0.131 0.121 -0.127
-3.37568e-08 9.86675e-09 1.53009e-08 0 0 0
1.68329e-08 -1.51849e-08 -3.23448e-08 0 0 0
0.0699865 -0.21733 0.0462174 0.066 -0.213 0.055
-2.69398e-08 -1.35861e-08 -8.87314e-09 0 0 0
5.21057e-08 -4.40113e-08 2.19852e-09 0 0 0
0.212393 -0.100881 0.126913 0.21 -0.098 0.132
-9.00488e-08 9.8324e-09 -3.25306e-09 0 0 0
5.25128e-08 8.62359e-09 4.38263e-08 0 0 0
0.0244645 0.0613325 0.277304 0.031 0.059 0.26
2.61136e-08 3.67553e-08 2.09335e-08 0 0 0
1.20607e-08 -4.3919e-08 -8.07559e-09 0 0 0
-0.0473884 0.052205 -0.309909 -0.044 0.043 -0.309
-7.28942e-08 -7.35072e-09 7.38366e-10 0 0 0
2.65357e-08 -1.22317e-08 3.84382e-08 0 0 0
0.341145 0.0418719 0.243402 0.352 0.045 0.236
2.32256e-08 3.35516e-08 2.03911e-08 0 0 0
3.74263e-09 -2.48835e-08 -4.98227e-08 0 0 0
0.119708 0.150701 0.0197395 0.115 0.141 0.018
1.13583e-08 3.94571e-08 4.12374e-08 0 0 0
-1.38282e-08 7.70509e-09 -8.49587e-09 0 0 0
-0.00466532 0.204112 0.0657426 -0.006 0.217 0.062
6.35241e-08 1.99496e-08 -1.39197e-08 0 0 0
3.68483e-08 2.0262e-09 -4.66663e-08 0 0 0
-0.0556204 0.177503 -0.190294 -0.059 0.168 -0.196
1.50896e-08 8.35152e-08 -3.7655e-09 0 0 0
-2.70975e-08 -4.38225e-09 -3.05311e-08 0 0 0
-0.229103 -0.190538 0.0571784 -0.23 -0.192 0.066
-5.58648e-08 1.68187e-08 3.20106e-08 0 0 0
3.0933e-08 -2.44609e-08 -9.28287e-09 0 0 0
0.22551 -0.153595 0.201325 0.228 -0.154 0.199
4.29987e-08 3.81394e-09 2.98031e-08 0 0 0
-2.15969e-08 -7.70874e-08 -4.89658e-08 0 0 0
-0.0808866 0.187814 -0.159372 -0.08 0.188 -0.158
4.60892e-08 3.33118e-08 -8.14484e-09 0 0 0
1.11672e-08 -1.09799e-08 -1.81115e-09 0 0 0
-0.121461 -0.182342 0.137713 -0.115 -0.188 0.143
1.61671e-08 -3.95651e-08 5.00262e-09 0 0 0
-3.29785e-08 3.00805e-08 4.94642e-08 0 0 0
0.0679429 0.186753 0.129006 0.061 0.191 0.134
2.13892e-08 -2.78747e-08 -3.75054e-08 0 0 0
-6.06519e-08 -1.1086e-09 -1.48291e-08 0 0 0
0.0846485 0.161272 0.100469 0.077 0.163 0.104
-2.3788e-09 -2.12422e-08 1.26749e-08 0 0 0
-2.05453e-08 7.07524e-08 3.16666e-08 0 0 0
-0.171512 0.106561 -0.106383 -0.158 0.11 -0.097
3.47731e-09 1.81513e-08 -1.86697e-08 0 0 0
-1.55452e-09 2.62617e-08 3.32163e-08 0 0 0
0.20603 0.0982375 -0.12591 0.222 0.099 -0.127
1.8515e-08 -5.15614e-08 1.17995e-08 0 0 0
-2.25048e-08 -1.98924e-08 -5.06704e-08 0 0 0
0.0701549 0.263905 0.0534956 0.078 0.27 0.046
-1.47334e-08 2.66352e-08 -1.57427e-08 0 0 0
9.80583e-09 -1.49525e-08 -8.25702e-09 0 0 0
0.218735 0.152015 -0.0856601 0.21 0.152 -0.082
-4.08327e-09 -3.99859e-10 4.90363e-09 0 0 0
-2.62563e-08 3.1153e-08 2.24142e-08 0 0 0
-0.32304 0.0148764 0.159393 -0.314 0.016 0.158
-6.86452e-09 -2.35439e-08 4.52709e-08 0 0 0
-5.05778e-08 -3.8156e-09 4.16955e-08 0 0 0
0.0921884 0.0308221 0.240624 0.088 0.035 0.247
2.61253e-08 -1.68151e-08 3.74241e-08 0 0 0
4.96756e-08 -3.53115e-08 -4.42262e-09 0 0 0
-0.0237828 -0.203659 -0.271209 -0.013 -0.193 -0.273
3.30244e-08 4.24087e-08 -2.50689e-08 0 0 0
-6.44224e-08 -6.05849e-08 7.73634e-10 0 0 0
0.0366126 -0.30079 -0.0664351 0.037 -0.281 -0.055
1.34143e-08 9.37798e-09 -1.45958e-08 0 0 0
-1.20913e-08 -3.98792e-08 -3.42038e-09 0 0 0
-0.248519 0.129689 -0.157922 -0.251 0.099 -0.152
-2.79939e-08 3.40684e-08 -3.77202e-08 0 0 0
3.9446e-08 3.39971e-08 1.64378e-08 0 0 0
-0.0648929 0.302356 0.033685 -0.062 0.289 0.025
2.53731e-08 -3.75908e-09 3.74623e-08 0 0 0
-1.76295e-08 2.31163e-08 -4.11301e-08 0 0 0
-0.100332 0.282001 0.140832 -0.096 0.269 0.124
2.76334e-08 1.23747e-08 1.0823e-08 0 0 0
-3.70679e-08 4.02393e-08 -1.19232e-08 0 0 0
-0.196455 0.10972 -0.0707763 -0.191 0.12 -0.05
-3.64877e-08 4.70873e-08 -5.30876e-08 0 0 0
-1.38862e-08 -8.74727e-08 1.92059e-08 0 0 0
-0.16588 -0.028548 0.125366 -0.161 -0.03 0.145
-4.62796e-08 1.05429e-08 -1.98703e-08 0 0 0
3.86259e-09 -1.0657e-08 1.73005e-08 0 0 0
-0.0949539 0.132903 -0.168622 -0.095 0.132 -0.177
2.58501e-08 4.52113e-08 -2.00654e-08 0 0 0
-1.1555e-08 2.01455e-08 2.67855e-08 0 0 0
0.231899 0.0531199 -0.0121248 0.243 0.047 -0.033
6.31233e-09 3.93485e-08 7.6352e-09 0 0 0
-1.5108e-10 -1.00825e-08 5.24581e-08 0 0 0
0.163791 -0.219383 0.15324 0.146 -0.23 0.147
6.0586e-08 -1.06483e-08 3.54365e-08 0 0 0
-2.0892e-08 4.91206e-08 -6.40444e-08 0 0 0
0.129479 -0.00245852 -0.125025 0.135 -0.009 -0.129
-1.84834e-08 -3.09409e-09 -2.24318e-08 0 0 0
-3.14657e-09 -6.28441e-08 1.67173e-08 0 0 0
0.170789 -0.103885 0.03597 0.179 -0.116 0.033
1.959e-10 2.40415e-08 -2.26579e-08 0 0 0
2.68125e-09 -2.99326e-08 7.85458e-09 0 0 0
0.0559287 -0.116255 0.209652 0.058 -0.127 0.207
2.0254e-08 3.37823e-08 2.22889e-08 0 0 0
-2.43448e-08 -5.91714e-08 3.19504e-08 0 0 0
0.1705 0.264554 -0.086678 0.165 0.268 -0.077
1.52138e-08 -1.44349e-08 -1.20243e-08 0 0 0
-3.2462e-09 3.36052e-09 -1.9837e-08 0 0 0
0.110601 0.168074 0.0406398 0.119 0.152 0.038
-4.18792e-08 7.32577e-09 4.03904e-08 0 0 0
1.20116e-08 4.78999e-10 3.99244e-08 0 0 0
0.221866 -0.114149 -0.12804 0.215 -0.117 -0.128
-3.55621e-08 6.73061e-09 1.77682e-08 0 0 0
-1.97569e-08 1.26035e-08 -3.88057e-08 0 0 0
0.256156 0.332164 -0.169113 0.252 0.335 -0.176
3.08237e-09 -3.43992e-08 -3.75857e-08 0 0 0
4.12954e-08 6.76496e-08 3.50991e-08 0 0 0
0.0288339 0.315345 -0.0623895 0.032 0.312 -0.069
3.38387e-08 -3.56906e-08 6.36904e-09 0 0 0
-6.74558e-09 8.94315e-09 -6.23054e-09 0 0 0
0.1372 0.0319785 0.267113 0.143 0.016 0.258
4.05973e-08 1.54373e-08 -2.82287e-08 0 0 0
-2.13807e-08 -2.56724e-08 4.76763e-08 0 0 0
0.23484 -0.150548 0.192169 0.241 -0.14 0.206
-1.8062e-08 -3.43299e-08 1.16992e-08 0 0 0
4.79699e-08 3.85172e-09 1.87858e-09 0 0 0
0.145638 0.181873 -0.186578 0.119 0.181 -0.173
-1.9166e-08 -2.88872e-08 -2.04085e-09 0 0 0
2.68737e-08 5.9399e-08 3.18237e-08 0 0 0
-0.253549 0.138311 -0.0137692 -0.275 0.142 -0.018
1.92685e-08 2.03359e-08 -4.90336e-08 0 0 0
6.21835e-09 1.73288e-10 1.11612e-08 0 0 0
0.11916 0.0589396 0.20016 0.112 0.06 0.209
-5.58053e-08 2.85515e-08 3.37934e-08 0 0 0
1.3123e-08 1.69907e-08 4.69327e-09 0 0 0
-0.258642 0.224392 -0.0314133 -0.25 0.235 -0.033
-1.46274e-08 -2.6421e-08 -2.84882e-08 0 0 0
1.66962e-09 -7.96755e-09 -5.3177e-09 0 0 0
0.271775 0.0298729 0.195725 0.271 0.016 0.199
-7.83785e-09 -2.76151e-08 -1.23147e-08 0 0 0
3.70036e-08 -2.77182e-08 -4.41796e-08 0 0 0
0.271584 -0.0134675 0.146239 0.261 -0.02 0.159
-8.3135e-09 -7.69527e-09 -1.97759e-08 0 0 0
8.63543e-08 3.7019e-08 -2.55302e-08 0 0 0
0.245001 0.0293472 -0.0419507 0.263 0.025 -0.05
2.23523e-08 -4.72927e-08 -4.30376e-08 0 0 0
8.86739e-09 -2.02627e-08 4.4389e-08 0 0 0
0.257065 0.157798 0.183451 0.265 0.158 0.156
-4.68394e-10 7.77467e-09 -6.44512e-08 0 0 0
2.88224e-08 -5.47543e-08 -2.35847e-08 0 0 0
0.174114 -0.137116 -0.139171 0.178 -0.139 -0.138
-1.04296e-08 -2.80337e-08 -1.09019e-08 0 0 0
5.04187e-08 2.38629e-08 3.65659e-08 0 0 0
0.161104 -0.323134 -0.0996483 0.164 -0.325 -0.108
-4.11961e-09 -1.55125e-08 -1.44464e-08 0 0 0
2.32373e-08 -2.33996e-08 -1.09005e-08 0 0 0
0.141768 0.336794 -0.00831322 0.146 0.317 -0.026
1.83751e-08 3.24805e-08 3.40905e-10 0 0 0
2.06358e-08 -2.26318e-08 -4.67238e-08 0 0 0
0.101219 0.166949 -0.0456037 0.092 0.174 -0.043
2.25029e-09 -7.86448e-09 -3.05758e-08 0 0 0
2.13642e-08 4.75937e-09 1.89747e-08 0 0 0
-0.236772 0.127788 -0.164241 -0.235 0.144 -0.147
-5.23257e-08 -2.51005e-08 4.60794e-09 0 0 0
7.59532e-09 8.57338e-08 8.82507e-09 0 0 0
-0.30036 3.23299e-05 -0.0437124 -0.28 -0.004 -0.044
-5.24891e-08 -2.81137e-09 8.12824e-09 0 0 0
2.31608e-08 -2.01843e-08 -3.63603e-08 0 0 0
0.137269 0.303263 -0.00407215 0.142 0.298 -0.01
4.26184e-08 2.15273e-08 -2.03451e-08 0 0 0
-2.05904e-09 -1.2675e-08 2.53412e-08 0 0 0
-0.169956 0.270777 -0.199901 -0.162 0.28 -0.192
-1.08641e-08 1.89538e-08 -4.2314e-08 0 0 0
2.20142e-09 4.83961e-08 -1.03185e-08 0 0 0
-0.213298 -0.0814217 -0.0433304 -0.207 -0.082 -0.038
-8.82309e-09 4.92007e-08 -1.81106e-08 0 0 0
-1.34005e-08 1.15261e-08 -4.60939e-08 0 0 0
0.259326 0.0305289 0.0753684 0.259 0.025 0.057
-5.96476e-08 -3.26878e-09 3.37395e-08 0 0 0
-5.27944e-08 1.27265e-08 1.05881e-08 0 0 0
0.136819 0.189943 -0.131629 0.122 0.198 -0.127
3.03621e-08 -6.22662e-10 -5.75365e-09 0 0 0
-2.20413e-09 3.02401e-08 6.04351e-08 0 0 0
0.130594 -0.229832 -0.0557999 0.126 -0.235 -0.054
-3.94832e-09 2.97851e-08 -2.42675e-08 0 0 0
4.46216e-08 -7.15583e-08 2.51801e-08 0 0 0
0.317305 0.0249798 -0.037145 0.319 0.016 -0.045
4.15172e-08 1.62865e-08 -2.4315e-08 0 0 0
-6.94505e-10 -8.8645e-09 -9.65182e-09 0 0 0
0.226571 0.137036 0.143708 0.23 0.138 0.141
2.32638e-09 1.12748e-08 -7.94108e-09 0 0 0
-4.47207e-08 -2.8996e-08 -5.30645e-09 0 0 0
-0.00388627 0.0119875 0.326881 0.005 -0.002 0.309
-1.19172e-08 3.66997e-08 -1.68131e-08 0 0 0
2.91343e-08 -2.53166e-08 1.11969e-08 0 0 0
0.00870394 0.201485 -0.134494 0.012 0.2 -0.142
-1.7079e-08 -1.92355e-08 -3.42351e-09 0 0 0
-2.2306e-08 6.01728e-08 1.28584e-08 0 0 0
0.200609 -0.124036 0.0308939 0.202 -0.127 0.04
3.23674e-08 -2.83302e-08 2.65348e-09 0 0 0
-7.89915e-10 -2.25619e-08 -1.20406e-08 0 0 0
0.0735679 0.14285 0.297582 0.068 0.138 0.31
-2.30779e-08 5.85413e-08 -6.02406e-09 0 0 0
-4.13887e-08 -7.16381e-09 -9.78e-09 0 0 0
0.0109334 0.0530105 0.271933 0.017 0.062 0.263
-1.28e-08 3.2686e-08 -1.80477e-08 0 0 0
4.84844e-08 -4.31051e-08 9.01221e-08 0 0 0
-0.207371 0.113436 -0.248467 -0.202 0.106 -0.24
-2.15346e-08 6.24468e-08 -8.51084e-09 0 0 0
-3.11809e-08 -2.33095e-08 -3.34798e-08 0 0 0
0.338435 -0.100684 0.176977 0.355 -0.086 0.198
-1.46083e-08 6.1742e-08 -1.45677e-08 0 0 0
-3.14974e-08 4.13917e-08 2.09722e-08 0 0 0
-0.348448 -0.108064 0.138072 -0.353 -0.111 0.128
-1.71639e-08 -1.19645e-08 3.36075e-08 0 0 0
-9.5377e-10 1.28552e-08 4.18335e-08 0 0 0
-0.0308596 0.41491 0.0644986 -0.028 0.41 0.053
-4.59402e-08 2.46394e-08 -1.6356e-08 0 0 0
1.73055e-08 3.23269e-08 3.06243e-08 0 0 0
-0.0201874 -0.162591 -0.214545 -0.027 -0.16 -0.22
-5.03853e-08 1.27275e-08 2.25175e-09 0 0 0
1.37457e-08 -1.27757e-08 -1.4742e-08 0 0 0
-0.0220331 0.37478 -0.0376312 -0.017 0.377 -0.033
5.66673e-08 -4.73638e-09 -4.61079e-08 0 0 0
-2.94736e-08 1.25108e-08 2.59021e-08 0 0 0
-0.0689219 -0.20563 0.21975 -0.076 -0.188 0.217
3.20866e-08 1.30486e-08 1.43643e-08 0 0 0
-5.26912e-08 -1.9273e-08 3.48945e-09 0 0 0
-0.0117109 0.339123 -0.0568447 -0.008 0.343 -0.059
2.01167e-08 -1.04773e-09 -1.017e-08 0 0 0
3.15304e-08 -2.32704e-08 5.56843e-09 0 0 0
-0.100443 -0.222606 0.200011 -0.102 -0.222 0.196
-1.21534e-08 4.20553e-08 1.77345e-08 0 0 0
-2.24642e-08 -4.6027e-08 -1.45298e-08 0 0 0
0.122559 0.109132 -0.220829 0.115 0.1 -0.209
2.60462e-08 2.5329e-08 -1.89341e-08 0 0 0
-4.46478e-08 -1.03228e-08 1.51397e-08 0 0 0
0.179632 0.000636587 0.179991 0.186 0.001 0.192
-1.88702e-08 5.11576e-08 -5.38484e-08 0 0 0
1.26205e-08 3.59155e-08 4.39976e-08 0 0 0
-0.105837 -0.0338158 0.18255 -0.106 -0.017 0.182
-1.27497e-08 1.15057e-08 -4.73948e-09 0 0 0
-2.67284e-08 -1.72803e-08 5.11767e-08 0 0 0
0.213505 0.118438 -0.00624909 0.204 0.122 -0.01
-1.51748e-08 2.41582e-08 2.5038e-08 0 0 0
-2.75978e-08 2.12902e-08 -7.52619e-08 0 0 0
0.0286412 0.223161 0.177814 0.027 0.202 0.174
-5.51874e-08 3.47957e-08 -6.54422e-09 0 0 0
3.15823e-08 -7.49004e-09 5.58112e-08 0 0 0
0.101101 0.27276 0.0378819 0.1 0.27 0.039
3.94221e-08 -3.52202e-08 -2.20797e-09 0 0 0
4.5328e-08 1.47875e-08 2.12583e-08 0 0 0
-0.310361 -0.0980629 -0.108714 -0.304 -0.111 -0.099
-5.14013e-08 -2.74614e-08 1.61744e-08 0 0 0
-5.48013e-09 5.56075e-09 4.82148e-08 0 0 0
0.14438 -0.0754692 0.0217217 0.135 -0.088 0.023
4.23732e-08 7.43037e-09 -4.51895e-08 0 0 0
-6.07854e-09 2.48998e-08 6.58362e-08 0 0 0
-0.15597 -0.181978 0.101086 -0.165 -0.189 0.098
7.74942e-09 -5.65352e-08 -2.50069e-08 0 0 0
2.64913e-08 -2.52051e-08 3.37006e-08 0 0 0
-0.147537 -0.211116 0.0108484 -0.146 -0.223 0.017
1.34335e-08 -3.81395e-08 3.43478e-08 0 0 0
-3.47393e-09 -9.86571e-09 -2.50213e-08 0 0 0
-0.332857 0.060013 -0.0898928 -0.324 0.064 -0.097
-1.54191e-08 4.36866e-08 2.12466e-08 0 0 0
1.38973e-08 -2.65302e-08 -4.37925e-08 0 0 0
0.014998 0.19194 0.0128441 0.014 0.189 0.026
-1.71079e-08 5.11597e-08 -2.06984e-08 0 0 0
2.6268e-08 7.11985e-09 6.8601e-08 0 0 0
0.163825 0.150804 -0.0721321 0.153 0.152 -0.069
-3.44595e-08 5.43901e-08 -7.12137e-09 0 0 0
1.47408e-08 4.71238e-09 4.65429e-08 0 0 0
-0.170781 -0.0241167 -0.0717447 -0.181 -0.02 -0.079
-1.29819e-08 4.46187e-09 -4.85435e-08 0 0 0
-8.47019e-09 7.90887e-09 -1.02332e-09 0 0 0
-0.0947807 -0.195294 0.21299 -0.085 -0.198 0.205
2.9928e-08 9.39944e-09 5.53349e-08 0 0 0
-4.82384e-08 -8.01724e-10 -1.89669e-08 0 0 0
-0.160589 0.0345629 -0.291662 -0.159 0.037 -0.294
-7.87643e-08 -2.42749e-08 8.66252e-09 0 0 0
1.50651e-08 -4.47247e-08 3.66306e-08 0 0 0
-0.0252355 0.224497 0.196256 -0.035 0.219 0.192
1.41755e-08 -8.19188e-09 8.94902e-09 0 0 0
3.66851e-08 4.21373e-08 -6.48947e-09 0 0 0
0.183264 -0.11913 0.0480437 0.188 -0.127 0.053
1.81328e-08 1.35211e-08 1.57209e-08 0 0 0
2.11948e-08 -2.05003e-09 -4.4485e-08 0 0 0
0.0788352 -0.137971 -0.115164 0.069 -0.13 -0.109
1.75839e-08 1.76465e-08 -9.08268e-09 0 0 0
3.94253e-08 3.24338e-08 -5.69163e-08 0 0 0
0.27502 -0.0671479 -0.0584098 0.261 -0.074 -0.061
2.95923e-09 -2.22049e-08 -1.42247e-08 0 0 0
5.68461e-08 2.08664e-08 1.91806e-08 0 0 0
0.384423 -0.14311 0.0445931 0.383 -0.152 0.041
8.44781e-09 -4.8524e-08 2.24886e-08 0 0 0
-1.10496e-09 7.12689e-08 8.15802e-09 0 0 0
0.292505 0.13553 0.0117575 0.295 0.138 0.006
-5.81216e-08 7.36742e-10 -5.95718e-08 0 0 0
-2.55615e-09 1.94987e-09 1.2284e-08 0 0 0
0.137443 0.0168708 -0.0640314 0.1 0.021 -0.056
-3.42698e-08 4.0409e-08 -1.35384e-08 0 0 0
3.45362e-08 -1.49463e-08 -8.70252e-08 0 0 0
0.335681 0.104198 -0.0501049 0.357 0.105 -0.053
1.12824e-08 -3.06067e-08 -2.95857e-09 0 0 0
-1.6359e-08 -2.4005e-08 -3.50996e-08 0 0 0
-0.0950398 0.256659 0.132451 -0.094 0.251 0.128
7.54991e-09 7.82479e-09 1.68786e-08 0 0 0
-4.49502e-08 -2.49094e-08 -5.39172e-08 0 0 0
0.120122 0.195194 -0.0588914 0.118 0.206 -0.054
-1.00405e-08 -2.58757e-08 -3.83446e-08 0 0 0
-3.51287e-08 1.11566e-08 4.66202e-08 0 0 0
0.0378572 0.231183 0.16362 0.033 0.225 0.164
2.50297e-08 3.17162e-08 -1.73186e-08 0 0 0
-3.35293e-08 -1.48729e-08 2.40149e-08 0 0 0
0.236577 -0.0950176 0.0194683 0.239 -0.084 0.034
3.88903e-08 3.8237e-08 2.01051e-08 0 0 0
-2.68718e-08 -7.24336e-09 2.08903e-08 0 0 0
0.0264941 0.257098 -0.14437 0.036 0.255 -0.142
4.35076e-09 -2.92727e-08 2.0359e-08 0 0 0
4.39174e-08 2.86735e-08 -3.71808e-08 0 0 0
-0.202864 0.327443 -0.0753301 -0.188 0.327 -0.089
2.24117e-08 -2.94331e-09 -6.88637e-08 0 0 0
-1.96536e-09 6.82254e-09 -3.41194e-08 0 0 0
0.0774243 -0.0298306 0.331702 0.083 -0.031 0.315
-1.22101e-08 6.36308e-09 -1.49971e-08 0 0 0
-1.59799e-08 3.21535e-08 4.86776e-08 0 0 0
-0.0711958 0.248848 -0.164209 -0.067 0.236 -0.156
-2.19018e-08 -1.65024e-08 -2.84687e-08 0 0 0
2.95464e-08 -8.4987e-09 7.99016e-09 0 0 0
0.303965 0.125864 0.0853418 0.322 0.14 0.081
-2.77206e-08 -3.41207e-08 -1.34044e-08 0 0 0
1.89446e-08 3.00285e-08 -1.43023e-08 0 0 0
0.205033 0.113254 0.0279276 0.204 0.113 0.033
1.55676e-08 1.79584e-08 2.80681e-08 0 0 0
2.19948e-08 -8.18508e-09 -1.26782e-08 0 0 0
0.268732 -0.0214363 -0.0223904 0.258 -0.013 -0.031
3.7044e-08 1.1471e-08 6.50002e-09 0 0 0
-3.03296e-09 -4.00141e-08 5.53037e-09 0 0 0
0.268867 -0.0750913 -0.186033 0.258 -0.067 -0.176
2.31497e-08 2.61822e-08 -4.75696e-09 0 0 0
-1.67884e-08 7.78036e-08 -3.51762e-08 0 0 0
0.0232101 -0.144766 -0.227351 0.047 -0.137 -0.267
-1.49397e-08 -7.85499e-08 2.94898e-08 0 0 0
2.35175e-08 3.42564e-08 5.21587e-09 0 0 0
0.124322 -0.24796 0.0298333 0.122 -0.244 0.021
-1.42551e-09 -6.05702e-08 5.67276e-08 0 0 0
4.13547e-08 2.83877e-08 -6.05954e-08 0 0 0
0.172611 -0.188514 0.235915 0.173 -0.18 0.248
-1.06224e-08 3.68043e-08 1.91464e-08 0 0 0
-1.7157e-09 -3.43635e-08 -2.07634e-08 0 0 0
0.175071 -0.217584 0.131185 0.174 -0.224 0.132
2.78962e-08 5.02998e-08 7.36601e-09 0 0 0
-1.48021e-08 -7.35924e-09 -3.08946e-08 0 0 0
-0.198505 -0.295129 -0.0784317 -0.184 -0.285 -0.072
-9.09225e-09 2.58983e-09 1.6645e-08 0 0 0
1.20409e-08 1.38798e-08 -4.71931e-08 0 0 0
0.149155 -0.104639 -0.285024 0.148 -0.096 -0.292
5.5926e-08 -1.05227e-08 1.29256e-09 0 0 0
5.73421e-09 1.426e-08 -4.33514e-09 0 0 0
0.0127869 -0.087143 -0.244487 0.016 -0.09 -0.234
-1.44216e-08 -6.3354e-08 -2.52843e-08 0 0 0
-1.0579e-08 3.46088e-08 -1.05005e-08 0 0 0
-0.0728871 0.341538 -0.0473705 -0.078 0.327 -0.044
-3.66482e-08 -2.67026e-08 -3.67698e-08 0 0 0
2.32458e-08 1.05201e-07 2.24805e-09 0 0 0
-0.250686 -0.0649072 5.88521e-05 -0.253 -0.061 0.005
-3.66398e-09 2.12116e-08 3.58208e-08 0 0 0
-3.00378e-08 1.55235e-08 -7.18037e-11 0 0 0
0.213184 0.0261911 0.214097 0.213 0.035 0.213
-1.08974e-08 -1.61104e-08 2.23213e-08 0 0 0
6.5404e-10 2.52532e-09 -2.35209e-09 0 0 0
0.204811 -0.258165 -0.0100804 0.207 -0.249 -0.007
-9.05711e-09 -2.17014e-09 1.30836e-08 0 0 0
1.40629e-08 -3.60031e-09 3.40513e-08 0 0 0
0.283318 0.11062 -0.097557 0.288 0.112 -0.1
4.62447e-08 -2.1543e-08 7.45283e-09 0 0 0
-2.18673e-08 1.42177e-08 -1.19778e-08 0 0 0
0.128182 -0.203503 0.106004 0.122 -0.215 0.117
2.49846e-08 -3.99121e-08 3.73916e-08 0 0 0
-6.1016e-09 6.59496e-10 -7.2742e-09 0 0 0
0.0953229 0.149984 0.122824 0.096 0.136 0.128
-1.6428e-08 3.11399e-08 -2.53494e-08 0 0 0
3.93484e-08 -3.05183e-09 -3.61006e-08 0 0 0
-0.117911 -0.132685 0.186317 -0.109 -0.137 0.188
2.05947e-08 -1.18401e-08 4.4576e-08 0 0 0
-1.77583e-08 1.04967e-08 3.84893e-08 0 0 0
0.0832779 0.231952 -0.188728 0.082 0.228 -0.188
1.72499e-08 3.29396e-08 3.53874e-08 0 0 0
1.9041e-08 -1.28576e-08 3.16255e-08 0 0 0
0.0950467 -0.251417 0.0619774 0.081 -0.257 0.061
-2.47193e-09 2.66218e-09 -4.26966e-08 0 0 0
-2.41295e-08 -3.59903e-08 4.91714e-08 0 0 0
-0.0155365 0.168125 0.283939 -0.018 0.162 0.282
-6.58204e-09 3.53504e-09 6.22231e-09 0 0 0
3.69522e-09 1.42472e-09 4.12467e-08 0 0 0
0.301683 0.117949 -0.177558 0.315 0.102 -0.167
-1.94245e-08 -4.30766e-08 3.75195e-08 0 0 0
1.42982e-08 7.27054e-08 3.95521e-11 0 0 0
-0.133236 0.13341 -0.089521 -0.129 0.133 -0.074
1.9446e-08 2.4701e-08 -6.09344e-09 0 0 0
-5.15809e-08 -5.72381e-08 -2.93331e-08 0 0 0
0.129017 -0.0733715 0.302607 0.132 -0.074 0.316
1.11239e-08 4.29381e-08 3.99892e-08 0 0 0
-1.3844e-09 -2.68108e-08 -2.01548e-08 0 0 0
-0.349272 -0.148419 0.00309766 -0.353 -0.148 0.006
-4.79934e-08 3.80643e-08 -4.92167e-09 0 0 0
2.34231e-08 -5.41905e-08 6.2797e-09 0 0 0
-0.282349 0.157174 -0.00299997 -0.275 0.144 0.004
2.06953e-08 2.14672e-08 -8.39811e-09 0 0 0
-1.34806e-08 1.14199e-08 1.28151e-08 0 0 0
-0.0109904 0.248251 0.00511847 -0.011 0.253 -0.004
2.32885e-08 1.71716e-08 -2.45313e-08 0 0 0
-4.17208e-08 -1.21394e-08 -4.83851e-09 0 0 0
-0.0504914 0.238213 -0.141529 -0.055 0.242 -0.138
2.35435e-08 9.55866e-09 2.81218e-09 0 0 0
4.80787e-08 -1.50411e-08 -1.29846e-08 0 0 0
-0.119237 -0.167439 0.197242 -0.124 -0.16 0.181
3.73444e-08 -1.21989e-08 3.53475e-08 0 0 0
-6.69861e-08 -1.95002e-08 1.22822e-08 0 0 0
-0.00136005 0.316721 0.125584 0.013 0.313 0.116
-2.05194e-08 1.41078e-08 -4.53072e-09 0 0 0
2.94592e-09 3.08627e-08 4.1417e-08 0 0 0
-0.296439 0.17118 -0.0260667 -0.292 0.158 -0.026
1.30938e-08 -5.81001e-11 1.52037e-08 0 0 0
3.78622e-08 -9.45172e-09 -7.18143e-10 0 0 0
-0.0264632 0.158087 -0.129019 -0.023 0.148 -0.134
2.05944e-08 3.74787e-08 -3.05556e-08 0 0 0
-8.19423e-09 1.44838e-08 -2.99889e-08 0 0 0
0.270961 -0.0139859 0.0101589 0.271 -0.004 0.007
-2.28336e-09 -3.87116e-09 1.18607e-08 0 0 0
-1.36099e-08 2.15632e-08 3.11632e-08 0 0 0
-0.133398 -0.258584 -0.0819032 -0.137 -0.259 -0.087
-2.13191e-08 1.77533e-08 -2.616e-08 0 0 0
-1.49176e-08 -5.35183e-09 -2.24631e-08 0 0 0
0.112694 0.249668 -0.0450894 0.118 0.249 -0.032
1.45024e-08 1.50116e-08 1.60594e-08 0 0 0
-1.00573e-08 1.3716e-08 1.10279e-08 0 0 0
0.251873 0.114303 -0.17711 0.227 0.114 -0.185
-1.16432e-08 -3.74718e-08 -6.07026e-08 0 0 0
-6.83274e-08 2.76799e-08 2.36739e-08 0 0 0
0.0591291 0.150872 0.0739372 0.06 0.141 0.068
1.89939e-08 -8.03224e-09 2.56397e-09 0 0 0
-2.8983e-08 6.34331e-08 -2.91753e-08 0 0 0
-0.287173 -0.0725714 -0.138614 -0.294 -0.073 -0.125
-1.10199e-08 -1.73948e-08 -5.71629e-08 0 0 0
4.62869e-09 4.71611e-08 2.74748e-08 0 0 0
0.118672 0.0483246 0.0789653 0.128 0.05 0.087
-1.24545e-08 1.30907e-08 9.12425e-08 0 0 0
8.08588e-08 2.66118e-08 -8.78316e-09 0 0 0
-0.120053 0.014757 -0.276082 -0.122 0.014 -0.276
1.90161e-08 7.38952e-08 6.65127e-09 0 0 0
3.59658e-08 -1.8141e-08 -1.65637e-08 0 0 0
-0.184559 -0.13314 0.0388122 -0.203 -0.137 0.036
-3.80297e-08 -3.34714e-08 3.36333e-08 0 0 0
-3.66988e-08 -9.56263e-09 6.00098e-09 0 0 0
-0.223883 -0.0191636 -0.119454 -0.219 -0.017 -0.121
-3.83693e-08 -1.55151e-08 2.75074e-08 0 0 0
1.65018e-08 -6.53212e-09 -2.70243e-08 0 0 0
-0.0142429 0.231492 -0.0133652 -0.018 0.225 -0.022
-4.51648e-08 -9.63476e-09 1.32666e-08 0 0 0
1.53612e-08 9.74279e-10 -3.56514e-08 0 0 0
0.136016 0.287009 -0.0132361 0.135 0.289 -0.009
-2.10132e-08 4.48538e-08 -4.84977e-08 0 0 0
-3.98948e-09 -3.98694e-08 1.74663e-08 0 0 0
-0.257576 0.0711094 -0.0259773 -0.253 0.066 -0.019
-1.68678e-08 1.5814e-08 2.40966e-08 0 0 0
-9.03359e-09 -1.36504e-08 2.10996e-08 0 0 0
0.0309862 -0.108344 0.300324 0.078 -0.111 0.348
-1.47017e-08 3.43338e-09 -1.75495e-09 0 0 0
-1.57139e-08 -2.19982e-08 3.06674e-08 0 0 0
0.0637643 0.266057 -0.196416 0.065 0.271 -0.199
-2.71225e-08 1.39274e-08 -6.84736e-08 0 0 0
4.56965e-08 5.74239e-08 3.3469e-08 0 0 0
-0.0622995 0.413731 0.117383 -0.059 0.417 0.116
-1.28016e-08 4.40878e-09 1.5977e-08 0 0 0
5.42874e-09 3.02051e-08 -1.33397e-08 0 0 0
0.172305 0.132947 -0.0560538 0.17 0.142 -0.06
8.11373e-09 -2.55311e-08 -2.44269e-08 0 0 0
-1.48717e-08 3.2384e-09 5.96326e-08 0 0 0
0.117788 -0.180987 -0.0284776 0.11 -0.186 -0.048
9.44745e-09 6.91366e-08 -1.77929e-08 0 0 0
6.47669e-08 -3.89857e-08 4.13856e-08 0 0 0
0.192629 -0.130844 0.128196 0.203 -0.137 0.119
2.25669e-08 4.20843e-08 1.54299e-08 0 0 0
1.3771e-08 -3.58938e-08 -2.12451e-08 0 0 0
0.126358 -0.090439 0.235098 0.127 -0.096 0.226
1.81218e-08 1.62747e-08 9.31965e-09 0 0 0
-3.61684e-09 -5.98173e-08 -1.94748e-08 0 0 0
0.336717 0.102046 0.168563 0.334 0.109 0.166
3.57604e-09 3.09654e-08 5.15609e-08 0 0 0
-1.75549e-08 1.60779e-08 -1.79008e-08 0 0 0
0.267827 0.188206 -0.0803148 0.253 0.168 -0.084
-1.11091e-08 2.32073e-08 -5.68985e-08 0 0 0
3.85767e-08 4.29112e-08 1.76764e-08 0 0 0
0.251523 0.0243892 0.163161 0.253 0.027 0.15
-2.03638e-08 1.62495e-09 2.92862e-08 0 0 0
2.69818e-08 -4.84742e-09 -9.05477e-09 0 0 0
0.171933 0.208145 -0.0502526 0.176 0.203 -0.047
1.04708e-08 -1.49229e-08 -4.48513e-08 0 0 0
-3.95601e-08 2.49382e-08 -3.39032e-09 0 0 0
-0.131702 0.268534 -0.0491881 -0.135 0.264 -0.053
-5.45393e-08 -1.12571e-08 2.97868e-08 0 0 0
-8.80268e-09 3.32377e-08 -5.72608e-08 0 0 0
0.198717 0.0590101 0.201784 0.196 0.057 0.205
4.70318e-08 4.15056e-09 2.08523e-08 0 0 0
-4.38604e-08 1.89726e-08 3.24891e-09 0 0 0
0.172721 0.067286 0.231079 0.166 0.067 0.24
-5.62421e-08 -9.07494e-09 -3.60847e-08 0 0 0
2.94809e-08 4.20217e-09 -3.41016e-08 0 0 0
0.0484822 0.219571 -0.206603 0.035 0.233 -0.213
4.86488e-08 -2.72957e-08 -2.32536e-08 0 0 0
3.27996e-08 -8.57871e-10 3.54532e-08 0 0 0
0.041495 0.302452 0.0322078 0.025 0.308 0.032
1.44239e-08 -6.59647e-08 -1.10897e-09 0 0 0
2.72115e-08 1.83904e-08 9.60332e-09 0 0 0
0.0591594 -0.292229 0.241399 0.054 -0.295 0.238
-3.65799e-08 3.14599e-08 -6.45372e-09 0 0 0
3.81919e-08 -3.04135e-08 -4.13696e-08 0 0 0
0.190158 0.052393 -0.274117 0.193 0.04 -0.265
4.70526e-08 -1.84745e-08 -1.61251e-08 0 0 0
-3.52686e-08 -1.26243e-08 -2.12355e-08 0 0 0
0.0642114 -0.00671761 0.365652 0.061 -0 0.366
-2.304e-08 4.0144e-08 4.35844e-09 0 0 0
-3.35544e-08 -1.96371e-09 -4.09387e-08 0 0 0
-0.00834628 0.156314 0.233053 -0.001 0.152 0.233
-9.88967e-10 -1.18148e-08 2.37113e-08 0 0 0
-2.29286e-09 -8.38983e-10 9.46602e-09 0 0 0
0.292894 -0.0952991 0.0286579 0.286 -0.1 0.021
-3.76196e-08 2.48365e-08 -1.22814e-08 0 0 0
1.2277e-08 -5.58854e-08 -3.8244e-08 0 0 0
0.401362 0.0825734 -0.144489 0.41 0.084 -0.137
-4.5466e-08 -1.62701e-08 6.93025e-09 0 0 0
-2.38715e-09 3.3869e-09 -3.32639e-08 0 0 0
0.101431 -0.165329 -0.231169 0.116 -0.164 -0.237
1.86624e-08 5.49039e-09 9.69362e-09 0 0 0
-8.12555e-09 -6.28978e-08 -3.0925e-08 0 0 0
0.263218 -0.14674 0.0142606 0.264 -0.152 0.022
1.83185e-08 3.20649e-08 2.13179e-09 0 0 0
1.72395e-08 -1.57733e-08 1.56625e-08 0 0 0
0.198328 0.180375 0.1079 0.206 0.179 0.103
-6.43975e-08 -6.68856e-08 2.73761e-08 0 0 0
-1.52381e-08 1.64441e-08 4.88279e-08 0 0 0
0.214751 0.243615 -0.0771122 0.205 0.231 -0.083
3.66001e-10 -3.83636e-09 2.07631e-08 0 0 0
6.97027e-09 1.21712e-08 -2.91002e-08 0 0 0
-0.262439 0.195092 -0.17592 -0.258 0.196 -0.168
-5.25787e-09 7.91113e-09 2.26395e-08 0 0 0
1.3609e-08 2.19256e-08 -1.09844e-08 0 0 0
0.0367638 -0.317198 -0.125568 0.036 -0.322 -0.117
4.48691e-08 -6.92504e-09 -6.41256e-08 0 0 0
1.24709e-08 -7.78729e-08 1.63614e-08 0 0 0
0.203978 -0.0727492 -0.157525 0.213 -0.068 -0.153
2.80118e-08 -3.78786e-08 -2.70542e-08 0 0 0
5.47623e-08 4.75263e-08 -5.47646e-08 0 0 0
-0.162455 0.152695 -0.0903546 -0.167 0.16 -0.081
-4.98539e-08 -4.3963e-08 -2.06583e-09 0 0 0
3.68427e-08 3.83356e-08 -3.21194e-09 0 0 0
-0.241297 0.00650377 -0.0403648 -0.253 0.013 -0.047
-1.35609e-08 -3.72788e-08 4.31042e-09 0 0 0
-6.13959e-08 2.07992e-08 -3.26115e-08 0 0 0
-0.0462563 0.222181 -0.22218 -0.053 0.228 -0.22
6.53578e-08 -1.21909e-08 -1.67159e-08 0 0 0
4.18446e-10 -3.33467e-08 -3.0041e-08 0 0 0
0.116708 -0.143228 -0.177442 0.119 -0.136 -0.17
1.06744e-08 3.43609e-08 2.66786e-08 0 0 0
5.2185e-08 2.19987e-09 -5.21378e-08 0 0 0
0.263443 0.248091 0.150647 0.265 0.25 0.156
2.53459e-08 -9.10146e-09 -2.76129e-08 0 0 0
2.84594e-08 -3.30872e-08 2.78752e-08 0 0 0
0.114217 -0.19948 0.159665 0.096 -0.201 0.157
1.20989e-08 -6.05727e-08 -2.5837e-08 0 0 0
2.96476e-09 -5.9534e-08 4.34345e-08 0 0 0
-0.0686695 0.257432 0.107067 -0.062 0.254 0.107
1.0213e-08 -1.91477e-09 1.37762e-08 0 0 0
1.50928e-08 2.9231e-08 -1.67455e-08 0 0 0
-0.0398289 -0.0330697 0.24478 -0.038 -0.041 0.253
-1.09528e-08 -5.38254e-08 7.68389e-09 0 0 0
-9.48377e-09 2.67945e-08 3.76866e-08 0 0 0
0.180884 0.182342 -0.105936 0.182 0.175 -0.103
-4.17822e-09 -5.55249e-10 3.36806e-08 0 0 0
1.5368e-08 -1.43634e-08 3.32091e-08 0 0 0
0.0609194 0.0946837 0.259415 0.076 0.098 0.259
-4.50306e-08 -7.16472e-09 -5.32128e-08 0 0 0
4.02019e-08 -1.37153e-09 1.05808e-08 0 0 0
-0.0950806 0.243093 0.00433838 -0.111 0.252 0.005
-4.19724e-08 3.24301e-08 5.01184e-08 0 0 0
3.67415e-08 5.09615e-08 -6.18757e-09 0 0 0
0.207889 0.29924 -0.147544 0.205 0.296 -0.144
-7.14963e-08 6.65671e-08 1.01503e-08 0 0 0
4.84937e-08 -2.86347e-08 2.46972e-08 0 0 0
-0.234608 0.136843 -0.0784887 -0.24 0.14 -0.07
-4.27313e-09 -2.70189e-08 9.51566e-10 0 0 0
5.45889e-08 1.13943e-08 2.21898e-08 0 0 0
-0.132216 -0.174417 0.354352 -0.128 -0.191 0.359
-1.21919e-08 -1.55227e-08 -2.89787e-08 0 0 0
1.32757e-08 3.45829e-08 2.43617e-08 0 0 0
-0.287956 0.158728 0.0951785 -0.278 0.159 0.114
1.56098e-08 1.88157e-09 2.8049e-09 0 0 0
-1.08099e-08 2.01799e-09 1.97841e-08 0 0 0
-0.0663925 0.165311 0.0213631 -0.079 0.176 0.015
-7.26782e-09 5.34126e-08 -4.25062e-08 0 0 0
1.46303e-08 1.59559e-08 7.72944e-08 0 0 0
-0.0820758 -0.155057 -0.19084 -0.08 -0.15 -0.213
-3.30034e-08 -1.09178e-08 -8.01798e-09 0 0 0
4.64316e-08 -7.99494e-09 -2.18373e-08 0 0 0
-0.126045 0.341596 0.122664 -0.117 0.33 0.124
-1.75096e-08 1.71539e-08 -3.16639e-08 0 0 0
2.90451e-08 1.98269e-08 -2.87359e-08 0 0 0
-0.0302715 -0.238174 0.111943 -0.038 -0.231 0.11
2.33353e-08 3.29206e-10 5.12107e-08 0 0 0
-3.97801e-08 -3.90299e-08 -3.93048e-09 0 0 0
0.165366 0.203317 -0.0345638 0.162 0.2 -0.038
-2.52357e-08 3.32736e-08 2.88591e-08 0 0 0
-5.91716e-08 3.29668e-08 -9.52422e-09 0 0 0
-0.163295 -0.127821 0.0926162 -0.161 -0.141 0.092
-3.62017e-08 -4.2559e-08 -1.74153e-08 0 0 0
-6.25698e-09 5.00922e-08 6.20945e-08 0 0 0
0.114815 0.203087 -0.228532 0.106 0.191 -0.212
3.25734e-08 6.71083e-09 -2.9003e-08 0 0 0
-4.04777e-08 -1.66687e-08 -4.27806e-08 0 0 0
0.161256 0.196795 0.0622923 0.154 0.21 0.081
1.64269e-08 -1.6151e-09 -2.52555e-08 0 0 0
3.60397e-08 3.67173e-08 9.74839e-09 0 0 0
-0.229465 -0.0502376 0.134248 -0.235 -0.049 0.138
-3.09369e-09 1.08502e-08 -3.45029e-08 0 0 0
-8.76448e-10 -2.10657e-08 2.58685e-08 0 0 0
0.232724 0.157822 -0.17166 0.222 0.152 -0.166
1.89989e-08 9.26058e-09 2.86368e-08 0 0 0
-3.27207e-08 6.86478e-09 -2.90273e-08 0 0 0
-0.0207137 0.16775 0.30866 -0.023 0.167 0.306
-2.62938e-08 2.13074e-08 -4.23639e-09 0 0 0
9.43065e-08 1.68751e-08 2.88439e-08 0 0 0
0.304044 0.0139452 0.0150272 0.324 0.007 0.019
3.31115e-08 1.27654e-09 9.97846e-09 0 0 0
8.40342e-09 9.4772e-09 -2.43152e-08 0 0 0
-0.241243 -0.12731 -0.189059 -0.224 -0.148 -0.19
-1.11459e-09 -5.94322e-08 2.8726e-08 0 0 0
1.2849e-09 -5.08659e-09 5.92084e-08 0 0 0
0.172715 -0.023382 0.0291328 0.175 -0.042 0.034
3.12965e-09 2.1282e-08 -8.73847e-09 0 0 0
-4.71696e-08 8.17049e-09 3.50177e-08 0 0 0
-0.217994 -0.255748 -0.0477298 -0.221 -0.244 -0.043
-3.33225e-09 -6.20247e-08 -3.70654e-08 0 0 0
1.57978e-08 -3.6197e-08 -2.00948e-08 0 0 0
-0.0976061 -0.335055 -0.0207926 -0.1 -0.349 -0.03
7.77954e-09 1.12782e-08 8.62904e-09 0 0 0
-8.46474e-09 -6.45578e-08 -8.24389e-09 0 0 0
-0.224951 0.0251663 -0.166517 -0.235 0.038 -0.164
-2.88766e-08 4.07283e-08 7.97798e-09 0 0 0
2.03154e-08 -3.12808e-08 -4.8578e-08 0 0 0
-0.0244804 0.21171 0.124261 -0.021 0.203 0.129
3.59029e-08 2.73384e-08 8.59303e-09 0 0 0
-1.28232e-08 -2.48085e-08 -5.49239e-08 0 0 0
0.0618532 0.169775 0.0721567 0.058 0.167 0.06
6.76899e-09 3.9502e-08 6.33981e-08 0 0 0
-4.83913e-08 2.45238e-08 4.97498e-09 0 0 0
-0.191733 -0.124356 -0.179715 -0.173 -0.114 -0.176
6.92464e-09 -6.32168e-09 2.41767e-09 0 0 0
-3.73599e-10 1.69646e-08 -4.59083e-08 0 0 0
-0.0535481 -0.136324 0.0953902 -0.058 -0.14 0.105
3.43908e-08 -8.80324e-09 1.19466e-08 0 0 0
-8.00678e-08 -3.17148e-08 3.1949e-08 0 0 0
-0.122838 0.160728 -0.271793 -0.129 0.17 -0.288
-2.21865e-08 -3.70531e-08 5.36418e-09 0 0 0
-2.1569e-08 1.31605e-10 3.89539e-08 0 0 0
0.118389 0.168586 0.220631 0.108 0.156 0.215
-2.60964e-08 -1.15775e-09 3.76784e-08 0 0 0
4.13949e-08 6.35189e-08 4.64897e-09 0 0 0
0.259502 -0.0636508 0.025772 0.262 -0.072 0.028
-5.81738e-09 1.18673e-08 2.04603e-08 0 0 0
-7.97432e-09 -4.95598e-09 -3.92499e-08 0 0 0
0.134143 -0.0955098 -0.122116 0.138 -0.08 -0.111
-4.49701e-09 7.02656e-09 1.84841e-08 0 0 0
3.49572e-08 2.6583e-08 -4.62785e-08 0 0 0
0.141898 -0.0682892 -0.012611 0.157 -0.07 -0.029
6.88868e-08 1.54514e-08 -3.7845e-09 0 0 0
1.98504e-08 -4.83085e-08 -3.98792e-08 0 0 0
0.327496 -0.0611342 0.0229592 0.324 -0.062 0.031
-9.73141e-09 -4.42851e-08 3.27599e-09 0 0 0
-7.27047e-09 5.98829e-08 2.47156e-08 0 0 0
0.266469 0.126722 -0.0151373 0.263 0.12 -0.021
-5.83209e-08 -2.54615e-08 -3.4881e-08 0 0 0
-1.31298e-08 9.63386e-09 -2.82545e-08 0 0 0
0.130998 0.197349 -0.21267 0.113 0.206 -0.205
4.22005e-08 -1.8883e-08 -4.94795e-08 0 0 0
-1.33401e-08 2.77196e-08 1.94292e-08 0 0 0
0.157546 -0.252888 -0.0877588 0.157 -0.265 -0.081
1.2383e-08 -4.26532e-09 3.2739e-08 0 0 0
-3.81299e-08 9.788e-09 -2.36596e-08 0 0 0
-0.0184702 0.314259 0.102495 -0.011 0.316 0.117
2.24173e-08 -3.72485e-08 -4.88124e-08 0 0 0
7.97195e-09 2.8127e-08 -2.8679e-08 0 0 0
0.000538395 0.0996345 -0.0607529 0.005 0.113 -0.069
1.60775e-08 2.00175e-08 -1.6099e-08 0 0 0
-4.64686e-08 4.95701e-08 6.32584e-08 0 0 0
0.0856742 0.124406 0.159729 0.091 0.129 0.162
8.59594e-09 3.03983e-08 -5.33677e-09 0 0 0
-3.8929e-08 2.85214e-09 2.71311e-08 0 0 0
0.230527 -0.118611 0.0333175 0.231 -0.122 0.045
2.24599e-08 3.57393e-08 -1.88885e-09 0 0 0
-2.07999e-10 1.31268e-08 4.54518e-08 0 0 0
0.0524558 0.0152831 -0.238793 0.067 -0.019 -0.223
-2.68779e-09 1.95366e-08 5.12074e-08 0 0 0
-1.25977e-08 -2.44989e-08 1.93441e-08 0 0 0
-0.0723991 0.249524 -0.0106525 -0.065 0.255 -0.005
-6.66127e-08 -2.53789e-09 1.44571e-08 0 0 0
-1.05638e-11 -9.22607e-09 -7.21285e-08 0 0 0
0.109896 0.130488 0.35744 0.117 0.128 0.36
-2.0503e-08 3.41301e-08 3.59969e-08 0 0 0
1.36977e-08 -2.43979e-08 -3.22505e-08 0 0 0
0.131702 0.234363 -0.167001 0.143 0.232 -0.167
3.05671e-08 2.39758e-08 -1.61611e-08 0 0 0
-2.67224e-08 2.22269e-08 -2.78806e-08 0 0 0
0.143011 0.125308 0.176508 0.148 0.132 0.162
5.92423e-09 2.66798e-08 3.69175e-09 0 0 0
-1.53714e-08 -6.69047e-09 -2.85266e-09 0 0 0
0.229727 0.083407 0.184107 0.21 0.101 0.162
1.78571e-09 -3.59304e-08 -2.15679e-08 0 0 0
7.3135e-09 3.07011e-08 4.99812e-08 0 0 0
0.23743 -0.00832669 -0.0750732 0.233 -0.007 -0.084
5.25336e-08 2.58461e-08 6.96534e-09 0 0 0
2.05941e-08 -3.1231e-08 -2.1166e-08 0 0 0
0.253315 0.100123 -0.179909 0.242 0.1 -0.18
5.31186e-09 2.5854e-08 -3.29543e-08 0 0 0
3.80699e-08 1.12706e-08 1.10486e-08 0 0 0
0.139569 -0.179149 -0.0828085 0.137 -0.215 -0.076
1.21583e-08 -5.44715e-08 2.092e-08 0 0 0
1.24866e-08 1.71628e-08 9.18779e-09 0 0 0
0.306545 -0.153943 0.0390068 0.302 -0.15 0.041
1.48039e-08 -3.19403e-11 -4.29471e-08 0 0 0
-8.32975e-09 -4.91315e-08 2.87889e-08 0 0 0
0.332568 -0.0268105 0.10674 0.329 -0.02 0.104
-1.3324e-08 -5.30796e-08 1.68048e-08 0 0 0
-2.30494e-08 -1.18063e-08 -4.45887e-09 0 0 0
0.144505 -0.0469871 0.136277 0.137 -0.052 0.151
3.67765e-08 1.1511e-08 4.06586e-08 0 0 0
-4.54769e-08 -2.64907e-08 -1.77397e-08 0 0 0
-0.243166 -0.0811894 -0.0853207 -0.241 -0.069 -0.099
2.41261e-09 7.40045e-09 6.40492e-09 0 0 0
-2.78046e-08 -7.90056e-09 3.27217e-08 0 0 0
0.298095 -0.128074 -0.180217 0.285 -0.114 -0.168
2.31587e-08 -3.87375e-08 -2.99825e-09 0 0 0
9.08398e-09 3.09512e-08 -5.10835e-08 0 0 0
0.132425 -0.0267133 -0.149321 0.129 -0.02 -0.139
1.3727e-08 -3.68737e-08 -2.80504e-08 0 0 0
-3.94076e-09 6.286e-08 -3.43758e-10 0 0 0
-0.194236 0.13869 -0.00977871 -0.196 0.156 -0.007
-1.4362e-08 4.05722e-08 -8.21197e-09 0 0 0
4.03322e-08 4.0791e-08 -2.45709e-08 0 0 0
-0.257991 0.0621666 -0.140413 -0.259 0.053 -0.137
7.7962e-09 4.88552e-09 2.66455e-08 0 0 0
-6.22651e-08 3.85471e-08 -2.57464e-08 0 0 0
0.201419 0.0471109 0.205848 0.209 0.048 0.206
2.23813e-09 -3.25305e-09 -3.86616e-08 0 0 0
-9.00168e-09 1.83149e-08 1.85516e-09 0 0 0
0.135517 -0.224382 0.0104306 0.135 -0.215 0.022
-1.58179e-08 -3.14647e-08 1.36685e-08 0 0 0
-9.7135e-09 -4.87176e-08 2.06025e-08 0 0 0
0.32158 0.000408301 -0.0386459 0.326 0.003 -0.031
2.18375e-08 -1.09559e-08 -5.58103e-09 0 0 0
-1.68581e-08 1.0099e-08 -5.59209e-08 0 0 0
0.159855 -0.0473376 0.235109 0.153 -0.05 0.235
-3.94893e-09 -1.993e-08 1.97812e-08 0 0 0
6.56273e-09 -2.66733e-08 3.88114e-09 0 0 0
0.123686 0.115495 0.25431 0.108 0.113 0.248
9.42003e-09 7.83915e-10 -2.42422e-08 0 0 0
-6.29629e-09 4.0434e-08 1.8007e-08 0 0 0
-0.146041 -0.130486 0.316425 -0.141 -0.123 0.308
1.39555e-08 3.03932e-08 2.42351e-08 0 0 0
6.25307e-09 -3.51791e-08 4.80812e-08 0 0 0
0.197696 0.182894 -0.038602 0.193 0.183 -0.055
-2.78945e-09 -4.81161e-09 4.55068e-09 0 0 0
3.31502e-08 -3.79573e-08 -4.99703e-09 0 0 0
0.00272618 -0.272354 0.13247 0.003 -0.284 0.136
-6.87722e-09 -2.52774e-08 6.16494e-08 0 0 0
-1.8533e-08 5.29592e-09 -5.53399e-08 0 0 0
0.0770006 0.0603779 0.305927 0.073 0.054 0.31
3.49621e-09 1.52832e-10 3.11819e-09 0 0 0
6.48316e-09 1.56917e-08 3.82955e-08 0 0 0
0.167182 0.177033 0.0768891 0.165 0.157 0.076
2.2146e-08 1.58321e-08 -1.02494e-08 0 0 0
1.92136e-08 -5.56488e-08 -4.21741e-08 0 0 0
-0.146199 0.253459 -0.0747284 -0.167 0.234 -0.071
2.08403e-10 -6.61994e-08 -3.69218e-08 0 0 0
3.89526e-08 6.00479e-08 1.10757e-09 0 0 0
0.250752 0.0316401 0.00620946 0.258 0.02 0.001
-1.05103e-08 1.79588e-09 -2.97787e-08 0 0 0
5.41063e-08 -2.27772e-08 8.37547e-09 0 0 0
0.0621182 0.245801 0.0287685 0.072 0.242 0.023
1.31503e-09 -3.81955e-08 -2.10538e-08 0 0 0
4.66812e-09 2.01625e-08 -1.00059e-08 0 0 0
0.0157799 0.288582 -0.0450297 0.017 0.282 -0.042
-2.95073e-08 4.47808e-08 -1.3262e-09 0 0 0
-3.1995e-08 -1.73723e-08 -1.35267e-08 0 0 0
-0.0907151 0.179668 -0.196623 -0.101 0.159 -0.196
-1.79001e-08 -4.54705e-08 7.77269e-09 0 0 0
-7.6783e-09 3.1793e-08 -9.61353e-09 0 0 0
-0.0014193 0.178795 0.184635 0.017 0.2 0.177
1.63638e-09 -1.03118e-08 3.12964e-08 0 0 0
-5.28199e-08 6.33696e-09 1.40752e-08 0 0 0
-0.00934403 0.0539459 0.29214 -0.004 0.064 0.302
-4.16534e-08 -1.61527e-08 -3.4526e-08 0 0 0
1.39072e-08 -2.17352e-08 2.37237e-08 0 0 0
0.00761137 0.104987 -0.107785 0.005 0.11 -0.114
-1.80609e-08 1.58024e-09 -3.35229e-09 0 0 0
3.66404e-09 3.97416e-08 3.07102e-08 0 0 0
-0.272463 -0.21706 0.137757 -0.28 -0.216 0.147
-8.45473e-09 3.11046e-08 1.35632e-08 0 0 0
-1.64093e-08 -2.74127e-08 -2.21188e-08 0 0 0
0.114399 0.273563 -0.0976392 0.117 0.275 -0.085
3.71916e-08 -5.46278e-08 -4.45388e-09 0 0 0
-1.09897e-08 2.49792e-08 2.19966e-08 0 0 0
0.2208 0.105813 0.0443475 0.228 0.105 0.04
5.96586e-08 1.66271e-09 6.15418e-09 0 0 0
-1.79627e-08 3.94917e-08 -3.70067e-09 0 0 0
-0.330103 0.15273 -0.0374989 -0.326 0.156 -0.039
4.3482e-08 1.73383e-08 8.9131e-09 0 0 0
3.94741e-08 2.54423e-08 -4.29096e-08 0 0 0
0.200406 0.178604 -0.0915255 0.208 0.182 -0.089
1.8465e-08 -1.82903e-08 3.94645e-08 0 0 0
3.59619e-08 -2.36141e-08 -2.96193e-08 0 0 0
0.115531 0.268978 0.130918 0.113 0.265 0.132
1.78921e-08 8.4217e-09 -2.91431e-08 0 0 0
-4.87922e-08 5.02495e-08 2.81561e-08 0 0 0
0.0951998 0.102893 -0.10082 0.094 0.115 -0.091
-9.7755e-10 -2.09836e-09 -1.39483e-08 0 0 0
2.01968e-08 2.03585e-09 -2.18678e-08 0 0 0
-0.327704 0.0168885 -0.0742874 -0.337 0.017 -0.078
-5.83694e-08 -1.97636e-08 4.27409e-08 0 0 0
-5.01024e-08 -5.56336e-08 2.87774e-09 0 0 0
0.120511 0.0291585 0.148711 0.123 0.007 0.153
4.35146e-08 3.19724e-08 -2.81075e-08 0 0 0
3.79998e-10 -4.60098e-08 7.69527e-08 0 0 0
-0.268231 -0.0601672 -0.25033 -0.287 -0.055 -0.258
-3.95562e-08 1.56661e-08 3.25421e-09 0 0 0
-1.20694e-09 -4.64088e-08 -2.08357e-08 0 0 0
-0.112468 -0.207564 -0.000918576 -0.104 -0.221 -0.006
6.47429e-09 -6.8728e-09 2.22527e-10 0 0 0
-1.1262e-08 -4.23648e-08 -4.03049e-08 0 0 0
-0.291849 0.0430999 -0.116785 -0.303 0.04 -0.13
-2.25717e-08 1.72701e-08 -2.70262e-08 0 0 0
1.84523e-08 4.61722e-08 2.35811e-08 0 0 0
-0.0405681 0.252884 0.0410834 -0.044 0.249 0.052
-3.78373e-08 1.35075e-08 -2.70601e-08 0 0 0
1.41732e-08 4.09656e-08 5.04305e-08 0 0 0
0.139416 0.128716 0.0741559 0.146 0.141 0.078
-1.99902e-08 2.09561e-08 -3.19659e-08 0 0 0
9.45974e-09 -3.10983e-09 6.10349e-08 0 0 0
-0.320488 -0.016067 -0.0502333 -0.321 -0.021 -0.045
1.59546e-08 5.28748e-08 -3.66905e-08 0 0 0
4.13856e-09 -4.12741e-08 8.3484e-09 0 0 0
0.0153531 -0.122405 0.181017 0.021 -0.114 0.171
-2.2269e-08 -6.2274e-08 -2.24969e-08 0 0 0
-2.77738e-08 -2.01363e-08 -4.6245e-08 0 0 0
-0.169029 0.0638895 -0.0739447 -0.18 0.084 -0.086
1.8476e-08 1.41799e-08 -3.73439e-08 0 0 0
-2.60176e-08 2.50434e-08 -1.12879e-08 0 0 0
-0.238511 0.157536 0.0861671 -0.24 0.172 0.134
-9.67901e-09 -3.75406e-08 1.65138e-08 0 0 0
-4.81813e-08 1.73683e-08 9.28166e-09 0 0 0
0.200169 -0.157422 0.024279 0.203 -0.165 0.037
-3.21103e-08 7.59529e-09 -5.56933e-09 0 0 0
-2.17403e-08 -2.96312e-09 -1.38557e-08 0 0 0
0.0770959 -0.241356 -0.192854 0.075 -0.236 -0.193
1.83202e-08 2.18414e-08 -9.20893e-09 0 0 0
2.61156e-08 -7.53791e-09 1.61217e-08 0 0 0
0.274217 -0.0537769 -0.0183704 0.264 -0.056 -0.005
1.41048e-08 3.18917e-08 1.12128e-08 0 0 0
1.94511e-08 1.39092e-08 4.59021e-10 0 0 0
0.29188 0.0101921 0.0938584 0.299 0.02 0.07
1.58765e-08 4.10925e-08 2.29927e-08 0 0 0
3.71614e-08 -1.76873e-09 1.31551e-08 0 0 0
0.257281 0.125399 -0.153901 0.254 0.113 -0.142
-3.92495e-09 3.94897e-08 -8.82405e-09 0 0 0
5.91855e-08 -1.00136e-08 9.29839e-09 0 0 0
0.00995923 0.283804 0.132284 0.006 0.277 0.137
1.78476e-08 3.06929e-08 5.01263e-08 0 0 0
-2.78132e-08 -8.18979e-09 -8.65005e-09 0 0 0
0.374068 -0.183688 0.0408193 0.376 -0.184 0.035
8.59597e-08 7.79191e-09 9.53552e-09 0 0 0
-2.97363e-08 2.22904e-08 -5.9107e-09 0 0 0
-0.0498475 0.3302 -0.0444447 -0.047 0.332 -0.029
2.32761e-08 3.88136e-08 -2.02174e-08 0 0 0
-4.17104e-08 2.43899e-08 2.91397e-08 0 0 0
0.0092512 0.110489 -0.196231 0.004 0.111 -0.207
5.33007e-08 4.96475e-08 -2.59346e-08 0 0 0
2.88768e-09 -2.86372e-10 3.21605e-08 0 0 0
0.216435 0.0220536 0.183102 0.218 0.021 0.178
-9.51659e-10 3.70414e-08 -2.34896e-08 0 0 0
-4.22201e-08 -1.60153e-08 -1.66527e-09 0 0 0
0.158268 -0.046669 0.26001 0.156 -0.042 0.253
3.8426e-08 -5.28427e-09 1.11721e-08 0 0 0
2.75884e-08 -4.21371e-08 2.27365e-08 0 0 0
0.0723899 0.0142804 -0.291121 0.083 0.016 -0.281
2.5581e-08 -4.26993e-08 8.92045e-09 0 0 0
-4.51362e-08 -3.88667e-08 -2.32052e-08 0 0 0
-0.177786 0.316328 0.0254823 -0.175 0.301 0.017
4.40305e-10 1.43707e-08 -5.47476e-09 0 0 0
1.96917e-08 -1.23745e-08 9.9446e-09 0 0 0
0.121043 0.197129 0.103592 0.131 0.189 0.086
3.39508e-08 -8.26708e-09 1.95245e-08 0 0 0
-5.6886e-08 5.38294e-08 3.42836e-08 0 0 0
-0.0281273 0.231641 -0.139416 -0.034 0.222 -0.148
-3.61862e-08 -1.85591e-08 4.55235e-08 0 0 0
2.16593e-08 1.7684e-09 4.41858e-09 0 0 0
-0.178106 0.0214844 0.270893 -0.174 0.028 0.262
1.80862e-08 -1.03395e-08 4.65412e-08 0 0 0
-4.61681e-08 7.40988e-08 2.31868e-08 0 0 0
0.140628 0.145405 0.223636 0.14 0.141 0.219
-3.91851e-09 9.7262e-09 4.70286e-08 0 0 0
2.49126e-08 1.61592e-08 -3.86998e-09 0 0 0
0.233888 0.0137873 -0.0183331 0.231 0.006 -0.025
2.69671e-08 2.03508e-08 1.64226e-08 0 0 0
3.55051e-08 -3.21284e-08 1.57769e-08 0 0 0
0.201795 0.0443021 -0.175328 0.211 0.044 -0.164
1.43612e-08 -1.57608e-09 -1.81924e-08 0 0 0
-2.49135e-08 1.12644e-09 2.55914e-08 0 0 0
0.0303989 -0.244527 -0.19741 0.032 -0.245 -0.192
4.9335e-09 8.79659e-09 3.19118e-08 0 0 0
-2.19344e-08 -2.46742e-08 -2.57395e-08 0 0 0
0.276824 -0.0539229 0.0149598 0.272 -0.061 0.009
5.37693e-09 -2.69433e-08 -3.96012e-08 0 0 0
-2.68276e-08 -6.37865e-08 3.23213e-09 0 0 0
0.336001 0.145654 -0.045418 0.329 0.157 -0.058
6.93936e-08 5.31438e-08 -7.54429e-09 0 0 0
4.22242e-08 -6.74044e-09 -4.01043e-08 0 0 0
0.0358939 0.138079 -0.167749 0.036 0.144 -0.168
-2.72792e-08 1.80215e-08 2.06487e-08 0 0 0
4.50734e-09 8.67872e-09 -3.95141e-08 0 0 0
-0.261204 0.107412 -0.160484 -0.247 0.096 -0.155
-3.36133e-08 2.37989e-09 3.76609e-08 0 0 0
1.90697e-08 1.13636e-08 -7.40203e-08 0 0 0
-0.280491 -0.239215 0.0506209 -0.287 -0.229 0.052
6.80204e-09 -2.02087e-10 -1.15278e-08 0 0 0
1.31856e-08 3.64039e-09 3.82314e-09 0 0 0
0.200854 -0.108648 -0.166616 0.229 -0.099 -0.161
2.67433e-09 -3.48968e-08 -6.24887e-08 0 0 0
5.02208e-09 1.52209e-08 2.66602e-10 0 0 0
-0.134249 0.238398 -0.180067 -0.136 0.233 -0.176
-6.38253e-08 -3.30576e-08 -2.49858e-08 0 0 0
-8.28767e-09 4.96823e-08 -1.05312e-08 0 0 0
-0.278365 -0.108648 -0.137477 -0.278 -0.099 -0.156
-3.32897e-08 2.40882e-08 -5.67593e-08 0 0 0
9.07175e-09 -6.63061e-09 -8.0502e-09 0 0 0
0.0194368 0.0990149 0.31583 0.013 0.106 0.318
-8.62514e-09 -4.98575e-08 1.55569e-08 0 0 0
3.52591e-08 6.07189e-08 -1.69479e-09 0 0 0
0.0822891 0.0929206 -0.151384 0.079 0.098 -0.156
2.19685e-08 -3.43035e-08 -2.31652e-08 0 0 0
-1.37509e-08 1.39072e-08 1.71148e-08 0 0 0
0.328842 -0.0827984 -0.0714508 0.326 -0.092 -0.073
1.03235e-09 3.5243e-08 4.4204e-08 0 0 0
-6.11327e-09 2.32179e-08 3.98806e-08 0 0 0
0.311719 0.0503261 -0.159583 0.321 0.061 -0.15
3.2122e-08 -6.83444e-09 -3.75348e-09 0 0 0
3.34047e-08 -2.75726e-08 -4.12316e-09 0 0 0
0.13083 0.245588 0.128089 0.128 0.239 0.136
-3.48532e-08 5.87385e-08 7.43995e-09 0 0 0
2.82749e-08 -5.91874e-08 -2.90629e-08 0 0 0
-0.160912 -0.112114 0.172255 -0.159 -0.117 0.175
1.65054e-08 1.36238e-08 -2.05469e-08 0 0 0
6.17913e-08 -1.53845e-09 8.58087e-09 0 0 0
0.269085 0.153371 0.0648938 0.271 0.153 0.069
1.90528e-08 -5.13533e-08 -6.99674e-09 0 0 0
-5.11481e-08 -1.76952e-08 3.78438e-09 0 0 0
0.126465 -0.26724 0.0526092 0.125 -0.27 0.046
-2.0186e-08 -1.61909e-09 4.25657e-10 0 0 0
1.37561e-08 2.98559e-08 -1.63294e-08 0 0 0
0.264052 -0.070013 0.151661 0.271 -0.089 0.143
1.33648e-08 2.51275e-08 -2.67847e-08 0 0 0
-2.21256e-08 -2.17722e-08 1.11856e-08 0 0 0
0.025321 0.195044 0.265586 0.033 0.193 0.267
2.43893e-08 6.41115e-09 4.97559e-08 0 0 0
-3.84134e-08 6.53262e-09 -1.49018e-08 0 0 0
-0.167404 0.109091 -0.163393 -0.173 0.104 -0.15
1.08771e-08 -1.76501e-08 -2.49168e-09 0 0 0
-7.20606e-09 -1.34044e-08 -1.24305e-08 0 0 0
0.121459 0.202054 0.0652571 0.127 0.21 0.056
-2.4862e-08 -8.37955e-09 -1.91816e-08 0 0 0
-1.41375e-08 -9.41857e-09 3.64817e-08 0 0 0
0.164392 0.331594 0.0513476 0.163 0.324 0.041
-2.89764e-08 -5.21503e-08 3.17351e-08 0 0 0
-1.88656e-08 2.51961e-08 -9.58148e-09 0 0 0
-0.156245 0.281528 0.0972884 -0.156 0.272 0.094
-1.83747e-08 6.76696e-08 6.90308e-09 0 0 0
6.21579e-09 4.96788e-08 3.07038e-08 0 0 0
-0.176109 0.151233 -0.22154 -0.178 0.155 -0.227
2.86216e-08 1.5147e-08 -4.2198e-08 0 0 0
-2.01491e-08 -2.98682e-08 1.73621e-08 0 0 0
-0.217086 0.344339 0.0185966 -0.217 0.359 0.008
2.50727e-08 -3.89986e-08 2.71922e-09 0 0 0
-9.06799e-09 1.92029e-08 5.75681e-09 0 0 0
-0.021282 -0.177189 0.290785 -0.012 -0.183 0.294
-1.59248e-09 -2.62085e-08 3.32833e-08 0 0 0
-1.79045e-08 -1.40918e-08 -6.24541e-08 0 0 0
-0.0701904 0.174524 0.0921394 -0.083 0.197 0.079
1.92999e-08 6.17438e-08 4.66149e-08 0 0 0
3.19642e-08 7.74102e-09 -1.6508e-09 0 0 0
-0.167888 -0.0914477 0.124194 -0.174 -0.091 0.109
1.48466e-09 1.82963e-08 1.11967e-08 0 0 0
-5.74214e-09 7.82236e-10 -1.32003e-08 0 0 0
0.0761065 0.286906 -0.214588 0.074 0.288 -0.206
-4.75437e-08 -7.65197e-10 6.56376e-09 0 0 0
1.25765e-08 -1.22269e-09 -3.90881e-08 0 0 0
0.225445 0.225819 -0.00808107 0.222 0.234 -0.005
4.79078e-09 -5.50714e-09 2.5271e-08 0 0 0
1.36868e-08 2.17466e-08 4.64129e-09 0 0 0
-0.18105 0.190412 -0.108205 -0.168 0.182 -0.105
-3.7688e-08 -3.20024e-08 -1.94826e-08 0 0 0
-6.64704e-09 1.82664e-08 1.36703e-08 0 0 0
0.183195 -0.00313174 -0.202413 0.168 0.003 -0.211
-7.78734e-09 8.75379e-09 2.58983e-08 0 0 0
-2.80714e-08 3.19251e-08 -6.068e-08 0 0 0
-0.108062 0.0591309 0.211691 -0.103 0.049 0.214
-1.82763e-08 3.26409e-08 4.85904e-08 0 0 0
-2.52618e-08 -6.9956e-09 3.54239e-08 0 0 0
0.166009 0.185577 0.00134702 0.168 0.193 0.007
-1.9352e-09 2.57363e-09 4.71182e-08 0 0 0
4.03363e-08 2.76422e-08 -6.09211e-08 0 0 0
-0.322717 0.0447876 -0.0394309 -0.315 0.037 -0.044
-5.56016e-08 -8.07409e-09 8.06386e-09 0 0 0
-3.04515e-08 -2.55066e-08 2.53819e-08 0 0 0
0.18417 -0.0424647 0.155624 0.196 -0.034 0.156
2.79868e-08 -1.46731e-08 -4.58948e-08 0 0 0
7.18951e-10 -5.31733e-08 -3.67934e-10 0 0 0
-0.143728 0.0133271 -0.164367 -0.16 0.005 -0.17
6.66365e-09 2.4948e-08 6.77533e-09 0 0 0
3.84151e-08 -3.80118e-08 3.18329e-08 0 0 0
-0.097846 -0.234622 0.0705737 -0.098 -0.23 0.066
4.45926e-08 -9.43284e-09 3.77018e-08 0 0 0
1.65698e-08 1.86921e-08 -9.75989e-09 0 0 0
-0.318608 0.0263503 -0.100214 -0.312 0.019 -0.11
3.26442e-09 -2.41081e-08 -3.88755e-08 0 0 0
-7.51461e-09 5.34747e-08 3.69998e-08 0 0 0
-0.0421806 0.280575 0.0796925 -0.049 0.285 0.077
2.19504e-08 4.21215e-08 6.03108e-08 0 0 0
-2.48431e-08 -1.56278e-08 6.07252e-09 0 0 0
0.09157 0.324723 0.080155 0.099 0.325 0.07
2.07267e-08 1.57363e-08 -8.33536e-09 0 0 0
2.47505e-08 -1.25533e-09 4.41304e-08 0 0 0
-0.241941 -0.0767682 -0.174211 -0.242 -0.062 -0.15
-1.73692e-08 9.53527e-09 2.75774e-08 0 0 0
8.03289e-09 -3.47285e-08 -2.58157e-08 0 0 0
-0.0912235 -0.100761 0.143435 -0.085 -0.09 0.142
6.49024e-09 2.80582e-08 9.02013e-10 0 0 0
-1.9283e-08 2.26891e-08 3.14855e-09 0 0 0
-0.177335 0.00203253 -0.248306 -0.162 -0.014 -0.284
1.17649e-08 2.62358e-09 1.59685e-08 0 0 0
-5.49853e-08 -4.31767e-08 3.68725e-08 0 0 0
-0.14013 0.0678197 0.246298 -0.139 0.064 0.243
-8.92899e-09 -8.0423e-09 2.86652e-08 0 0 0
2.83379e-09 1.51025e-08 9.21815e-10 0 0 0
0.100662 -0.183776 0.111243 0.094 -0.193 0.131
-5.11156e-08 -2.51111e-09 -1.62509e-08 0 0 0
1.22758e-08 6.74171e-09 2.5486e-08 0 0 0
0.131314 -0.147201 -0.0731875 0.134 -0.13 -0.072
-1.54464e-08 -2.21019e-08 -4.64455e-08 0 0 0
3.27585e-08 -1.76537e-08 2.59884e-08 0 0 0
0.198072 -0.00796835 0.212203 0.199 -0.018 0.207
5.49293e-09 3.81517e-08 7.75244e-09 0 0 0
2.14341e-09 -1.81596e-10 -4.54666e-09 0 0 0
0.17273 -0.0730687 0.131247 0.174 -0.079 0.13
-4.25228e-09 7.85623e-09 3.20936e-08 0 0 0
2.14519e-08 -5.84666e-09 4.77454e-08 0 0 0
0.169603 0.152491 -0.164821 0.175 0.145 -0.161
4.15599e-08 -3.01713e-08 -1.54009e-08 0 0 0
3.1204e-08 -2.57028e-08 1.32898e-08 0 0 0
0.137331 0.149887 0.023721 0.135 0.162 0.033
-1.1544e-08 3.22405e-08 -1.35161e-10 0 0 0
4.54633e-08 4.87227e-09 2.40818e-08 0 0 0
0.333697 0.0867487 -0.0203849 0.346 0.09 -0.04
-1.25387e-08 -1.23568e-08 1.17608e-08 0 0 0
1.54148e-08 1.04739e-08 1.63683e-10 0 0 0
-0.0368113 0.272135 0.199248 -0.029 0.266 0.198
6.03189e-08 3.08941e-08 1.04081e-08 0 0 0
-8.32962e-08 -8.39739e-09 -1.07959e-08 0 0 0
0.215283 0.0644181 -0.102367 0.217 0.073 -0.108
1.83974e-08 2.54842e-09 -6.01841e-08 0 0 0
2.26191e-08 4.44745e-08 3.56994e-10 0 0 0
0.230527 0.141688 0.191744 0.253 0.114 0.179
-1.51434e-09 3.49807e-09 -5.96544e-08 0 0 0
-2.83539e-08 -8.3045e-09 6.48652e-08 0 0 0
0.093406 -0.0225975 0.285323 0.09 -0.017 0.29
-2.60965e-08 4.46135e-09 2.29356e-09 0 0 0
1.39246e-08 -3.39027e-09 6.3714e-08 0 0 0
0.180798 0.137113 -0.152056 0.175 0.124 -0.175
2.89155e-08 -1.39787e-08 4.37776e-09 0 0 0
4.41369e-08 -3.86175e-08 -6.71086e-08 0 0 0
-0.18111 -0.113514 -0.0789256 -0.186 -0.103 -0.066
4.01359e-08 1.04592e-08 9.86318e-09 0 0 0
-1.66263e-08 -1.2892e-08 -3.97996e-08 0 0 0
0.177264 0.0492344 0.212483 0.17 0.047 0.21
-3.96034e-08 2.74348e-08 -6.68233e-08 0 0 0
5.48626e-08 -5.00418e-08 7.11209e-09 0 0 0
-0.159662 0.189035 -0.0850259 -0.158 0.192 -0.093
2.47171e-08 -4.11556e-08 9.433e-09 0 0 0
-2.33311e-08 3.30105e-08 1.95262e-08 0 0 0
-0.0109249 0.162005 0.191398 -0.018 0.168 0.199
-3.03826e-08 -2.63909e-08 1.07936e-09 0 0 0
1.07853e-08 2.31264e-09 7.653e-09 0 0 0
0.116198 0.0458716 0.186545 0.122 0.053 0.172
1.63287e-08 -1.16326e-08 3.31151e-08 0 0 0
2.43321e-08 3.33149e-08 -3.58469e-08 0 0 0
0.240909 -0.078719 0.0170515 0.231 -0.082 0.003
-4.60808e-09 2.04414e-08 -9.93769e-09 0 0 0
5.65481e-08 -4.74462e-08 -1.85398e-08 0 0 0
0.212276 -0.0132346 -0.151023 0.204 -0 -0.144
2.44937e-08 -5.75529e-08 -1.01321e-08 0 0 0
-2.94187e-08 7.64336e-09 -3.80103e-08 0 0 0
0.249892 -0.187192 0.0231114 0.243 -0.209 0.025
-1.15844e-08 1.65088e-09 -2.88212e-08 0 0 0
1.4976e-08 1.47376e-08 -9.85713e-09 0 0 0
0.0367001 -0.135012 -0.00685943 0.048 -0.136 0.011
2.05572e-08 -1.43764e-08 6.03493e-08 0 0 0
3.59165e-08 5.7659e-09 -2.4785e-08 0 0 0
0.231138 0.133871 -0.144274 0.221 0.145 -0.146
-1.67253e-09 3.10334e-08 1.59314e-08 0 0 0
6.52497e-08 7.39626e-10 -1.87136e-08 0 0 0
0.061556 0.212308 -0.143676 0.046 0.213 -0.143
1.48457e-08 -6.47435e-08 -2.85454e-08 0 0 0
1.29651e-08 -3.31996e-09 2.82993e-08 0 0 0
-0.156661 -0.0606843 -0.139839 -0.177 -0.073 -0.139
8.90303e-09 -1.20656e-08 -8.36788e-08 0 0 0
-3.48095e-09 5.35989e-08 6.36715e-09 0 0 0
-0.195803 0.0549813 -0.0265862 -0.205 0.051 -0.03
-3.33806e-08 1.95185e-08 -3.76794e-08 0 0 0
-1.75788e-08 -4.42034e-09 4.27635e-08 0 0 0
0.244595 0.0173108 -0.183345 0.244 0.017 -0.181
2.97977e-08 -1.90146e-08 -2.78762e-08 0 0 0
7.06972e-08 6.26451e-09 -4.47212e-08 0 0 0
-0.0183076 0.203913 0.0935654 -0.017 0.216 0.106
6.9624e-09 -2.40613e-08 -6.70211e-10 0 0 0
2.39694e-08 2.97484e-09 -3.99727e-08 0 0 0
-0.317189 0.0873979 -0.0450261 -0.31 0.077 -0.035
-2.66986e-08 1.04817e-08 1.00959e-08 0 0 0
-5.76746e-09 -2.70412e-08 4.65679e-09 0 0 0
0.105204 0.160188 0.263609 0.092 0.157 0.262
-2.53431e-08 1.33117e-08 -1.49694e-08 0 0 0
-2.60147e-08 -1.24857e-08 4.4701e-08 0 0 0
0.128141 0.207999 -0.171594 0.115 0.211 -0.186
-1.44944e-08 2.36858e-08 2.38896e-08 0 0 0
1.65541e-08 -9.27401e-09 -1.94401e-08 0 0 0
0.162287 0.0659618 0.178863 0.144 0.069 0.194
3.9829e-09 -8.75302e-09 -2.14778e-08 0 0 0
-7.64662e-09 -1.93312e-09 3.69723e-09 0 0 0
0.197267 0.0429018 0.0994718 0.204 0.034 0.099
2.83706e-08 -1.79982e-08 5.10619e-09 0 0 0
-2.83851e-08 -5.18418e-08 -1.51276e-08 0 0 0
0.193345 0.28165 0.00234867 0.183 0.262 0.006
1.25127e-08 -2.34739e-08 -1.37943e-08 0 0 0
-2.05266e-08 1.04467e-08 2.38095e-08 0 0 0
-0.210658 -0.0690959 0.213048 -0.213 -0.071 0.217
1.7922e-09 -1.66993e-08 9.89747e-09 0 0 0
-2.50226e-08 5.79764e-08 1.57927e-09 0 0 0
-0.0610275 0.22773 -0.01148 -0.064 0.235 -0.03
-1.97488e-08 6.14472e-08 -6.83897e-09 0 0 0
8.83833e-09 -1.86846e-08 2.0358e-09 0 0 0
0.156559 -0.184605 0.0258165 0.167 -0.184 0.037
3.59307e-08 -4.46734e-08 -2.39267e-09 0 0 0
8.64127e-09 -7.27203e-08 -2.59151e-08 0 0 0
0.310472 0.124916 0.134209 0.299 0.121 0.133
-1.13719e-08 3.42443e-08 4.67169e-09 0 0 0
-1.69768e-08 1.89846e-08 -2.11056e-08 0 0 0
-0.0468187 0.212496 0.285817 -0.052 0.199 0.297
1.43814e-08 2.85858e-08 -5.30487e-09 0 0 0
2.86657e-08 2.65384e-09 4.01509e-08 0 0 0
-0.119621 0.164187 -0.205271 -0.12 0.159 -0.206
-7.60394e-09 -1.61247e-08 5.48648e-09 0 0 0
-2.74224e-08 1.68308e-08 6.04012e-09 0 0 0
0.112332 -0.0457284 0.213005 0.103 -0.05 0.216
1.42849e-08 3.49982e-08 -5.15768e-09 0 0 0
1.15168e-08 -2.66636e-08 2.20145e-08 0 0 0
-0.144955 0.0594761 0.121543 -0.157 0.062 0.129
1.66612e-08 -1.14323e-09 6.87436e-08 0 0 0
-7.33713e-09 1.78102e-08 2.85201e-09 0 0 0
0.0247947 0.261196 -0.0766226 0.02 0.268 -0.067
5.38003e-09 4.99547e-08 -3.65447e-08 0 0 0
-3.44464e-08 2.74685e-08 3.15322e-08 0 0 0
-0.0907586 0.0451812 -0.251074 -0.08 0.043 -0.257
7.0557e-09 4.0263e-08 9.42172e-09 0 0 0
1.1505e-08 1.4167e-09 -6.39767e-08 0 0 0
0.0107023 0.301131 -0.0414447 0.025 0.305 -0.028
3.28623e-08 5.46859e-09 -4.6603e-08 0 0 0
-5.41008e-08 -3.39705e-08 2.6565e-08 0 0 0
-0.0668254 -0.141145 0.287502 -0.074 -0.137 0.28
1.50268e-08 -4.71032e-08 -6.03334e-09 0 0 0
-4.47588e-08 -3.63825e-08 -2.94083e-09 0 0 0
-0.104124 0.232811 -0.018744 -0.104 0.239 -0.014
-1.71624e-08 2.40178e-08 -6.46988e-08 0 0 0
2.88485e-08 1.95385e-08 1.67957e-08 0 0 0
-0.346306 -0.0521584 0.0677662 -0.345 -0.042 0.059
-1.68443e-08 -2.01228e-08 4.6349e-09 0 0 0
8.62814e-09 2.4951e-08 8.66183e-09 0 0 0
0.0432985 0.213675 -0.184499 0.047 0.226 -0.188
-4.62322e-08 8.82563e-09 -2.24704e-08 0 0 0
-1.32627e-08 -2.55304e-08 -6.22139e-08 0 0 0
0.16499 0.0427358 0.132982 0.179 0.039 0.133
3.51905e-08 -1.48004e-08 1.92887e-08 0 0 0
1.85054e-08 2.33e-08 -3.63666e-08 0 0 0
-0.256228 -0.00292248 0.100325 -0.263 -0.01 0.111
4.263e-08 -2.94457e-08 7.82708e-09 0 0 0
3.97252e-08 2.88501e-08 -5.49889e-08 0 0 0
0.165944 0.212881 -0.0758762 0.153 0.214 -0.085
3.13186e-08 -5.09152e-09 -5.58901e-08 0 0 0
1.25153e-08 -3.64952e-08 1.13715e-08 0 0 0
0.193935 0.267729 0.212223 0.19 0.289 0.205
3.77892e-08 4.71153e-08 4.64695e-08 0 0 0
-3.3457e-08 -2.96335e-09 -4.52803e-08 0 0 0
0.303988 0.176562 -0.0589416 0.294 0.186 -0.044
-2.85801e-08 -2.4092e-08 5.54704e-08 0 0 0
-1.236e-08 -3.80579e-08 3.49108e-08 0 0 0
-0.325097 -0.0338392 0.02369 -0.324 -0.033 0.023
-2.91432e-08 -4.78098e-08 4.1309e-08 0 0 0
-1.80567e-09 -1.58852e-08 -6.79818e-09 0 0 0
0.292714 -0.0615021 0.243857 0.303 -0.064 0.237
4.63096e-08 3.18031e-08 -1.31068e-08 0 0 0
-1.92899e-08 1.73101e-08 2.90301e-08 0 0 0
-0.0406696 -0.249969 -0.0621937 -0.03 -0.27 -0.056
4.72318e-08 -3.0988e-08 -1.38017e-08 0 0 0
-1.19664e-08 5.79677e-08 -2.92615e-08 0 0 0
-0.0384274 -0.273879 -0.174301 -0.024 -0.284 -0.173
5.9945e-08 -1.95982e-08 6.70947e-08 0 0 0
-3.63115e-08 1.20928e-08 -9.71091e-09 0 0 0
-0.356025 0.161382 -0.0658648 -0.369 0.15 -0.068
-3.77743e-08 6.27025e-09 2.18154e-08 0 0 0
-3.98864e-09 -2.88533e-08 -2.86064e-08 0 0 0
0.0851144 0.156826 0.0947757 0.072 0.155 0.097
3.23942e-08 1.10362e-10 6.9505e-08 0 0 0
-2.0978e-08 -2.97434e-08 1.8097e-08 0 0 0
0.154708 0.158188 -0.117342 0.149 0.17 -0.116
-5.45726e-08 4.13299e-08 9.76458e-09 0 0 0
2.38635e-08 -8.9856e-10 2.10471e-08 0 0 0
0.0260855 -0.0651589 -0.268669 0.044 -0.068 -0.269
7.55394e-09 6.44393e-10 -4.10965e-08 0 0 0
1.18955e-08 -1.74111e-08 -1.13759e-08 0 0 0
-0.0394997 -0.0639059 0.35659 -0.049 -0.063 0.348
3.47312e-09 -1.24713e-08 4.60211e-09 0 0 0
-1.5876e-08 -1.5154e-08 3.58076e-08 0 0 0
-0.0331801 -0.0437168 -0.182741 -0.031 -0.044 -0.185
3.06798e-09 -1.16149e-08 -5.66775e-08 0 0 0
-3.41428e-08 -4.57319e-08 3.79399e-09 0 0 0
0.0045926 0.198761 0.297408 0.015 0.191 0.292
5.14215e-08 5.67598e-09 1.54997e-09 0 0 0
3.60682e-09 -1.01281e-08 -1.79069e-08 0 0 0
0.217973 -0.147482 0.130337 0.215 -0.159 0.127
-1.98981e-08 -6.50835e-10 -1.32967e-08 0 0 0
3.29014e-09 -4.15995e-10 6.2166e-08 0 0 0
0.0893916 -0.249251 -0.1312 0.082 -0.246 -0.135
1.75064e-08 2.0762e-08 2.20792e-08 0 0 0
1.28526e-08 3.34595e-08 5.36773e-08 0 0 0
0.208879 -0.111796 0.122346 0.201 -0.121 0.121
4.21483e-08 3.9594e-08 -4.94643e-08 0 0 0
-2.69349e-10 -4.12092e-09 -5.23678e-08 0 0 0
0.288217 -0.00969962 0.117986 0.285 -0 0.122
4.01445e-09 3.35237e-08 -7.49153e-09 0 0 0
6.03914e-09 5.3531e-08 2.13954e-08 0 0 0
0.223191 -0.0937204 -0.0330421 0.234 -0.093 -0.027
-9.62784e-09 2.03742e-08 3.10487e-08 0 0 0
3.24326e-08 4.7106e-08 -4.4028e-08 0 0 0
0.0509339 0.243933 -0.178688 0.053 0.238 -0.179
3.27973e-08 4.17509e-08 1.40368e-08 0 0 0
1.14309e-09 -4.61171e-09 -3.46912e-08 0 0 0
0.129717 0.1566 -0.0579121 0.138 0.134 -0.024
-7.32651e-09 2.75597e-08 -7.36131e-09 0 0 0
4.20783e-08 -9.43589e-09 5.82525e-09 0 0 0
0.224255 0.210052 0.081817 0.226 0.22 0.07
1.33063e-08 2.03438e-08 -1.0487e-08 0 0 0
-2.17183e-08 -1.40692e-08 -1.66491e-08 0 0 0
0.0646459 0.0772907 -0.0932715 0.059 0.08 -0.064
-3.13808e-08 8.56336e-10 2.67973e-09 0 0 0
2.13585e-08 3.13161e-08 -6.77653e-08 0 0 0
0.148418 0.329755 -0.00688009 0.139 0.325 -0.008
4.79807e-08 -1.91119e-08 -3.8994e-08 0 0 0
-1.27951e-08 -2.74915e-08 3.27214e-08 0 0 0
0.128941 -0.129539 0.0419676 0.127 -0.131 0.038
-1.82557e-08 -4.92087e-08 4.97272e-08 0 0 0
4.03941e-08 4.14111e-08 2.70044e-08 0 0 0
0.129623 0.0349279 -0.300177 0.125 0.036 -0.297
3.06094e-08 -2.19428e-08 -4.37454e-08 0 0 0
8.24316e-09 9.17561e-09 3.36126e-09 0 0 0
-0.175217 0.248648 0.021919 -0.179 0.277 0.037
2.08196e-09 -4.01393e-08 4.8087e-08 0 0 0
-1.52403e-08 3.07256e-11 -3.09081e-08 0 0 0
-0.0547184 -0.200654 0.21443 -0.06 -0.2 0.225
3.29889e-08 -1.48593e-08 -7.47139e-09 0 0 0
1.72632e-08 2.0355e-08 2.86296e-08 0 0 0
-0.105678 0.13819 -0.0537249 -0.108 0.155 -0.058
-3.80939e-08 1.30236e-08 1.92815e-09 0 0 0
2.73131e-08 2.53957e-08 8.30402e-09 0 0 0
-0.058888 0.271136 0.358349 -0.067 0.305 0.358
-2.11087e-08 5.11988e-09 -1.20228e-09 0 0 0
-3.02135e-08 -5.88542e-09 -2.3341e-08 0 0 0
0.0837697 0.0752922 0.101736 0.117 0.069 0.106
4.06018e-09 -2.08971e-09 2.93433e-08 0 0 0
5.19108e-09 9.90912e-09 2.49756e-09 0 0 0
0.383489 -0.00409741 0.044717 0.379 -0.012 0.06
-2.11961e-10 4.41264e-08 2.45142e-08 0 0 0
1.46283e-08 -2.87602e-08 -3.07844e-09 0 0 0
0.161477 -0.0389063 -0.212636 0.17 -0.039 -0.222
1.49735e-08 3.71462e-08 -8.29837e-08 0 0 0
8.56797e-09 -3.17271e-08 4.75778e-09 0 0 0
0.215389 -0.044054 -0.205592 0.215 -0.035 -0.216
4.93461e-09 -2.40741e-08 -7.59476e-09 0 0 0
-1.75388e-08 5.04717e-09 3.0831e-08 0 0 0
0.17827 -0.232772 -0.013181 0.185 -0.224 -0.015
-1.49277e-09 3.29932e-08 -1.24275e-08 0 0 0
-2.19279e-08 -5.04986e-08 1.22084e-08 0 0 0
0.31876 0.18653 0.0497981 0.322 0.191 0.044
-5.32598e-09 4.21494e-08 3.91708e-08 0 0 0
1.64129e-08 -3.14983e-08 -1.63772e-08 0 0 0
0.254783 0.276511 0.0362884 0.25 0.292 0.031
-1.84073e-08 9.72023e-09 1.29822e-08 0 0 0
-1.31526e-08 -4.375e-09 5.48774e-08 0 0 0
-0.232685 -0.0516176 -0.0613884 -0.272 -0.05 -0.057
-9.87899e-09 4.42488e-08 4.30308e-09 0 0 0
9.83747e-09 -1.01205e-08 -4.26206e-09 0 0 0
0.119588 -0.073385 -0.248039 0.113 -0.066 -0.254
-2.51663e-08 2.45875e-08 -6.04519e-09 0 0 0
5.34968e-09 -1.24713e-08 1.78319e-08 0 0 0
0.144851 -0.121683 -0.224113 0.151 -0.122 -0.219
1.87448e-09 -3.40519e-08 -2.76546e-08 0 0 0
1.42115e-08 4.43379e-08 6.82502e-09 0 0 0
-0.192393 0.248051 -0.0101321 -0.195 0.238 -0.012
-6.21863e-08 2.47342e-08 -1.52354e-08 0 0 0
1.83932e-08 4.33661e-08 -2.18398e-08 0 0 0
-0.208407 0.028739 0.016448 -0.209 0.01 0.023
4.06939e-08 -1.8462e-08 2.06333e-08 0 0 0
1.49917e-09 -2.46914e-08 -3.22246e-08 0 0 0
-0.205934 -0.0406144 0.286916 -0.21 -0.034 0.287
-1.04031e-08 1.5313e-08 1.60214e-09 0 0 0
-4.30447e-08 -4.10196e-08 -2.99712e-08 0 0 0
0.097536 -0.158763 -0.0994741 0.105 -0.156 -0.073
2.25804e-08 3.33422e-09 2.98906e-08 0 0 0
-2.7732e-08 -5.18273e-09 -6.54686e-09 0 0 0
0.212997 0.148381 -0.0156056 0.229 0.159 -0.029
-2.51289e-08 1.10315e-08 1.77084e-08 0 0 0
3.16883e-08 -2.40772e-08 1.5169e-08 0 0 0
0.289796 -0.0243704 0.10001 0.28 -0.028 0.105
7.34101e-10 -1.1599e-08 6.56973e-09 0 0 0
1.79443e-08 -2.40251e-08 -1.81651e-08 0 0 0
0.195931 0.274548 0.151713 0.177 0.298 0.152
-1.07942e-08 -9.15038e-09 1.43084e-08 0 0 0
2.77349e-08 -8.53941e-09 -2.52332e-08 0 0 0
-0.228765 -0.0770722 0.0610568 -0.222 -0.089 0.073
-1.80157e-08 8.32845e-08 3.50323e-08 0 0 0
1.86915e-08 3.00073e-08 2.29148e-08 0 0 0
0.133365 0.236486 -0.105824 0.138 0.234 -0.098
-7.78167e-09 -1.00663e-08 -2.83066e-09 0 0 0
-5.15301e-08 3.48257e-08 -2.14781e-09 0 0 0
0.0946595 -0.225741 0.241777 0.081 -0.236 0.27
4.2119e-09 -2.39264e-08 5.88496e-09 0 0 0
8.14657e-09 2.79422e-09 -5.43984e-08 0 0 0
0.136462 0.0586375 0.220916 0.144 0.056 0.223
-1.2208e-09 9.33045e-09 1.56178e-08 0 0 0
-2.56802e-08 -5.08802e-08 4.26185e-08 0 0 0
0.200752 0.173455 0.120481 0.203 0.167 0.117
6.92272e-09 8.80217e-09 4.84553e-09 0 0 0
-1.45788e-08 5.13743e-09 -4.71594e-09 0 0 0
-0.200601 0.009197 -0.276243 -0.186 0.014 -0.267
-2.63529e-09 2.97523e-08 1.58213e-08 0 0 0
-4.45228e-08 5.77439e-09 -2.55689e-08 0 0 0
0.0649308 -0.219178 -0.250864 0.039 -0.241 -0.269
-9.79292e-09 -3.68506e-08 -3.693e-08 0 0 0
-3.52276e-09 -1.02403e-08 -7.39561e-08 0 0 0
-0.13269 0.318106 0.0892269 -0.138 0.323 0.094
-5.10404e-08 -5.40292e-09 -5.99435e-08 0 0 0
1.2127e-08 1.93978e-08 1.32827e-08 0 0 0
0.030742 0.155003 -0.121936 0.037 0.156 -0.125
6.77316e-09 -4.30419e-08 -3.51917e-08 0 0 0
-1.3541e-08 4.99519e-08 2.52452e-08 0 0 0
0.25385 -0.00489874 0.266235 0.247 -0.002 0.267
-1.06396e-08 -3.82186e-08 3.11601e-08 0 0 0
1.88924e-08 -9.67962e-09 4.31519e-08 0 0 0
-0.207761 -0.204322 0.182549 -0.202 -0.215 0.181
3.24291e-09 -1.89365e-09 -1.84632e-08 0 0 0
-5.05435e-08 2.71814e-09 2.37312e-12 0 0 0
0.107368 -0.283466 0.127647 0.089 -0.278 0.13
1.22057e-08 2.68454e-09 -2.06142e-08 0 0 0
1.93844e-08 -3.44551e-08 1.23204e-08 0 0 0
-0.0275961 0.363345 0.0190774 -0.043 0.363 0.026
4.48626e-08 -2.80536e-08 7.32645e-09 0 0 0
-1.85217e-08 9.01389e-09 -5.57913e-09 0 0 0
0.122817 -0.139483 0.151195 0.123 -0.131 0.156
4.2139e-09 -2.96843e-08 -5.72449e-09 0 0 0
-7.33482e-09 3.82767e-08 5.4475e-08 0 0 0
-0.0370261 -0.157916 -0.173506 -0.034 -0.17 -0.175
-3.60048e-09 -2.35846e-08 2.99385e-08 0 0 0
3.62488e-08 5.18663e-08 -4.11416e-08 0 0 0
0.14612 0.0773771 0.130067 0.133 0.081 0.131
1.71159e-08 2.76649e-08 2.43859e-08 0 0 0
4.46825e-10 9.17974e-09 -6.05016e-09 0 0 0
-0.236052 0.0418213 -0.148531 -0.243 0.043 -0.151
-4.71474e-08 -1.87377e-08 -5.04891e-08 0 0 0
-2.49089e-08 2.32113e-08 -4.76327e-09 0 0 0
0.151144 0.335383 -0.0597501 0.147 0.35 -0.066
-1.04483e-08 3.31959e-08 -2.90696e-08 0 0 0
3.09328e-08 -7.15287e-09 2.42163e-08 0 0 0
-0.25331 -0.0705238 0.185675 -0.247 -0.081 0.174
-1.46274e-08 -3.35026e-09 6.07542e-08 0 0 0
-2.18625e-08 3.87767e-10 -2.67986e-09 0 0 0
0.28417 0.00125289 -0.134771 0.28 0.007 -0.132
3.57798e-08 -2.85707e-08 9.69398e-09 0 0 0
9.52077e-09 2.44266e-08 6.37595e-10 0 0 0
-0.313596 0.0722189 -0.0640147 -0.313 0.093 -0.049
1.29835e-08 -5.49368e-08 7.06875e-09 0 0 0
-3.78758e-09 1.60628e-08 1.04992e-08 0 0 0
0.255003 0.0161385 0.232294 0.247 -0.006 0.233
2.34682e-08 -1.17442e-08 -5.77648e-09 0 0 0
-2.1868e-08 -2.88969e-08 -1.39777e-08 0 0 0
-0.0656738 -0.0555194 -0.359265 -0.078 -0.072 -0.363
-5.29083e-08 2.61248e-08 -6.15097e-09 0 0 0
1.80372e-08 -1.5394e-08 -2.17042e-08 0 0 0
0.0802999 -0.100221 -0.215766 0.073 -0.11 -0.217
1.7098e-09 1.77049e-08 -3.74128e-08 0 0 0
1.56891e-08 7.14223e-11 1.85981e-08 0 0 0
-0.117348 0.20271 0.146772 -0.121 0.21 0.147
-4.30801e-08 2.51682e-08 2.7626e-09 0 0 0
-3.37026e-08 -3.93789e-08 3.97585e-08 0 0 0
0.14334 0.0123933 0.21483 0.148 0.01 0.21
3.24383e-08 3.02621e-08 -6.33972e-08 0 0 0
-2.44178e-08 3.67113e-08 3.27019e-08 0 0 0
-0.0431819 0.0652736 0.270969 -0.035 0.066 0.282
5.781e-08 -2.97023e-09 1.8762e-08 0 0 0
-6.19506e-09 -1.07036e-08 -1.28217e-08 0 0 0
-0.0683614 -0.140242 -0.233109 -0.063 -0.126 -0.219
4.8622e-08 6.27952e-09 -1.81464e-08 0 0 0
-3.85246e-08 -2.30831e-08 2.48354e-08 0 0 0
-0.118839 -0.179106 0.149989 -0.116 -0.182 0.151
3.06226e-08 2.72565e-08 2.75887e-08 0 0 0
-3.19724e-08 -2.34176e-08 9.75948e-09 0 0 0
-0.0403083 0.0667051 -0.249162 -0.058 0.06 -0.267
-3.35534e-08 6.65925e-08 -3.14951e-09 0 0 0
-1.00259e-08 -1.97451e-08 1.13731e-08 0 0 0
0.155128 0.152253 0.324428 0.162 0.144 0.319
-8.82741e-09 -2.82779e-08 1.03307e-08 0 0 0
-4.76004e-08 4.32746e-08 -1.66835e-08 0 0 0
0.259522 0.0847573 0.0952175 0.253 0.078 0.084
2.38354e-09 -1.37096e-08 -1.66953e-08 0 0 0
7.10143e-09 -2.43953e-08 -2.86341e-08 0 0 0
0.259706 0.0165759 -0.106071 0.254 0.018 -0.107
-9.38192e-09 -1.22947e-08 -3.85323e-08 0 0 0
9.03171e-09 -2.97793e-08 -5.27599e-08 0 0 0
0.10687 -0.0142308 -0.353923 0.115 -0.01 -0.342
6.57129e-08 -2.8236e-08 1.00487e-08 0 0 0
-1.38802e-08 4.13157e-08 -2.15279e-08 0 0 0
-0.00492886 -0.22655 0.206066 -0.004 -0.231 0.213
-2.20597e-08 -1.37209e-08 2.44821e-08 0 0 0
7.96342e-09 2.63716e-08 -5.13589e-09 0 0 0
0.128314 0.193256 0.0393865 0.125 0.189 0.053
1.20421e-08 1.03294e-08 3.41374e-09 0 0 0
-3.69545e-08 5.95514e-08 -7.73782e-08 0 0 0
0.119909 0.231099 0.0863111 0.109 0.23 0.091
-3.25041e-08 -1.6588e-08 -6.16262e-08 0 0 0
3.0388e-08 1.8257e-08 4.15046e-08 0 0 0
0.314368 0.0824029 -0.228572 0.31 0.083 -0.242
-1.33812e-08 3.6768e-08 2.42529e-08 0 0 0
-2.83653e-08 4.19536e-08 6.99298e-09 0 0 0
-0.34825 -0.0577682 0.00644014 -0.35 -0.048 -0.003
-4.90237e-08 4.44512e-09 -5.37346e-09 0 0 0
3.82461e-09 1.29958e-08 -7.71555e-09 0 0 0
0.00559893 0.169861 -0.155158 0.008 0.169 -0.147
1.48863e-08 -2.91372e-08 -3.34126e-08 0 0 0
9.11968e-09 4.83682e-09 -7.3422e-09 0 0 0
0.181081 0.155451 0.2061 0.184 0.144 0.198
1.66015e-08 -1.12465e-09 -5.16365e-08 0 0 0
6.18749e-09 -2.053e-10 4.00401e-08 0 0 0
0.1678 -0.144002 -0.126237 0.169 -0.147 -0.124
2.59701e-08 -2.36921e-09 4.15994e-09 0 0 0
-4.77004e-09 -3.3878e-08 4.92661e-09 0 0 0
0.00814625 0.0140561 -0.231046 0.009 0.016 -0.234
2.13146e-08 2.59848e-08 3.20642e-08 0 0 0
-5.32291e-08 -1.2662e-08 -1.25343e-10 0 0 0
-0.00259834 0.259905 0.0984558 -0.003 0.264 0.091
2.22112e-08 2.70542e-08 -4.84266e-08 0 0 0
-1.86949e-09 -3.79166e-09 5.75852e-08 0 0 0
-0.057187 0.188891 0.225925 -0.051 0.179 0.236
4.50352e-08 3.87137e-09 2.9022e-08 0 0 0
-4.59535e-09 6.40818e-08 -5.37718e-08 0 0 0
0.103536 0.150994 0.215669 0.113 0.159 0.226
-9.22051e-09 -1.02725e-08 -9.52147e-09 0 0 0
-5.08637e-08 -6.3158e-10 -6.89259e-09 0 0 0
-0.276884 -0.00835951 0.143831 -0.278 -0.01 0.157
3.69815e-08 -1.4838e-08 4.21149e-08 0 0 0
-4.01054e-09 2.39887e-08 -1.2515e-08 0 0 0
-0.218975 0.0623241 0.225853 -0.229 0.073 0.223
-1.62316e-08 -4.22614e-08 2.72733e-08 0 0 0
3.80947e-08 3.78525e-08 2.42442e-08 0 0 0
0.125506 -0.143144 0.0904529 0.121 -0.157 0.092
1.04307e-09 -1.71341e-08 1.38102e-08 0 0 0
-2.7945e-08 -3.55347e-08 2.36549e-08 0 0 0
0.0223481 -0.0657925 -0.387575 0.011 -0.065 -0.425
-1.09423e-08 -4.61391e-09 -2.16807e-08 0 0 0
-1.51911e-08 3.67167e-08 3.4824e-09 0 0 0
0.135753 -0.167629 0.109307 0.139 -0.178 0.109
3.43858e-08 -4.11682e-08 1.50816e-08 0 0 0
5.80577e-08 4.63626e-08 -3.35687e-08 0 0 0
0.22054 -0.183968 -0.134362 0.214 -0.184 -0.128
1.30357e-08 -5.42954e-08 1.77452e-09 0 0 0
2.24481e-08 4.86744e-08 -1.88089e-08 0 0 0
0.0765157 0.229183 -0.112151 0.08 0.23 -0.12
-1.77513e-08 3.24242e-08 1.68729e-08 0 0 0
-2.37066e-10 2.72421e-09 -4.60486e-08 0 0 0
0.188189 0.157524 0.00309578 0.188 0.152 -0.022
-2.65463e-08 1.61723e-08 -3.13414e-09 0 0 0
1.17922e-08 7.88489e-09 2.34224e-08 0 0 0
-0.230286 0.222371 -0.036322 -0.262 0.208 -0.05
1.63072e-08 1.16896e-08 -2.37359e-08 0 0 0
1.54829e-08 2.14631e-08 -1.89198e-08 0 0 0
-0.0980561 -0.110875 -0.30399 -0.093 -0.098 -0.323
-2.35894e-09 -1.04617e-08 -3.67429e-09 0 0 0
-4.94931e-08 2.16565e-08 2.6075e-09 0 0 0
0.187322 -0.131354 0.0897401 0.183 -0.126 0.08
6.20741e-08 6.21727e-08 -1.90994e-09 0 0 0
2.98697e-09 -5.6495e-08 -2.29295e-08 0 0 0
-0.0490638 0.034047 -0.344594 -0.045 0.023 -0.34
1.79338e-08 -9.84602e-10 8.48893e-09 0 0 0
-6.30693e-08 6.53472e-08 4.3688e-09 0 0 0
-0.108529 0.088181 -0.0421204 -0.126 0.087 -0.024
-2.76296e-08 2.8416e-09 -1.30375e-08 0 0 0
-1.84528e-08 2.14759e-08 7.4426e-08 0 0 0
0.225462 -0.00515841 0.116672 0.202 -0.023 0.111
-1.0642e-08 1.19396e-09 8.69977e-09 0 0 0
-9.71313e-09 -2.40876e-09 3.03963e-08 0 0 0
-0.0851084 0.175775 -0.157325 -0.095 0.176 -0.159
3.03853e-08 2.60083e-10 -2.67468e-08 0 0 0
2.89981e-08 -3.33973e-08 5.33037e-09 0 0 0
0.160025 0.165557 -0.217354 0.145 0.155 -0.21
1.90235e-08 -4.38854e-08 2.06623e-08 0 0 0
-3.466e-08 -4.5027e-08 -2.22093e-08 0 0 0
0.285882 0.242796 0.0226072 0.293 0.241 0.027
1.01287e-08 3.95683e-09 -1.34644e-08 0 0 0
-1.13822e-08 -2.87402e-08 -4.59684e-08 0 0 0
0.0385595 0.291506 -0.00613659 0.041 0.293 -0.004
4.05626e-08 -1.02615e-08 -2.51528e-08 0 0 0
-5.95743e-08 9.19992e-09 -1.26868e-08 0 0 0
-0.332581 0.0536775 -0.0421072 -0.324 0.051 -0.044
2.9906e-08 -3.67395e-08 3.16194e-08 0 0 0
-1.74135e-08 4.11456e-08 -5.0625e-09 0 0 0
0.220675 0.248162 -0.0328728 0.215 0.267 -0.034
-5.97664e-08 -3.59461e-08 -5.28367e-09 0 0 0
7.47651e-08 -2.82866e-08 -1.78819e-08 0 0 0
0.173226 -0.218291 -0.122645 0.16 -0.203 -0.112
3.43258e-09 -4.75206e-09 -2.07062e-08 0 0 0
-1.50009e-08 -4.69027e-09 -2.08615e-09 0 0 0
0.127001 -0.0890427 0.304167 0.139 -0.09 0.299
2.73492e-08 -1.06184e-08 -3.33827e-09 0 0 0
-1.99395e-08 -8.27234e-09 4.75373e-08 0 0 0
-0.210924 0.018409 0.275921 -0.198 0.024 0.274
3.87814e-08 2.77985e-09 7.73985e-08 0 0 0
-3.70682e-08 1.66797e-08 -1.71941e-08 0 0 0
-0.166259 0.0449766 -0.208488 -0.159 0.034 -0.222
2.77235e-08 -1.78582e-08 -1.7989e-08 0 0 0
-1.18946e-08 -2.93262e-08 8.25888e-09 0 0 0
-0.335828 0.173257 0.000663597 -0.363 0.201 -0.02
-1.5571e-08 -5.83739e-08 -1.4807e-08 0 0 0
-7.16578e-08 3.95705e-08 2.92774e-08 0 0 0
-0.138275 0.0819414 0.238286 -0.132 0.092 0.229
-3.5935e-08 4.31338e-08 -1.30497e-08 0 0 0
-2.52389e-08 -2.1053e-08 1.44741e-08 0 0 0
0.301307 0.00395053 -0.15021 0.311 0.002 -0.151
1.32332e-08 3.90931e-08 -7.89316e-09 0 0 0
1.16569e-08 -2.32694e-08 8.57263e-09 0 0 0
-0.0670002 0.312038 0.0944454 -0.059 0.313 0.087
1.22465e-08 -2.9788e-08 1.54936e-08 0 0 0
1.77519e-08 4.89967e-08 -3.29509e-08 0 0 0
-0.10283 -0.181119 0.106754 -0.086 -0.206 0.109
8.50617e-09 -2.95937e-09 -3.26006e-08 0 0 0
3.13759e-09 -3.91018e-09 -5.51684e-08 0 0 0
-0.0182916 -0.138764 0.159956 -0.023 -0.122 0.164
-3.96766e-08 -1.43539e-08 -2.2652e-08 0 0 0
4.83314e-08 1.00425e-09 2.24603e-08 0 0 0
-0.107081 0.15507 -0.0102954 -0.102 0.169 -0.012
-4.34954e-08 1.01906e-09 -6.33252e-08 0 0 0
7.00235e-08 2.64708e-08 1.32973e-08 0 0 0
-0.0270835 -0.138239 0.179506 -0.029 -0.147 0.164
2.30862e-08 -5.74132e-08 -3.92511e-08 0 0 0
-3.25662e-08 -3.25803e-08 1.80699e-08 0 0 0
0.199297 -0.262336 -0.110835 0.198 -0.261 -0.102
2.02724e-08 4.51436e-08 7.27143e-09 0 0 0
-2.26678e-08 5.7656e-09 -2.18774e-08 0 0 0
0.231731 0.0596455 -0.0389723 0.236 0.044 -0.052
-3.41006e-10 -1.31066e-08 3.79204e-08 0 0 0
1.59636e-08 5.39125e-08 2.64903e-08 0 0 0
-0.254187 0.120461 -0.123431 -0.257 0.131 -0.119
2.18499e-08 -2.37181e-09 3.90264e-08 0 0 0
-3.13225e-08 -8.63351e-09 -4.33673e-08 0 0 0
0.264088 0.0694042 -0.00553444 0.26 0.062 0
3.24061e-08 -2.70976e-09 3.30766e-08 0 0 0
-3.31743e-08 -6.34388e-09 -6.64584e-08 0 0 0
-0.113053 0.285582 0.274096 -0.103 0.282 0.323
-1.80278e-08 1.72815e-08 1.76985e-08 0 0 0
-2.71895e-08 -5.51724e-08 3.93015e-10 0 0 0
0.374592 0.0521936 0.00485273 0.362 0.049 0.011
-3.55389e-08 5.52844e-08 -1.00751e-08 0 0 0
4.50638e-08 -1.76718e-08 -3.0734e-08 0 0 0
-0.241647 -0.0802229 -0.215368 -0.24 -0.06 -0.231
7.13958e-09 3.87581e-09 1.53923e-08 0 0 0
-1.54037e-08 1.42695e-08 -1.72761e-08 0 0 0
0.249587 0.0618413 0.183223 0.246 0.047 0.184
5.3987e-09 8.78104e-09 5.00381e-08 0 0 0
8.36891e-09 9.46349e-09 3.24223e-08 0 0 0
0.00857404 -0.169629 -0.119435 0.006 -0.164 -0.129
2.45757e-08 2.09143e-08 -7.27819e-08 0 0 0
-1.92113e-08 -2.31352e-08 -3.00718e-08 0 0 0
-0.146766 -0.150422 -0.0827269 -0.145 -0.145 -0.096
6.28535e-09 -5.05423e-08 -1.30493e-08 0 0 0
9.89638e-10 -6.36324e-09 -7.83054e-09 0 0 0
-0.287091 0.153943 -0.0694779 -0.278 0.169 -0.062
-4.20688e-08 2.14849e-08 4.08284e-08 0 0 0
5.58582e-08 5.23183e-09 -2.05303e-08 0 0 0
-0.10804 0.22341 -0.102067 -0.104 0.212 -0.108
4.54059e-09 4.35655e-09 4.3187e-08 0 0 0
-7.36353e-08 -2.19758e-08 1.20272e-08 0 0 0
0.192575 0.187147 0.17975 0.196 0.188 0.172
2.29434e-08 1.60005e-08 5.24628e-09 0 0 0
-2.73422e-08 3.62776e-08 -6.24683e-09 0 0 0
-0.0828553 -0.0542066 -0.329174 -0.084 -0.051 -0.316
-1.21806e-09 8.51637e-09 -1.67381e-08 0 0 0
4.69615e-09 -4.82136e-08 5.65099e-08 0 0 0
-0.0808089 -0.202659 0.169292 -0.089 -0.191 0.174
2.2841e-08 -1.89682e-08 6.53132e-09 0 0 0
-3.08218e-08 -1.55431e-08 -1.12311e-08 0 0 0
-0.0476598 -0.0175266 -0.236702 -0.044 -0.02 -0.229
-5.63306e-08 2.1237e-08 -1.49896e-08 0 0 0
-1.20814e-08 1.78359e-08 -2.57788e-09 0 0 0
0.225617 0.117002 0.256522 0.219 0.123 0.256
3.78915e-08 -2.54029e-08 -2.76332e-08 0 0 0
-1.68103e-08 -3.44492e-08 5.57111e-08 0 0 0
0.166913 0.365269 0.0595312 0.179 0.386 0.059
-2.73037e-08 -3.3246e-08 3.47962e-09 0 0 0
4.00514e-09 -2.29773e-08 -5.21927e-09 0 0 0
0.126979 -0.146701 -0.0984041 0.115 -0.15 -0.115
6.44261e-08 -1.57478e-08 4.45462e-09 0 0 0
3.51114e-09 3.54191e-08 -9.60114e-09 0 0 0
0.254729 -0.022912 -0.0754175 0.254 -0.012 -0.073
-4.54331e-08 8.82934e-09 -2.98667e-08 0 0 0
5.04403e-08 6.99148e-08 -3.15056e-08 0 0 0
0.0508565 -0.271601 0.141647 0.06 -0.271 0.143
-2.56057e-09 9.64843e-09 -7.85458e-09 0 0 0
6.10339e-08 -1.06645e-09 3.08538e-08 0 0 0
0.0779873 0.266154 0.0670462 0.077 0.267 0.073
-1.96765e-08 5.05242e-08 -2.03558e-09 0 0 0
6.4481e-08 -8.27863e-09 -2.34444e-08 0 0 0
-0.0228185 0.189145 0.148051 -0.022 0.199 0.158
-8.02041e-09 -1.265e-08 -3.83794e-08 0 0 0
-2.29751e-08 3.29197e-08 8.05956e-09 0 0 0
0.263046 0.103808 -0.0926528 0.263 0.09 -0.085
2.56772e-09 1.70839e-08 -3.31071e-08 0 0 0
4.90664e-08 -4.25257e-08 4.90904e-08 0 0 0
-0.180741 -0.0382445 -0.165913 -0.205 -0.04 -0.188
3.63201e-08 -1.90724e-08 -4.16104e-08 0 0 0
-4.89202e-08 -2.83538e-08 2.16682e-08 0 0 0
0.0749259 0.0956398 -0.116031 0.086 0.104 -0.1
3.17433e-09 2.55346e-09 -7.71887e-08 0 0 0
-2.32855e-08 -1.61057e-08 3.99651e-08 0 0 0
0.0623065 0.0406975 0.246912 0.058 0.051 0.248
-4.354e-09 3.37684e-08 1.71062e-08 0 0 0
-6.50745e-08 1.78669e-08 4.83658e-08 0 0 0
0.355575 -0.190992 0.139837 0.355 -0.233 0.157
-2.42565e-09 -9.08938e-09 -1.51202e-08 0 0 0
3.72353e-08 -2.72329e-08 -3.9265e-08 0 0 0
0.235668 0.223123 -0.108667 0.224 0.221 -0.101
1.95381e-10 5.44712e-08 3.68482e-08 0 0 0
4.66195e-08 1.61344e-08 -3.72021e-08 0 0 0
-0.180578 0.289371 -0.0354614 -0.175 0.292 -0.044
-5.10694e-08 -1.8725e-08 3.80812e-09 0 0 0
1.01283e-08 4.15802e-08 -2.30598e-08 0 0 0
0.19123 0.2615 0.119962 0.196 0.247 0.117
-1.24726e-08 -3.93266e-08 2.07236e-08 0 0 0
-3.24214e-08 2.16075e-08 4.59311e-08 0 0 0
-0.0329522 0.184484 -0.22759 -0.028 0.192 -0.221
-1.91491e-08 3.42071e-08 6.63786e-09 0 0 0
-3.72028e-08 -6.60794e-09 1.91007e-08 0 0 0
0.0972623 -0.0275483 0.135184 0.099 -0.035 0.136
6.76233e-09 -2.62585e-08 7.2435e-08 0 0 0
2.61469e-08 -3.60083e-09 -2.18834e-08 0 0 0
0.0910769 0.123348 0.255831 0.08 0.127 0.263
-4.43325e-10 3.94021e-09 -5.51228e-09 0 0 0
5.70079e-09 5.11959e-08 -3.88569e-08 0 0 0
0.234972 -0.083586 0.00892223 0.234 -0.076 -0.002
-1.38813e-08 -1.04791e-08 -1.20278e-08 0 0 0
-4.15693e-08 -4.92765e-09 7.37356e-08 0 0 0
-0.0944599 0.17023 -0.158408 -0.105 0.168 -0.155
1.20997e-08 -2.32975e-08 -1.15093e-08 0 0 0
4.25066e-08 -2.02617e-08 1.09874e-08 0 0 0
0.0990594 -0.0599182 -0.107122 0.094 -0.07 -0.105
1.25367e-08 -4.51963e-08 -4.64321e-08 0 0 0
-3.04212e-08 -5.77136e-09 1.76278e-08 0 0 0
0.300683 -0.0697175 -0.116615 0.292 -0.086 -0.103
-2.40306e-08 3.74167e-08 5.0748e-08 0 0 0
7.4182e-09 -3.63437e-08 -2.53992e-08 0 0 0
0.0714103 0.222618 -0.120085 0.076 0.218 -0.142
5.81878e-08 -2.09668e-09 -7.10005e-09 0 0 0
1.71707e-09 7.19309e-08 1.48731e-08 0 0 0
0.052472 0.237054 -0.0581728 0.067 0.23 -0.039
3.16649e-08 1.11018e-08 2.29172e-08 0 0 0
3.74677e-08 3.60635e-09 3.57281e-08 0 0 0
-0.0868861 0.214663 -0.143504 -0.081 0.221 -0.145
-6.68901e-09 -9.1406e-09 -8.29609e-09 0 0 0
6.90025e-09 3.16598e-08 1.91376e-08 0 0 0
-0.216756 0.185638 -0.000479801 -0.218 0.194 -0.015
2.57819e-09 4.88573e-09 -2.93475e-08 0 0 0
-4.85812e-08 6.65347e-09 1.55631e-08 0 0 0
0.220089 0.133118 -0.16839 0.23 0.117 -0.16
7.90679e-09 5.96081e-08 -1.06194e-08 0 0 0
2.98026e-08 -4.97096e-08 1.78628e-08 0 0 0
0.0352859 -0.147131 -0.272211 0.023 -0.149 -0.269
2.57592e-08 -1.9939e-08 7.99832e-10 0 0 0
2.18493e-08 8.6094e-09 1.27953e-08 0 0 0
-0.364906 0.0902559 0.185885 -0.362 0.089 0.187
-1.172e-08 -3.08517e-08 -7.03528e-08 0 0 0
-1.45967e-09 2.14522e-09 3.02658e-08 0 0 0
0.267528 0.113927 0.24027 0.259 0.109 0.237
-1.3127e-08 3.79311e-09 1.79658e-08 0 0 0
-3.28793e-08 5.8112e-10 1.01622e-08 0 0 0
0.0968729 0.195492 -0.172062 0.102 0.192 -0.172
-1.57497e-09 -2.96487e-08 -2.95448e-08 0 0 0
4.91483e-09 1.98477e-08 -1.69693e-08 0 0 0
0.264037 0.132425 0.174873 0.258 0.136 0.18
-5.48524e-08 -1.13316e-08 -5.86654e-09 0 0 0
-1.66784e-09 -2.33378e-08 -3.07226e-08 0 0 0
0.134355 -0.0234646 0.124876 0.139 -0.031 0.145
8.90371e-08 1.76444e-08 -3.10154e-08 0 0 0
3.72982e-08 -8.34652e-08 5.2229e-09 0 0 0
0.0488803 0.175448 0.141333 0.057 0.175 0.142
1.70599e-08 1.67318e-08 -5.764e-08 0 0 0
-9.94831e-09 7.86439e-10 -1.80031e-08 0 0 0
-0.130711 0.104138 0.201403 -0.12 0.107 0.201
5.47195e-09 2.48571e-10 2.71002e-08 0 0 0
-2.71557e-08 7.13683e-09 -3.24585e-08 0 0 0
0.13323 0.193481 -0.0462236 0.143 0.195 -0.038
1.68894e-08 -7.42994e-09 -6.46519e-09 0 0 0
-3.02559e-08 4.78253e-08 -2.65466e-09 0 0 0
0.089817 -0.174081 -0.117485 0.094 -0.176 -0.113
-2.44834e-09 -2.18497e-08 1.93441e-08 0 0 0
1.93176e-08 -1.50464e-08 3.00829e-08 0 0 0
0.255192 0.0909565 0.294172 0.247 0.09 0.295
-4.43029e-08 4.98046e-10 1.27636e-08 0 0 0
4.41615e-09 1.67413e-08 -1.41107e-08 0 0 0
0.0657809 0.211205 0.254489 0.078 0.205 0.253
-1.35901e-08 7.06638e-08 1.1459e-08 0 0 0
3.31279e-08 -4.78161e-08 2.19227e-08 0 0 0
-0.072103 0.130673 -0.159715 -0.072 0.14 -0.177
1.95787e-08 -4.42121e-08 -5.04912e-09 0 0 0
-4.06626e-08 -1.87193e-08 -1.59879e-08 0 0 0
-0.303579 0.19325 0.049838 -0.328 0.184 0.043
7.44707e-09 -2.01895e-08 -8.61789e-09 0 0 0
-2.78219e-08 8.46533e-10 4.37929e-08 0 0 0
-0.127902 0.207047 0.147549 -0.116 0.212 0.157
-1.56366e-08 -5.44208e-08 -7.74781e-09 0 0 0
-3.7049e-08 6.84432e-08 3.66518e-09 0 0 0
0.131029 0.294647 -0.164819 0.122 0.299 -0.177
7.15006e-09 1.06975e-08 -2.04542e-08 0 0 0
-3.05307e-08 1.66147e-08 5.3713e-08 0 0 0
-0.0789524 0.241713 -0.0405718 -0.073 0.241 -0.031
2.7225e-08 4.87118e-08 -4.25617e-08 0 0 0
-1.82074e-08 -3.11393e-09 -2.80546e-08 0 0 0
-0.142768 -0.172646 -0.0226452 -0.137 -0.166 -0.025
-1.75934e-08 2.07988e-08 8.09607e-10 0 0 0
-8.62941e-09 -2.43479e-08 -3.68712e-08 0 0 0
0.0823147 -0.109337 0.291625 0.085 -0.107 0.303
3.90716e-08 2.16695e-08 2.21645e-08 0 0 0
-7.54673e-08 -1.05692e-08 -2.18752e-08 0 0 0
0.0305172 0.330578 -0.177279 0.037 0.325 -0.164
1.08987e-08 -2.07147e-09 6.12121e-08 0 0 0
6.97144e-10 1.99781e-08 -6.20106e-08 0 0 0
-0.0592017 -0.286383 0.0439126 -0.06 -0.29 0.052
5.21606e-09 -5.89448e-08 -2.75835e-08 0 0 0
-1.12605e-09 2.43472e-08 3.83224e-08 0 0 0
0.189469 -0.25475 -0.165532 0.189 -0.25 -0.154
-1.40778e-08 1.51515e-08 -3.55619e-09 0 0 0
5.62906e-09 2.63538e-08 -9.5482e-09 0 0 0
0.288464 0.127323 0.0501422 0.286 0.132 0.045
-5.93884e-11 2.12626e-08 -1.21048e-08 0 0 0
5.64583e-11 5.03513e-09 6.07275e-08 0 0 0
-0.183596 0.199153 -0.217136 -0.182 0.188 -0.221
-1.21681e-08 -4.5517e-08 -3.00545e-08 0 0 0
2.65858e-08 1.0198e-09 3.02222e-08 0 0 0
0.292492 0.0401302 -0.0440262 0.284 0.045 -0.039
2.669e-08 -3.19216e-08 2.10984e-08 0 0 0
-2.76334e-08 -1.90534e-09 -4.32302e-08 0 0 0
0.0977423 0.313063 0.00478931 0.092 0.323 -0.01
9.20372e-09 4.11956e-08 3.27466e-08 0 0 0
-1.20317e-08 1.79911e-08 -1.16815e-09 0 0 0
0.136978 0.153027 -0.0795878 0.141 0.146 -0.081
2.49396e-08 -5.70982e-09 -2.5266e-08 0 0 0
-9.53176e-09 9.70714e-08 1.07374e-08 0 0 0
-0.287679 -0.126701 -0.0545967 -0.283 -0.126 -0.061
-7.25254e-10 7.67439e-09 -1.0989e-08 0 0 0
3.21426e-08 1.09907e-08 -1.24096e-08 0 0 0
0.243736 -0.0647456 0.24866 0.256 -0.07 0.265
-1.39896e-08 1.58801e-08 5.08166e-08 0 0 0
8.47301e-09 5.33059e-09 -1.79403e-08 0 0 0
-0.148786 -0.165484 -0.176908 -0.144 -0.16 -0.169
2.45424e-08 9.2482e-09 -6.17403e-08 0 0 0
-5.29063e-08 -3.56504e-08 -2.52066e-08 0 0 0
-0.0524769 -0.125652 -0.215635 -0.046 -0.129 -0.221
-2.13097e-08 -3.23408e-08 6.80417e-09 0 0 0
-5.76752e-08 1.63012e-08 -6.1356e-08 0 0 0
-0.217834 0.0228399 -0.0526341 -0.227 0.005 -0.056
-1.63451e-09 3.46607e-08 -2.93573e-08 0 0 0
-4.08784e-08 1.52195e-08 5.22086e-08 0 0 0
-0.176334 0.299043 -0.0354005 -0.183 0.278 -0.04
4.09514e-08 5.70683e-09 3.54141e-08 0 0 0
-7.43591e-08 1.91709e-08 -9.55153e-09 0 0 0
0.0442891 0.280335 0.178401 0.05 0.268 0.178
-4.14924e-08 2.74347e-08 3.99084e-08 0 0 0
4.07985e-08 1.76409e-09 -5.81727e-09 0 0 0
-0.0597841 -0.0901394 -0.189855 -0.059 -0.103 -0.192
1.48604e-08 4.61885e-08 1.09923e-08 0 0 0
-5.2759e-10 -4.01997e-08 2.97524e-08 0 0 0
-0.0411504 -0.21809 0.0956459 -0.033 -0.24 0.093
3.79149e-08 -3.65222e-08 1.0114e-09 0 0 0
-6.82044e-08 6.36403e-09 -3.89908e-08 0 0 0
-0.112261 0.118835 -0.202744 -0.118 0.108 -0.187
-1.24196e-09 2.90259e-08 -3.28077e-08 0 0 0
-4.17245e-08 5.5605e-09 -1.80469e-08 0 0 0
0.176244 0.106343 0.253478 0.203 0.12 0.241
5.36173e-08 1.04264e-09 -4.00985e-09 0 0 0
-7.54372e-09 -5.70525e-08 8.5445e-08 0 0 0
-0.0873841 0.268698 0.170364 -0.092 0.257 0.183
-1.40483e-08 1.25154e-08 -1.00008e-08 0 0 0
3.26208e-08 -1.86594e-08 8.60656e-09 0 0 0
0.236044 -0.178889 -0.0100219 0.22 -0.164 -0.016
5.62291e-08 -4.14474e-09 2.34025e-08 0 0 0
1.11304e-08 1.65259e-08 -7.83529e-09 0 0 0
0.261787 -0.0577498 -0.0597041 0.263 -0.066 -0.05
-5.90955e-08 -4.80881e-09 -2.89523e-08 0 0 0
2.67077e-08 2.5758e-08 -2.09392e-08 0 0 0
0.179377 -0.147209 0.234339 0.167 -0.144 0.219
-4.01715e-08 -1.21584e-08 1.03224e-08 0 0 0
7.91351e-08 7.93692e-09 5.24363e-08 0 0 0
0.0078868 0.283409 0.0803789 0.011 0.269 0.087
-7.69965e-09 4.01829e-08 -2.4468e-08 0 0 0
6.84486e-08 -1.20505e-08 -1.2729e-08 0 0 0
0.0742378 0.15761 0.0400337 0.08 0.168 0.043
-9.11628e-09 -1.34595e-09 -4.20732e-08 0 0 0
-1.70253e-08 1.87673e-08 2.35266e-08 0 0 0
0.136036 0.0840233 -0.013737 0.143 0.077 -0.02
-6.43315e-09 3.13598e-08 1.87483e-09 0 0 0
5.19389e-08 -4.05118e-08 2.24745e-08 0 0 0
-0.279313 0.0724672 -0.165229 -0.282 0.085 -0.184
5.51655e-09 -7.16332e-09 -5.41781e-08 0 0 0
-2.2181e-08 6.46493e-09 4.40837e-08 0 0 0
0.263495 0.188741 -0.118416 0.263 0.182 -0.118
4.0435e-09 -2.19245e-08 5.83701e-09 0 0 0
1.39271e-09 1.54756e-09 -5.01967e-08 0 0 0
0.130377 0.126049 0.244868 0.13 0.131 0.242
2.26094e-08 6.96368e-09 3.35844e-08 0 0 0
-5.05518e-08 -8.98421e-09 3.7307e-08 0 0 0
0.278632 -0.207329 0.0440381 0.283 -0.186 0.04
4.21925e-08 -3.40494e-08 -5.51659e-08 0 0 0
2.64636e-08 -3.75349e-08 2.95172e-08 0 0 0
0.134699 0.138312 -0.173106 0.111 0.144 -0.179
6.6428e-10 1.1543e-08 2.81546e-08 0 0 0
3.48378e-08 -3.82509e-08 4.05072e-09 0 0 0
-0.239312 0.0918443 -0.0705065 -0.248 0.091 -0.072
-5.6359e-08 5.17515e-09 -1.47895e-09 0 0 0
2.67281e-08 3.38885e-08 -2.00868e-08 0 0 0
0.011953 0.0844032 0.212702 0.015 0.08 0.217
2.00729e-08 3.9618e-09 3.58866e-08 0 0 0
5.9131e-09 1.84798e-08 1.86339e-08 0 0 0
-0.0266064 0.101074 -0.143929 -0.011 0.101 -0.144
-3.58722e-08 3.06458e-08 2.22483e-10 0 0 0
-1.46114e-08 2.82816e-08 4.05075e-08 0 0 0
0.220928 0.0115065 0.154119 0.227 0.007 0.155
2.14604e-08 -9.13092e-09 -2.75048e-08 0 0 0
2.39072e-08 -2.5824e-08 4.99726e-08 0 0 0
0.118799 0.149439 0.131822 0.103 0.164 0.135
1.36939e-08 -3.42404e-08 -3.01469e-08 0 0 0
1.32917e-08 8.57824e-09 8.67715e-09 0 0 0
0.340363 -0.141339 0.00265473 0.339 -0.131 0.003
-3.90369e-09 -3.84138e-08 -5.36896e-09 0 0 0
-2.05019e-08 4.07097e-08 5.32649e-08 0 0 0
-0.125906 -0.041682 -0.300086 -0.116 -0.044 -0.304
1.51465e-08 -4.60669e-08 4.92459e-09 0 0 0
6.15466e-09 2.83947e-08 4.37182e-09 0 0 0
0.159862 -0.0150407 -0.193303 0.166 -0.017 -0.176
-2.57136e-08 -4.6697e-08 -2.5664e-08 0 0 0
-1.23315e-08 -4.44342e-08 2.63371e-08 0 0 0
0.120307 -0.258263 0.0536423 0.119 -0.249 0.056
-6.03042e-09 -2.0394e-08 -2.96447e-08 0 0 0
2.53209e-08 -2.64038e-08 -1.0648e-08 0 0 0
0.213172 0.195812 -0.155581 0.207 0.201 -0.149
4.44658e-09 7.23688e-08 -7.85014e-09 0 0 0
6.24404e-08 -2.7608e-08 -2.49228e-08 0 0 0
0.12553 0.21466 0.0481434 0.119 0.209 0.043
4.08776e-08 1.25033e-08 2.8147e-08 0 0 0
-8.29225e-09 1.07883e-08 -2.18275e-08 0 0 0
-0.203823 0.261073 -0.117771 -0.189 0.265 -0.123
1.96465e-08 -2.33515e-08 7.11108e-09 0 0 0
1.043e-08 -2.34176e-08 -3.29201e-08 0 0 0
-0.244237 0.0905673 -0.120142 -0.247 0.1 -0.131
-1.77017e-08 5.75058e-09 -2.07904e-08 0 0 0
-4.24731e-08 2.41024e-08 6.75805e-08 0 0 0
0.0931628 0.136646 -0.226702 0.09 0.119 -0.241
2.20455e-08 3.49303e-08 2.44255e-08 0 0 0
1.51861e-08 -5.17186e-08 -6.48294e-09 0 0 0
-0.0225406 -0.0918799 -0.232685 -0.037 -0.097 -0.225
5.74629e-09 1.93498e-08 -9.6414e-10 0 0 0
-2.29149e-09 -1.08217e-08 2.4384e-08 0 0 0
-0.165422 0.0364506 -0.173637 -0.171 0.022 -0.17
-3.46417e-08 1.44807e-08 -4.06431e-09 0 0 0
-2.74839e-08 -1.48623e-08 5.69929e-08 0 0 0
0.242207 0.0422601 0.133021 0.247 0.033 0.136
-4.56814e-08 -2.63346e-09 2.83543e-08 0 0 0
-3.9262e-08 2.12903e-08 2.04094e-08 0 0 0
0.193589 0.16928 -0.0738524 0.191 0.172 -0.074
-1.32792e-09 5.78522e-08 2.66237e-08 0 0 0
-1.27502e-08 -4.62915e-08 -2.45302e-09 0 0 0
0.221889 -0.0941255 0.0497269 0.223 -0.092 0.05
-4.35162e-08 1.68451e-08 -5.40591e-09 0 0 0
-1.82117e-09 3.27027e-08 2.07911e-08 0 0 0
0.158351 -0.14922 0.094732 0.17 -0.161 0.113
6.95801e-08 1.70634e-08 -6.01808e-08 0 0 0
3.50307e-08 -8.15359e-08 -1.71744e-09 0 0 0
-0.138382 0.304649 -0.0906636 -0.145 0.284 -0.089
6.60976e-09 -3.4212e-08 1.31127e-08 0 0 0
5.48097e-08 -3.77444e-08 7.74026e-09 0 0 0
-0.0795025 0.0315344 0.280596 -0.066 0.036 0.284
-1.40597e-08 4.52917e-08 -5.18671e-08 0 0 0
-7.80211e-08 -2.46577e-09 7.82873e-09 0 0 0
0.23137 0.294456 -0.0631518 0.238 0.321 -0.065
2.53234e-08 -4.12643e-09 -4.50229e-09 0 0 0
-3.8132e-08 6.22702e-08 -2.88913e-10 0 0 0
0.0989884 -0.223114 0.0401537 0.103 -0.221 0.035
2.77675e-08 -2.65648e-08 -1.2073e-08 0 0 0
2.68198e-08 5.06251e-09 -1.63918e-08 0 0 0
0.159946 0.129732 0.154637 0.158 0.121 0.152
2.24376e-08 -1.34089e-08 -1.14837e-08 0 0 0
-4.25064e-08 -7.80931e-09 1.92357e-08 0 0 0
-0.0228311 0.0603631 0.25318 -0.02 0.048 0.25
2.9179e-08 5.30895e-08 2.90074e-09 0 0 0
4.30114e-08 -1.04139e-09 4.92189e-08 0 0 0
-0.0875922 -0.0752694 -0.339779 -0.085 -0.089 -0.348
-3.96647e-08 4.38788e-08 1.33367e-08 0 0 0
2.53274e-09 3.39004e-08 3.04138e-09 0 0 0
-0.145388 -0.0867677 0.37915 -0.139 -0.073 0.389
1.43698e-08 1.76624e-09 1.64137e-08 0 0 0
-1.00043e-08 -2.18054e-08 -1.52499e-08 0 0 0
-0.224045 0.0856249 0.113416 -0.222 0.087 0.123
-1.47327e-08 8.43117e-10 -3.15138e-08 0 0 0
-4.7622e-09 2.06374e-08 1.51575e-08 0 0 0
0.031609 0.38195 0.0730452 0.024 0.397 0.065
4.1487e-09 2.34249e-08 2.69803e-08 0 0 0
1.55301e-09 1.85256e-08 -2.21626e-09 0 0 0
-0.0660247 0.0382952 -0.295108 -0.043 0.061 -0.305
-2.8035e-08 -6.55173e-09 -2.9704e-08 0 0 0
-3.42619e-09 6.85327e-09 -7.47822e-09 0 0 0
-0.0886331 0.291382 0.0871847 -0.078 0.303 0.088
-6.95926e-08 1.09754e-08 -9.14542e-10 0 0 0
5.74547e-08 1.46357e-09 -4.19294e-08 0 0 0
-0.0856366 -0.118722 0.0748973 -0.081 -0.102 0.081
8.54572e-09 -2.02473e-08 7.00961e-09 0 0 0
-6.70324e-08 -4.00948e-08 3.63135e-08 0 0 0
-0.0125463 0.253823 -0.0429709 -0.014 0.247 -0.044
2.699e-08 1.6191e-08 -1.27611e-08 0 0 0
2.91095e-08 7.85623e-09 2.9487e-08 0 0 0
-0.187135 -0.189565 0.0861847 -0.184 -0.203 0.078
-2.60268e-08 -1.73263e-08 9.53849e-10 0 0 0
-1.47096e-08 4.99862e-08 2.62039e-08 0 0 0
-0.00827954 0.239522 -0.1775 -0.015 0.23 -0.179
1.71763e-08 1.40845e-08 -4.9128e-08 0 0 0
-8.95404e-08 9.55109e-09 -1.44137e-08 0 0 0
0.217156 0.0746776 0.119875 0.209 0.08 0.128
-3.12421e-09 2.33313e-08 -2.08099e-08 0 0 0
1.52306e-08 8.90211e-11 2.01927e-08 0 0 0
-0.166493 -0.076093 0.19729 -0.174 -0.082 0.201
-2.05518e-08 3.0547e-08 -6.27729e-08 0 0 0
-1.62871e-08 -4.81252e-08 -2.35979e-09 0 0 0
0.205067 0.0353056 -0.168903 0.193 0.02 -0.161
1.60798e-09 1.19607e-08 4.25937e-08 0 0 0
-1.13482e-08 9.0526e-09 -3.81063e-08 0 0 0
-0.00378778 0.359256 0.184996 0.009 0.344 0.188
2.36478e-08 -3.57897e-08 4.84414e-08 0 0 0
-3.69567e-08 7.02662e-09 -1.43503e-09 0 0 0
0.154437 0.163777 -0.0556815 0.169 0.168 -0.062
6.09763e-08 -3.41295e-08 4.13523e-09 0 0 0
-1.9577e-08 -6.72732e-09 1.52381e-08 0 0 0
-0.218235 -0.192465 -0.10728 -0.211 -0.193 -0.115
2.03889e-08 -9.75248e-10 2.25541e-08 0 0 0
-3.96856e-08 -1.22354e-08 5.43106e-08 0 0 0
0.244257 0.0137423 0.0905863 0.249 0.005 0.091
1.28007e-08 1.59741e-08 1.75049e-08 0 0 0
-3.09353e-08 4.6479e-10 4.5452e-08 0 0 0
-0.261413 -0.254817 -0.0564646 -0.25 -0.25 -0.039
5.85386e-09 5.31178e-09 -2.67326e-08 0 0 0
3.94591e-09 -3.87774e-08 -1.90789e-08 0 0 0
-0.0687376 -0.182964 0.0301554 -0.076 -0.191 0.028
3.48695e-08 -4.49019e-08 -2.63004e-08 0 0 0
7.95493e-09 3.62292e-08 -2.51803e-08 0 0 0
-0.298508 -0.000296615 -0.152123 -0.294 -0.003 -0.144
-1.78513e-08 6.22658e-08 3.83718e-09 0 0 0
9.2727e-09 -3.00016e-08 -5.52975e-08 0 0 0
0.00572548 0.275408 0.0655245 0 0.279 0.056
3.6723e-09 -3.76524e-08 -1.9043e-08 0 0 0
2.57414e-08 -3.42044e-08 2.80897e-08 0 0 0
0.201075 0.198735 -0.0845979 0.207 0.196 -0.091
4.46195e-09 -1.03017e-08 8.2159e-08 0 0 0
-4.65545e-08 5.51147e-08 2.18713e-09 0 0 0
-0.0992022 -0.0602046 -0.350864 -0.096 -0.073 -0.344
2.0367e-08 2.62029e-08 -2.68337e-08 0 0 0
3.95138e-08 -1.63588e-08 -2.29337e-09 0 0 0
-0.144425 -0.154717 0.196147 -0.145 -0.15 0.202
3.15248e-08 1.28449e-09 -1.0952e-08 0 0 0
-4.88356e-08 -1.9896e-08 2.27401e-08 0 0 0
-0.0383437 -0.103995 -0.157625 -0.034 -0.129 -0.182
3.41499e-08 1.43109e-08 -9.06749e-09 0 0 0
-7.56095e-08 -1.57018e-08 5.09184e-08 0 0 0
0.00555548 0.137229 0.270413 0.027 0.149 0.267
1.11974e-08 1.68355e-08 -2.60194e-08 0 0 0
1.83398e-08 -3.58765e-08 -4.52496e-09 0 0 0
0.310928 0.00936437 0.0872708 0.333 0.003 0.091
7.43325e-09 -3.05711e-08 5.50662e-08 0 0 0
-3.22861e-08 -4.12255e-08 -5.49446e-09 0 0 0
0.128445 -0.264667 -0.0794735 0.126 -0.271 -0.059
-9.5863e-09 -9.59528e-09 2.72335e-08 0 0 0
9.32757e-09 2.25065e-08 -1.29956e-08 0 0 0
0.242755 -0.110905 0.0569836 0.241 -0.117 0.057
-1.91705e-08 -5.56868e-09 -4.54711e-08 0 0 0
6.46775e-09 2.86556e-08 6.16097e-09 0 0 0
0.227476 0.0647702 -0.0029268 0.235 0.057 -0.007
1.55948e-08 -1.37942e-09 7.9446e-09 0 0 0
4.94532e-09 5.37379e-08 4.3455e-08 0 0 0
0.275607 0.0005778 -0.111899 0.276 0.006 -0.112
-6.38128e-11 2.90428e-09 1.0372e-08 0 0 0
3.15088e-08 3.58802e-08 -4.70418e-08 0 0 0
0.113608 0.149141 -0.151954 0.103 0.151 -0.156
4.91234e-08 5.63304e-10 -3.15933e-08 0 0 0
2.11815e-08 4.11579e-08 2.47646e-08 0 0 0
0.282481 -0.0914083 0.0414182 0.287 -0.093 0.039
1.68313e-08 -2.91908e-09 2.16058e-08 0 0 0
-2.42308e-08 -4.35846e-08 -6.58957e-09 0 0 0
0.239638 0.123003 0.174792 0.237 0.132 0.178
2.39697e-08 -3.76844e-09 2.08646e-08 0 0 0
-5.16119e-08 1.00596e-08 1.62171e-09 0 0 0
0.00768678 0.258683 -0.168445 0.007 0.248 -0.162
1.16559e-08 3.39504e-08 -4.46638e-08 0 0 0
-5.08075e-08 1.34632e-09 5.16581e-08 0 0 0
0.228388 0.165259 0.132865 0.225 0.157 0.131
-2.54853e-08 9.61946e-09 7.53684e-09 0 0 0
4.15275e-08 2.63184e-09 -2.08008e-08 0 0 0
0.118744 0.0018586 0.120609 0.118 -0.009 0.111
4.88445e-09 1.84556e-08 -2.26251e-08 0 0 0
1.26102e-08 -2.0063e-08 1.17657e-08 0 0 0
0.12301 0.0596953 -0.319071 0.121 0.056 -0.322
-2.02006e-08 -3.31392e-09 -3.08808e-08 0 0 0
6.30773e-09 4.58667e-08 -3.11312e-10 0 0 0
-0.211275 0.264514 0.0454143 -0.214 0.267 0.037
1.5065e-08 -7.68049e-09 -7.69855e-08 0 0 0
-7.11527e-08 -4.68877e-08 -1.05319e-10 0 0 0
-0.00280894 -0.00415097 0.195897 0.006 -0.003 0.196
-3.17039e-09 4.38587e-08 2.43033e-08 0 0 0
4.3669e-08 -5.097e-08 1.50801e-08 0 0 0
0.0134268 0.173772 -0.0914672 0.006 0.178 -0.102
1.11753e-08 1.60068e-09 1.72493e-08 0 0 0
-3.42807e-08 3.46448e-08 -2.70006e-08 0 0 0
-0.118921 0.20975 0.330491 -0.111 0.206 0.326
-4.66359e-09 1.5216e-08 3.76414e-08 0 0 0
-2.23936e-08 -4.25033e-08 -1.83935e-08 0 0 0
0.097942 -0.0736861 0.246243 0.099 -0.094 0.26
-2.65064e-09 -3.90418e-08 -1.91646e-08 0 0 0
1.8517e-08 -4.19037e-09 3.82179e-08 0 0 0
0.269353 0.0252366 -0.0555772 0.268 0.02 -0.052
1.35279e-09 -2.95052e-08 4.44847e-09 0 0 0
4.22701e-09 3.96916e-08 3.585e-08 0 0 0
0.20421 0.125632 -0.0461813 0.216 0.109 -0.041
1.94234e-08 2.32555e-08 -7.15827e-08 0 0 0
1.96384e-08 -4.46629e-08 -3.0743e-09 0 0 0
0.185646 -0.0106571 -0.0873214 0.188 -0.022 -0.096
-2.45158e-09 4.30661e-08 -1.53115e-08 0 0 0
-1.66776e-09 -4.88771e-08 3.47142e-09 0 0 0
0.264644 -0.159818 -0.0646323 0.25 -0.149 -0.059
2.38115e-08 2.06241e-08 -1.46543e-08 0 0 0
1.24015e-08 -7.74698e-08 4.34705e-08 0 0 0
0.304145 0.00708171 0.0920372 0.299 0.014 0.09
3.69439e-08 -3.46981e-08 -1.00205e-08 0 0 0
-1.23573e-10 3.57743e-08 4.54687e-08 0 0 0
0.147544 -0.0293484 -0.0300628 0.151 -0.035 -0.024
1.86633e-08 2.23515e-08 1.97116e-08 0 0 0
1.21613e-09 1.52457e-09 4.92986e-08 0 0 0
-0.278146 -0.133367 0.0391136 -0.274 -0.129 0.031
-2.35831e-08 1.75642e-08 3.63903e-08 0 0 0
-1.62719e-08 2.74682e-09 -4.97749e-08 0 0 0
0.162123 -0.0606288 -0.304758 0.162 -0.049 -0.303
2.92194e-08 -2.60954e-09 -1.22349e-08 0 0 0
-2.01468e-08 -2.97514e-09 -1.44591e-08 0 0 0
0.123353 -0.0690631 -0.0963189 0.127 -0.075 -0.095
1.86075e-08 -2.38549e-08 -5.49219e-08 0 0 0
2.64652e-08 4.20458e-08 2.93894e-08 0 0 0
-0.0894772 0.280856 -0.00535862 -0.09 0.28 -0.002
3.54266e-08 -1.42746e-08 -9.99924e-09 0 0 0
-1.70627e-08 -2.98108e-08 -1.05826e-08 0 0 0
-0.187911 -0.129607 0.079286 -0.203 -0.132 0.075
-1.6015e-09 -5.73561e-09 4.81708e-09 0 0 0
-3.04381e-08 3.66793e-08 -2.03595e-08 0 0 0
-0.0486181 -0.235564 0.330744 -0.046 -0.239 0.333
-4.59342e-09 5.7494e-08 3.94125e-09 0 0 0
-1.06354e-08 3.16915e-08 -2.38407e-08 0 0 0
0.11352 -0.119051 -0.0678712 0.106 -0.114 -0.053
2.60153e-08 -3.2519e-08 1.86598e-08 0 0 0
-5.77159e-08 5.52306e-09 -9.31066e-09 0 0 0
0.241342 -0.0479001 -0.163842 0.233 -0.041 -0.148
2.95549e-09 7.84376e-09 -2.93472e-08 0 0 0
1.82679e-08 -2.02934e-08 1.6923e-08 0 0 0
0.353964 0.017294 0.140711 0.336 0.004 0.136
2.37076e-08 -1.76505e-08 -2.42115e-08 0 0 0
-8.24989e-09 -3.57913e-08 -9.93046e-09 0 0 0
0.170681 0.165466 0.170611 0.165 0.161 0.174
2.35964e-08 -1.64196e-08 -2.63735e-08 0 0 0
7.38422e-09 2.79713e-08 -2.88559e-08 0 0 0
-0.212341 -0.139975 0.173309 -0.215 -0.147 0.163
-7.64035e-09 2.73198e-08 3.74092e-08 0 0 0
2.4694e-09 -2.18964e-08 2.57802e-08 0 0 0
0.201885 0.159165 -0.0274595 0.204 0.169 -0.025
5.8469e-08 6.94427e-09 -4.61132e-08 0 0 0
-2.14108e-08 4.58408e-08 -1.19438e-08 0 0 0
0.113037 -0.25956 0.0428885 0.121 -0.27 0.048
-3.78115e-09 7.3377e-09 -6.10435e-08 0 0 0
-4.05703e-08 -7.42659e-09 4.58759e-08 0 0 0
0.129932 0.0802235 0.256175 0.132 0.087 0.25
5.51435e-10 2.6016e-10 4.00102e-10 0 0 0
-3.7311e-08 -4.91386e-08 3.48833e-08 0 0 0
0.292942 0.216657 -0.0585221 0.293 0.198 -0.048
2.62793e-08 -1.64011e-08 1.30486e-08 0 0 0
1.46465e-08 5.59495e-09 -3.62072e-08 0 0 0
-0.170585 0.192136 -0.114337 -0.179 0.196 -0.097
-1.3961e-08 5.90853e-08 1.15709e-08 0 0 0
-3.40548e-08 -2.60956e-08 -7.65987e-09 0 0 0
-0.020801 -0.0230202 0.352012 -0.035 -0.033 0.335
-2.40423e-09 7.04818e-10 5.79335e-09 0 0 0
4.55411e-08 -1.30576e-08 4.9427e-08 0 0 0
-0.260633 0.145179 0.155764 -0.272 0.165 0.167
-3.06001e-08 -1.14527e-08 -1.2543e-08 0 0 0
2.57626e-08 1.88165e-08 3.48422e-08 0 0 0
0.0598924 0.232119 -0.0078489 0.06 0.235 -0.019
-3.21099e-08 2.3786e-08 5.83557e-09 0 0 0
-8.36536e-09 -2.29957e-08 -3.55418e-08 0 0 0
-0.203695 0.233762 -0.177836 -0.205 0.242 -0.185
7.01033e-09 3.90777e-08 3.45526e-08 0 0 0
-1.91639e-08 -8.77751e-09 -1.7907e-08 0 0 0
-0.0555907 0.248121 0.017194 -0.062 0.262 0.018
-1.60654e-08 -1.65024e-08 2.89902e-08 0 0 0
3.04655e-08 -1.21176e-08 1.94086e-11 0 0 0
0.00245709 -0.0269798 0.165107 -0.002 -0.017 0.164
-5.27678e-08 -6.78843e-10 2.12779e-08 0 0 0
3.0344e-08 2.83744e-08 2.20342e-08 0 0 0
0.0913176 0.126064 -0.251447 0.089 0.115 -0.249
-3.89559e-08 3.44543e-08 1.21959e-08 0 0 0
2.04086e-08 5.4678e-08 2.93732e-08 0 0 0
-0.0958902 -0.241783 0.137191 -0.097 -0.226 0.129
-2.73642e-08 -1.1286e-08 -7.40868e-08 0 0 0
-2.91226e-08 3.09776e-08 3.84258e-08 0 0 0
0.034916 0.326867 -0.100758 0.036 0.333 -0.095
-4.5418e-08 2.12464e-08 -4.38634e-08 0 0 0
1.22277e-08 -5.56519e-09 4.8522e-09 0 0 0
0.342832 0.127068 -0.0109209 0.344 0.139 -0.018
-4.87507e-08 -3.73035e-08 2.89432e-08 0 0 0
3.86233e-08 -7.60062e-09 -5.63123e-08 0 0 0
-0.29712 0.0144761 0.0301898 -0.313 0.004 0.028
3.73871e-08 -6.47272e-09 2.44751e-08 0 0 0
-2.79098e-08 -2.01116e-08 -3.55064e-08 0 0 0
0.317023 -0.0943436 -0.2974 0.313 -0.094 -0.307
-2.07577e-08 2.37924e-08 -6.39677e-08 0 0 0
1.97831e-08 3.00901e-08 1.10629e-08 0 0 0
0.168357 0.309586 0.0720222 0.177 0.315 0.041
5.97221e-08 1.16145e-08 2.19005e-09 0 0 0
5.99851e-09 3.712e-08 2.22958e-08 0 0 0
0.0101762 0.230734 -0.125614 0.018 0.236 -0.126
4.53976e-10 -5.64339e-08 -7.21548e-09 0 0 0
-5.67014e-08 5.08249e-08 8.66401e-09 0 0 0
-0.340085 -0.0893339 0.0462258 -0.347 -0.096 0.038
-4.64885e-08 -2.1516e-08 2.03857e-08 0 0 0
-4.35769e-08 3.02004e-10 4.23243e-08 0 0 0
0.160403 -0.0156257 0.211169 0.164 -0.013 0.206
-3.37464e-08 3.16678e-08 5.33774e-08 0 0 0
3.8257e-08 4.73373e-08 -1.68065e-08 0 0 0
-0.144091 0.011157 -0.253358 -0.142 0.008 -0.268
2.13383e-09 -3.72326e-08 -4.83511e-08 0 0 0
-3.54327e-08 -3.87451e-10 2.12665e-08 0 0 0
-0.0386769 -0.217932 0.0238462 -0.027 -0.23 0.028
7.99129e-08 -5.18381e-08 -2.20792e-08 0 0 0
-2.25379e-08 1.39782e-08 7.11547e-09 0 0 0
-0.31653 0.116741 -0.114446 -0.333 0.133 -0.141
4.22699e-08 -1.52698e-08 -3.84668e-08 0 0 0
-1.58472e-08 4.01536e-08 9.88089e-09 0 0 0
-0.0173028 0.174598 0.0319578 -0.019 0.17 0.03
1.90723e-08 4.7981e-09 -7.82478e-09 0 0 0
1.35581e-08 9.50591e-09 7.48711e-08 0 0 0
0.019353 0.240204 0.0835666 0.022 0.246 0.085
-3.12495e-08 6.16383e-08 -8.41807e-09 0 0 0
4.45341e-08 1.60519e-08 2.72184e-08 0 0 0
-0.0395667 -0.0656502 -0.301529 -0.038 -0.081 -0.294
2.6967e-08 3.67428e-09 2.77878e-09 0 0 0
9.08211e-09 4.05062e-08 -1.47001e-08 0 0 0
0.0076319 -0.101727 0.112014 -0.014 -0.106 0.115
-1.81951e-08 4.53283e-09 3.68115e-08 0 0 0
6.07684e-10 -6.60264e-08 -2.01988e-08 0 0 0
-0.124379 0.148642 -0.0955354 -0.138 0.147 -0.104
-2.92546e-08 2.76303e-08 7.90387e-09 0 0 0
1.00694e-08 -1.44541e-08 -2.89223e-08 0 0 0
0.0402956 -0.0871855 0.268454 0.05 -0.088 0.277
1.46053e-08 -2.28649e-08 3.75476e-08 0 0 0
-1.17931e-08 1.87791e-08 -1.87796e-08 0 0 0
0.226831 -0.264243 -0.0279321 0.225 -0.26 -0.021
3.1562e-09 -1.16331e-08 -6.64665e-09 0 0 0
-5.30638e-08 -2.12256e-08 -3.08837e-09 0 0 0
0.0766287 -0.216129 -0.115354 0.07 -0.219 -0.101
5.96279e-08 -1.01615e-08 -2.65551e-09 0 0 0
5.12556e-08 1.256e-08 -3.91651e-08 0 0 0
0.253191 -0.199995 0.121548 0.261 -0.184 0.117
5.24024e-08 2.87424e-08 -7.03185e-08 0 0 0
-3.67103e-08 -2.29674e-08 -1.22788e-09 0 0 0
0.202748 -0.12922 0.136196 0.206 -0.138 0.122
1.41794e-08 -3.71837e-09 8.20216e-08 0 0 0
-5.61384e-08 6.29163e-08 1.11746e-08 0 0 0
0.271093 0.203933 -0.119624 0.264 0.198 -0.107
-7.77364e-09 -5.64301e-08 2.96771e-08 0 0 0
-7.11281e-09 3.54296e-08 -4.53028e-08 0 0 0
0.195526 0.0773262 -0.112786 0.199 0.082 -0.109
6.01248e-08 1.13192e-08 -6.45049e-08 0 0 0
-2.30093e-08 3.44467e-08 -6.32615e-09 0 0 0
0.233216 0.0759508 0.0360441 0.241 0.074 0.039
1.45479e-08 -1.83758e-08 6.39741e-09 0 0 0
-1.88629e-09 1.55855e-09 -3.2137e-08 0 0 0
-0.090094 0.322328 -0.0248902 -0.088 0.341 -0.014
-2.02329e-08 8.30652e-09 1.8934e-09 0 0 0
6.3752e-08 -7.43469e-08 7.39321e-09 0 0 0
-0.130557 0.119928 -0.251586 -0.124 0.114 -0.235
-2.75401e-08 -3.17359e-08 2.14002e-08 0 0 0
-1.64199e-08 5.52281e-09 8.59961e-09 0 0 0
0.194326 0.195465 0.179824 0.202 0.182 0.183
-4.23269e-09 -1.43422e-08 -2.35855e-08 0 0 0
-3.62772e-08 -1.60121e-08 -4.23804e-08 0 0 0
0.214436 -0.147638 0.210087 0.211 -0.152 0.208
1.95393e-09 -2.4804e-08 5.32631e-08 0 0 0
9.50062e-09 1.81581e-08 -2.62344e-08 0 0 0
0.0289142 0.0485867 -0.376485 0.037 0.053 -0.366
2.73886e-08 -3.87207e-08 -2.19359e-09 0 0 0
1.82486e-08 -2.43211e-08 -5.71081e-08 0 0 0
-0.215409 0.232613 -0.013145 -0.207 0.22 -0.014
-4.53765e-08 -2.5959e-08 -1.98774e-09 0 0 0
3.54599e-08 2.05662e-08 -2.54799e-08 0 0 0
0.125804 0.0844846 0.223088 0.132 0.081 0.222
-3.72141e-08 8.1813e-08 -3.68239e-09 0 0 0
4.59156e-08 -4.85469e-08 -2.31399e-08 0 0 0
-0.0627239 0.208029 -0.0062877 -0.066 0.203 -0.014
1.35088e-08 -9.278e-09 1.19475e-08 0 0 0
-1.38805e-08 -2.51904e-08 -2.30491e-08 0 0 0
-0.229862 0.30508 0.199336 -0.228 0.315 0.176
-2.55039e-08 3.45003e-08 -7.13038e-09 0 0 0
1.99786e-08 3.27642e-08 -4.28717e-08 0 0 0
0.240291 -0.152118 0.191571 0.249 -0.146 0.2
-1.38617e-08 1.53562e-08 -2.84136e-08 0 0 0
7.7221e-09 -7.03046e-09 1.354e-08 0 0 0
0.277118 -0.180937 -0.0196734 0.272 -0.193 -0.007
2.15158e-08 -4.86599e-08 -2.92e-08 0 0 0
3.18139e-08 1.4891e-08 4.30382e-08 0 0 0
0.260551 0.0351744 -0.112597 0.266 0.027 -0.122
7.06419e-09 -5.87553e-08 1.12456e-08 0 0 0
1.67828e-08 7.95116e-08 -5.18215e-08 0 0 0
0.223591 0.0659484 -0.236151 0.23 0.059 -0.242
7.97665e-11 -6.56979e-09 2.23999e-08 0 0 0
5.21037e-09 -4.98651e-08 -6.44997e-09 0 0 0
0.214334 -0.0858097 0.164122 0.22 -0.077 0.159
4.07982e-08 -3.91118e-08 1.54234e-08 0 0 0
-1.36776e-09 -2.2335e-08 1.03578e-08 0 0 0
0.170502 0.293351 -0.121765 0.165 0.304 -0.112
1.54857e-09 1.02696e-09 6.41502e-08 0 0 0
-2.71242e-08 3.57923e-09 -1.94025e-08 0 0 0
0.194877 0.244694 -0.101521 0.185 0.248 -0.098
-1.35178e-09 3.14819e-08 -3.3635e-08 0 0 0
1.36274e-08 -2.13496e-08 -6.55798e-09 0 0 0
-0.104816 0.141987 -0.152624 -0.098 0.128 -0.153
-2.33681e-08 -3.60818e-08 1.59287e-08 0 0 0
7.90437e-09 -1.27275e-08 -9.46014e-08 0 0 0
0.0430496 -0.160155 -0.0683019 0.046 -0.177 -0.076
6.35848e-08 4.93313e-08 6.41071e-09 0 0 0
2.1611e-08 1.79125e-08 3.27253e-08 0 0 0
0.00270775 -0.119881 -0.245326 0.015 -0.116 -0.244
7.23463e-09 -5.02878e-08 -3.73032e-08 0 0 0
-3.68349e-09 4.34503e-08 -1.06256e-08 0 0 0
-0.101914 0.203937 -0.156174 -0.1 0.199 -0.143
-2.06938e-08 -1.84626e-08 -3.28644e-10 0 0 0
3.75641e-09 4.04578e-08 2.65439e-09 0 0 0
-0.327005 -0.108743 -0.110549 -0.309 -0.106 -0.116
-6.08157e-09 2.89832e-08 -1.37097e-08 0 0 0
-4.90506e-09 -4.61329e-08 2.88739e-08 0 0 0
-0.218694 0.162786 0.191786 -0.233 0.151 0.196
4.38007e-08 5.46703e-08 4.72841e-08 0 0 0
-3.61644e-08 -1.27428e-08 6.09126e-09 0 0 0
0.284983 -0.0339278 -0.218034 0.289 -0.025 -0.223
-8.19213e-09 -1.5072e-08 3.29588e-08 0 0 0
-3.68713e-08 -1.30488e-08 1.62053e-08 0 0 0
0.19207 -0.22552 -0.0577584 0.187 -0.23 -0.07
-1.21332e-08 2.19687e-08 3.22353e-08 0 0 0
1.61881e-08 7.78962e-08 -7.88645e-09 0 0 0
0.240997 -0.083666 0.268165 0.236 -0.09 0.245
-5.33122e-09 -1.08768e-08 2.91798e-09 0 0 0
3.47288e-09 -3.95774e-08 -2.55542e-08 0 0 0
0.163644 0.312245 0.0250232 0.162 0.297 0.035
-8.44662e-09 5.95654e-08 1.83706e-08 0 0 0
2.10755e-08 2.2281e-09 -5.10754e-08 0 0 0
-0.098148 -0.158315 0.00154876 -0.085 -0.139 0.016
-7.62705e-08 3.04241e-08 1.96169e-08 0 0 0
-3.6138e-08 -2.31593e-09 -2.42468e-09 0 0 0
0.183082 0.18403 -0.0762125 0.181 0.181 -0.08
3.16373e-08 -5.91379e-09 -1.44835e-08 0 0 0
-1.2271e-08 2.28228e-08 1.95478e-08 0 0 0
0.123344 -0.260659 -0.147689 0.125 -0.247 -0.151
3.14963e-08 6.47158e-09 1.73866e-08 0 0 0
2.55742e-09 -4.09037e-09 2.10861e-08 0 0 0
0.0925207 -0.0202773 0.179794 0.107 -0.025 0.18
-7.4045e-09 -2.67364e-10 3.78231e-08 0 0 0
-6.10407e-08 -2.15728e-08 4.69075e-09 0 0 0
0.165622 0.2108 0.0376781 0.171 0.211 0.031
1.71074e-08 3.37311e-09 3.38631e-08 0 0 0
-3.88494e-08 3.44294e-08 2.61214e-09 0 0 0
-0.197831 0.233195 -0.0206211 -0.195 0.231 0.015
2.49032e-08 1.44559e-08 -1.15476e-09 0 0 0
5.46507e-09 -1.92588e-08 -7.96282e-09 0 0 0
-0.0728783 0.0638018 -0.373426 -0.069 0.059 -0.383
2.46231e-08 -1.20358e-08 7.72448e-09 0 0 0
6.54433e-09 9.36523e-09 5.96767e-10 0 0 0
-0.213298 0.0534354 0.136314 -0.221 0.05 0.146
6.99887e-09 -1.29357e-08 -1.78417e-08 0 0 0
-3.28759e-08 6.62867e-09 3.98094e-08 0 0 0
-0.150998 0.213635 -0.159749 -0.146 0.209 -0.191
6.10188e-09 -2.19182e-08 8.55701e-09 0 0 0
-4.8121e-09 3.27333e-08 -9.81854e-09 0 0 0
-0.24951 0.157901 -0.107316 -0.245 0.166 -0.103
7.90238e-09 -2.06997e-08 3.50943e-08 0 0 0
1.00402e-08 1.26361e-08 2.50678e-09 0 0 0
-0.209966 -0.196301 0.0884211 -0.192 -0.19 0.081
-1.2078e-08 -1.27664e-08 -4.29781e-08 0 0 0
-6.06031e-08 -6.92845e-09 -3.01882e-08 0 0 0
0.0384803 0.100219 0.316382 0.031 0.102 0.319
-7.06728e-08 -3.13202e-08 5.70421e-09 0 0 0
4.02348e-08 -8.01777e-09 5.36405e-08 0 0 0
-0.0660965 0.25808 0.216042 -0.056 0.236 0.186
-1.1972e-08 -8.5708e-09 -1.94384e-08 0 0 0
3.34587e-08 -7.76366e-10 -1.6375e-08 0 0 0
0.0334498 -0.264781 0.165321 0.032 -0.262 0.167
1.97476e-08 -4.40335e-08 2.02492e-09 0 0 0
-5.996e-08 1.40206e-08 3.384e-08 0 0 0
0.0580496 0.0426586 -0.219131 0.073 0.066 -0.215
1.76066e-08 1.23041e-08 -1.75515e-09 0 0 0
2.89015e-08 -5.01244e-08 1.94668e-09 0 0 0
0.0629239 0.207842 0.176761 0.083 0.22 0.171
-4.36025e-09 2.37444e-08 1.07159e-09 0 0 0
-2.08304e-08 -5.1666e-08 2.35452e-08 0 0 0
-0.237859 0.0603452 -0.118439 -0.249 0.054 -0.121
-2.39933e-08 4.0269e-09 4.88081e-09 0 0 0
-4.07742e-08 -2.54348e-09 -2.34664e-08 0 0 0
0.219531 0.0518819 -0.0430648 0.277 0.034 0.02
-1.77158e-11 -2.48935e-08 -4.43841e-08 0 0 0
-6.17773e-09 5.46168e-08 -7.05252e-09 0 0 0
-0.109497 0.116516 0.215458 -0.099 0.108 0.234
-1.80938e-08 -7.83781e-09 -3.89576e-10 0 0 0
-2.73521e-08 4.48327e-08 -2.17519e-08 0 0 0
0.0133132 0.214398 -0.207866 0.012 0.227 -0.201
2.729e-08 6.0976e-08 3.01398e-08 0 0 0
4.52247e-08 -4.06275e-08 5.0851e-09 0 0 0
-0.229212 -0.126348 0.0690195 -0.233 -0.121 0.06
-1.98475e-09 -2.01239e-09 2.99581e-08 0 0 0
2.68563e-08 3.27359e-08 1.27196e-08 0 0 0
0.231501 0.151855 0.0978107 0.223 0.146 0.095
6.97961e-08 -5.54587e-09 -2.53964e-09 0 0 0
-8.95999e-09 9.24471e-09 1.91408e-08 0 0 0
-0.0882994 0.0609759 -0.166472 -0.097 0.054 -0.18
-3.10418e-08 -3.56999e-08 1.61474e-08 0 0 0
9.2148e-09 4.16194e-09 -3.53685e-08 0 0 0
-0.238528 -0.215442 -0.178431 -0.233 -0.201 -0.176
-1.37267e-08 3.15502e-08 -4.40794e-08 0 0 0
-1.94835e-08 -5.18665e-09 2.0674e-08 0 0 0
-0.182116 -0.0214758 -0.0915004 -0.193 -0.007 -0.111
5.55638e-08 2.92411e-08 -5.99602e-09 0 0 0
-8.77627e-08 -2.96291e-08 3.5306e-09 0 0 0
0.0985706 -0.272834 0.182993 0.071 -0.303 0.169
-2.17942e-08 -1.86852e-08 2.4488e-08 0 0 0
-2.01278e-10 3.06314e-08 5.68532e-08 0 0 0
0.0620603 0.170803 0.227391 0.069 0.175 0.237
-1.71633e-08 5.20298e-08 3.74267e-08 0 0 0
-1.04074e-08 1.24882e-08 5.9266e-09 0 0 0
-0.202704 -0.0846713 -0.206034 -0.195 -0.091 -0.203
-3.54586e-09 -1.01735e-08 -2.97886e-08 0 0 0
-6.00542e-09 -4.24003e-08 3.76664e-09 0 0 0
-0.202895 -0.119829 0.191793 -0.199 -0.112 0.181
-3.25622e-08 -6.33779e-09 7.63951e-09 0 0 0
4.42446e-08 -2.61272e-08 -1.60868e-08 0 0 0
-0.00613329 -0.0109894 -0.274786 0.003 -0.031 -0.263
-2.04997e-09 -8.60911e-09 -3.54548e-08 0 0 0
-3.25014e-08 -2.14202e-08 1.79735e-08 0 0 0
0.239985 -0.0836184 0.113789 0.226 -0.083 0.122
5.30843e-09 2.92639e-08 -1.44158e-08 0 0 0
1.15038e-08 -1.27806e-08 2.12584e-08 0 0 0
0.00221444 0.242081 0.294102 -0.014 0.238 0.294
-3.27344e-08 2.20732e-08 -1.93306e-08 0 0 0
1.35027e-08 -6.4764e-09 4.78846e-09 0 0 0
0.171344 -0.1669 -0.0894292 0.16 -0.148 -0.088
-7.29572e-09 -2.48903e-08 -4.48873e-08 0 0 0
2.64953e-08 1.51604e-08 6.40036e-09 0 0 0
0.0952939 -0.145887 0.106737 0.078 -0.141 0.11
-2.99789e-08 1.46383e-08 1.29498e-08 0 0 0
-2.22638e-08 -1.8919e-08 -2.99478e-08 0 0 0
0.0022908 -0.180808 0.22507 -0.015 -0.178 0.225
-3.30314e-08 -3.86809e-09 3.89777e-08 0 0 0
6.7918e-08 1.55378e-08 -4.9974e-09 0 0 0
0.00825181 0.0991751 -0.0568256 -0.032 0.083 -0.048
4.70055e-08 1.00182e-08 1.52279e-08 0 0 0
-2.08354e-08 8.81688e-08 9.83376e-09 0 0 0
0.0531911 0.241687 0.141607 0.056 0.242 0.134
1.28088e-09 -1.81181e-08 6.3477e-08 0 0 0
-1.86592e-08 -1.88646e-08 -1.50208e-08 0 0 0
0.212479 0.144214 -0.0341213 0.213 0.152 -0.038
-1.24516e-08 2.90802e-08 -5.76589e-08 0 0 0
6.21038e-08 -2.98844e-08 2.44039e-08 0 0 0
-0.0124396 -0.210823 -0.215257 -0.01 -0.197 -0.229
-4.72894e-08 -1.93061e-08 -1.40365e-08 0 0 0
1.70837e-08 6.95459e-08 -1.65629e-08 0 0 0
0.0987488 0.138176 -0.107058 0.09 0.109 -0.092
-1.82156e-08 2.59133e-08 -2.77701e-08 0 0 0
3.40172e-08 -3.6259e-08 2.27927e-08 0 0 0
0.212169 0.163864 0.233613 0.189 0.162 0.254
4.01538e-08 -7.26917e-09 -1.04852e-08 0 0 0
-4.76138e-08 3.08254e-08 2.05869e-08 0 0 0
0.168753 -0.0677505 0.133098 0.19 -0.065 0.162
1.15768e-08 -1.19429e-09 5.88963e-08 0 0 0
6.71442e-08 1.79778e-08 -3.42563e-08 0 0 0
0.0408384 0.031618 -0.297987 0.039 0.026 -0.298
-2.62016e-09 7.38825e-08 -1.68743e-08 0 0 0
2.28228e-08 -2.04195e-09 2.09444e-08 0 0 0
-0.12466 0.198167 0.0785482 -0.119 0.209 0.076
1.41088e-08 1.31877e-08 -3.18988e-10 0 0 0
-1.06462e-08 3.68459e-09 3.12849e-08 0 0 0
0.0757455 0.131047 0.230543 0.063 0.122 0.232
-4.53509e-09 2.39937e-08 5.05101e-10 0 0 0
8.61621e-09 -3.04112e-08 -1.7121e-08 0 0 0
-0.0154881 0.263203 -0.0420809 -0.012 0.252 -0.042
3.23443e-08 2.50705e-08 2.93508e-08 0 0 0
-1.86907e-08 -1.72628e-09 3.25512e-08 0 0 0
-0.160095 0.122336 0.106966 -0.165 0.124 0.115
4.95809e-09 3.45154e-08 4.70941e-08 0 0 0
-1.10111e-08 2.8727e-08 -9.56847e-09 0 0 0
-0.0824941 0.221671 0.237952 -0.086 0.218 0.256
2.24454e-08 -4.26745e-09 -2.80446e-08 0 0 0
-1.46615e-08 -4.35845e-08 2.39593e-08 0 0 0
0.0455147 -0.185335 0.201783 0.044 -0.183 0.2
-8.88411e-09 -3.83738e-09 -2.70628e-08 0 0 0
4.58594e-09 -1.69952e-08 -9.0309e-09 0 0 0
-0.0122128 0.0197038 -0.396344 -0.011 0.017 -0.408
-2.54014e-08 -3.69377e-08 -2.47822e-08 0 0 0
-1.57723e-08 -4.504e-09 2.73618e-08 0 0 0
0.206582 0.0662612 -0.0700556 0.207 0.066 -0.062
5.24491e-08 -3.04397e-09 1.46023e-08 0 0 0
4.27408e-08 -2.36333e-08 -1.86834e-08 0 0 0
0.22638 -0.0475854 -0.0816448 0.262 -0.046 -0.049
-7.77268e-09 -1.09997e-08 5.12525e-08 0 0 0
4.8552e-09 -2.34283e-08 -1.2703e-08 0 0 0
0.0947516 0.270421 -0.0855321 0.086 0.272 -0.09
-9.04195e-09 3.98566e-09 4.34588e-08 0 0 0
-2.70939e-08 -1.15154e-08 7.71753e-09 0 0 0
-0.232415 0.137065 0.0361334 -0.224 0.144 0.033
-2.95517e-08 2.24316e-08 -4.64494e-08 0 0 0
3.21303e-08 3.78136e-08 7.49353e-08 0 0 0
-0.0633682 0.358247 -0.110942 -0.063 0.358 -0.116
3.97409e-08 -1.27254e-08 1.56442e-09 0 0 0
1.32567e-09 7.63431e-09 -2.58633e-08 0 0 0
-0.0350858 0.236292 -0.194362 -0.022 0.24 -0.199
-2.04174e-08 -3.94717e-08 -4.402e-08 0 0 0
-7.01776e-08 3.6104e-08 2.7446e-08 0 0 0
0.232612 0.177412 -0.110083 0.245 0.184 -0.109
-4.46444e-09 -1.7051e-08 -7.9929e-09 0 0 0
3.10215e-08 -1.93427e-08 8.60851e-09 0 0 0
-0.0494711 -0.21171 -0.214792 -0.05 -0.22 -0.208
1.80329e-10 -1.38729e-08 -1.43451e-08 0 0 0
-6.15675e-08 1.88402e-08 -1.03383e-08 0 0 0
-0.290307 0.113026 0.146275 -0.281 0.091 0.154
2.97849e-08 -6.24784e-09 -6.08829e-08 0 0 0
-1.21477e-08 -3.10445e-08 9.98333e-09 0 0 0
0.177464 0.11082 0.182374 0.178 0.112 0.196
-3.53375e-08 1.50008e-08 -2.12815e-08 0 0 0
-1.98745e-08 3.26576e-08 -1.98808e-08 0 0 0
0.125809 0.223845 -0.239379 0.143 0.26 -0.236
2.22691e-08 2.06031e-10 2.77718e-09 0 0 0
-1.39644e-08 1.95836e-08 -1.69562e-08 0 0 0
0.172277 0.151886 0.0621409 0.158 0.154 0.093
8.04809e-09 4.7442e-08 -5.4354e-08 0 0 0
2.24549e-08 -4.53969e-08 -5.12007e-08 0 0 0
0.0794818 -0.140765 0.331885 0.074 -0.135 0.322
7.95039e-09 2.36986e-08 -9.32851e-10 0 0 0
-3.42209e-09 -5.35821e-08 -5.2534e-08 0 0 0
0.0513851 0.310672 0.0538547 0.037 0.297 0.05
8.24725e-09 -1.68253e-08 2.08957e-08 0 0 0
3.33837e-08 -9.18276e-09 2.95995e-08 0 0 0
-0.25376 -0.0591942 0.131726 -0.279 -0.061 0.139
5.31797e-09 3.16679e-08 4.29266e-08 0 0 0
-3.08249e-08 -1.54456e-08 -4.12541e-08 0 0 0
0.183166 0.273367 -0.143686 0.181 0.285 -0.147
2.49313e-08 -3.29742e-08 -8.0745e-09 0 0 0
-1.36166e-08 2.65129e-08 -9.17959e-09 0 0 0
0.0354777 -0.238368 0.287641 0.039 -0.241 0.274
5.3009e-08 -4.30687e-08 -1.55586e-08 0 0 0
7.66738e-09 -2.61928e-08 -4.29215e-08 0 0 0
0.20752 0.0440639 0.264932 0.203 0.05 0.268
4.49909e-08 -7.98493e-09 -1.64e-08 0 0 0
-4.40582e-08 -2.36759e-08 9.86612e-09 0 0 0
-0.0360276 0.052365 0.370468 -0.028 0.043 0.365
3.97504e-09 -3.52111e-08 -3.59497e-08 0 0 0
1.90156e-08 7.28453e-08 9.38793e-09 0 0 0
-0.0715232 0.117979 -0.3115 -0.077 0.096 -0.308
-1.88766e-08 -4.61533e-08 1.31963e-08 0 0 0
-1.31827e-09 8.54774e-09 2.55916e-08 0 0 0
-0.0838948 0.183467 0.387709 -0.086 0.189 0.401
3.78699e-08 -2.64447e-08 2.72663e-08 0 0 0
-9.75155e-09 2.28234e-08 -3.179e-08 0 0 0
0.013628 0.280301 0.138664 0.016 0.271 0.14
3.20725e-08 -4.92796e-09 4.8234e-08 0 0 0
-9.9569e-09 -1.53354e-08 -1.66365e-08 0 0 0
-0.0274164 0.282196 0.145402 -0.027 0.282 0.135
1.50647e-08 -9.17684e-09 4.12732e-08 0 0 0
-2.32002e-08 1.57898e-09 1.12285e-08 0 0 0
-0.033899 0.271368 0.00118022 -0.033 0.266 0.002
5.19686e-08 5.49217e-08 3.67123e-10 0 0 0
-2.41086e-08 2.02073e-08 1.89268e-08 0 0 0
-0.208013 -0.0992918 -0.0232092 -0.199 -0.099 -0.029
-4.06941e-08 -1.66538e-08 -3.30828e-08 0 0 0
-3.03672e-08 5.85756e-08 -1.61076e-08 0 0 0
0.0588834 -0.263687 0.205093 0.055 -0.259 0.218
6.70611e-09 5.26228e-09 1.02473e-08 0 0 0
-4.55513e-09 1.55306e-08 -1.26796e-08 0 0 0
-0.030591 0.22818 0.0131139 -0.033 0.231 0.007
-4.43381e-08 1.68667e-08 1.00632e-07 0 0 0
-3.28502e-09 3.52435e-08 -1.99915e-09 0 0 0
-0.232105 -0.256959 0.136144 -0.226 -0.257 0.14
4.0268e-08 -3.74598e-08 1.07795e-08 0 0 0
-1.22299e-08 3.75256e-08 3.91384e-08 0 0 0
0.0802807 0.268143 -0.0317203 0.085 0.259 -0.029
4.01509e-08 -1.51109e-08 -1.69193e-08 0 0 0
-4.80873e-08 7.20896e-08 -2.57597e-08 0 0 0
0.260086 0.118871 0.0807111 0.256 0.126 0.082
2.65784e-08 -2.91317e-08 -1.91064e-09 0 0 0
-1.59261e-09 3.26471e-08 -1.76604e-08 0 0 0
-0.291555 0.0908276 -0.149291 -0.28 0.088 -0.147
-2.07393e-08 3.64615e-08 -7.93049e-09 0 0 0
3.13689e-08 -8.43399e-09 3.67576e-09 0 0 0
0.147685 0.114993 -0.151993 0.148 0.112 -0.153
-9.1989e-09 2.72813e-09 -3.31736e-08 0 0 0
-5.61769e-08 -1.17742e-08 4.06365e-08 0 0 0
0.136411 0.286425 -0.0466639 0.151 0.283 -0.053
5.27141e-09 -2.56862e-09 2.39639e-08 0 0 0
3.36408e-08 -3.67208e-08 -1.23077e-08 0 0 0
0.185246 0.181793 -0.0369676 0.179 0.184 -0.03
9.50193e-09 1.89419e-08 1.60029e-08 0 0 0
-3.54508e-08 5.01094e-08 -2.40446e-08 0 0 0
-0.167513 -0.199302 -0.0220929 -0.177 -0.201 -0.028
7.42073e-08 -1.36207e-08 9.34446e-09 0 0 0
-1.01532e-08 5.36733e-08 2.57688e-08 0 0 0
0.142765 0.250328 0.178996 0.138 0.254 0.191
-2.89832e-08 -1.36028e-08 2.55397e-08 0 0 0
4.43325e-08 1.09247e-08 -1.56657e-08 0 0 0
-0.0131973 0.113848 -0.312325 -0.021 0.122 -0.292
2.77168e-08 -1.43857e-08 1.82225e-08 0 0 0
-5.04465e-08 -6.09429e-08 -2.19552e-08 0 0 0
-0.151389 -0.19815 -0.131963 -0.147 -0.198 -0.119
1.26126e-08 -5.28377e-09 -2.17946e-08 0 0 0
-9.18781e-09 1.07962e-08 -3.21493e-08 0 0 0
-0.229317 0.0897098 0.0552659 -0.231 0.086 0.049
-3.39857e-09 2.50504e-08 3.62505e-08 0 0 0
-1.93092e-09 5.33972e-08 -4.12055e-08 0 0 0
-0.121232 0.242606 -0.10073 -0.112 0.242 -0.114
-5.55325e-08 2.96373e-08 -3.01051e-08 0 0 0
6.83444e-08 6.14358e-08 1.55741e-08 0 0 0
0.138662 0.138512 0.243047 0.137 0.144 0.226
9.59991e-09 2.35544e-08 -1.0789e-08 0 0 0
-9.95412e-09 -1.70472e-08 7.01855e-08 0 0 0
-0.24307 0.0183268 -0.122933 -0.236 0.028 -0.115
-1.3761e-09 5.40737e-08 -2.80632e-08 0 0 0
-2.37554e-08 -6.89941e-08 2.01253e-08 0 0 0
-0.0569612 -0.188857 0.114167 -0.061 -0.186 0.111
-6.40512e-08 9.32516e-09 -1.94226e-08 0 0 0
8.36872e-09 -9.08235e-09 -9.89327e-09 0 0 0
-0.139709 0.00756459 -0.221141 -0.143 -0.002 -0.216
-4.06529e-08 -6.58395e-08 -3.5212e-08 0 0 0
4.06982e-08 1.6898e-08 -1.33947e-08 0 0 0
0.00951824 0.139669 0.213737 0.006 0.129 0.218
-2.35667e-08 -3.96604e-08 3.59548e-08 0 0 0
4.60192e-08 3.59986e-08 7.16155e-09 0 0 0
-0.139645 0.274822 0.132621 -0.146 0.27 0.139
4.04351e-08 9.30417e-10 8.27889e-08 0 0 0
-6.14681e-09 4.50324e-08 -8.19336e-09 0 0 0
0.17811 -0.0101518 -0.11783 0.187 -0.005 -0.107
-8.00742e-09 -1.16623e-08 -5.20274e-09 0 0 0
-5.53857e-09 -7.56777e-09 3.78733e-08 0 0 0
0.199178 -0.0539034 -0.025236 0.211 -0.062 -0.038
-9.49777e-09 -7.14632e-08 -6.6113e-10 0 0 0
5.24165e-08 -2.68e-08 -4.04431e-08 0 0 0
-0.00446133 -0.176406 0.301024 0.002 -0.171 0.283
-9.30286e-09 1.46339e-08 4.75738e-08 0 0 0
3.76492e-08 2.46561e-08 -2.92949e-08 0 0 0
0.00844206 0.286714 0.0121104 0.002 0.295 0.028
-3.61359e-09 -1.68878e-08 -3.44892e-08 0 0 0
3.6933e-08 1.15172e-08 -4.74396e-08 0 0 0
0.186928 0.294708 0.00421605 0.18 0.291 -0.009
-2.62762e-09 9.75353e-09 -3.42377e-08 0 0 0
6.79222e-09 -3.22099e-09 1.0283e-07 0 0 0
0.334918 0.0267404 -0.0794934 0.336 0.028 -0.088
-1.38612e-08 2.43048e-08 -1.30312e-08 0 0 0
-1.16781e-08 -2.55273e-08 3.26807e-08 0 0 0
0.252652 0.250938 0.0452739 0.248 0.251 0.056
3.05869e-08 -1.07593e-08 -5.00791e-09 0 0 0
-6.01051e-09 2.4107e-08 -3.37616e-08 0 0 0
-0.054722 0.163321 -0.185196 -0.046 0.16 -0.184
4.78741e-08 -1.04277e-08 -1.04953e-08 0 0 0
1.15207e-08 7.17537e-08 7.7523e-09 0 0 0
0.0320215 0.0901657 0.211272 0.025 0.089 0.2
-3.50453e-09 -1.4074e-09 4.58335e-08 0 0 0
1.34435e-08 3.18655e-08 -2.41933e-08 0 0 0
0.144376 -0.151948 0.158028 0.15 -0.151 0.167
5.22721e-09 -4.62761e-09 7.07176e-09 0 0 0
4.02811e-08 2.05724e-08 -2.74525e-08 0 0 0
0.183079 0.269626 0.0309215 0.173 0.265 0.039
4.5466e-08 -3.59649e-08 2.41176e-08 0 0 0
-1.09317e-08 -1.9454e-08 -4.03411e-08 0 0 0
-0.074949 -0.183412 0.189215 -0.059 -0.207 0.182
-4.85152e-08 2.25388e-08 -2.88734e-08 0 0 0
4.13895e-09 4.71455e-09 -4.08705e-08 0 0 0
0.125974 0.223663 0.187546 0.108 0.223 0.174
3.26402e-08 -3.35186e-08 2.07182e-08 0 0 0
1.40824e-08 2.96242e-08 4.01178e-08 0 0 0
-0.113443 0.214058 0.0215105 -0.109 0.213 0.01
-3.84666e-08 1.10508e-08 1.46303e-08 0 0 0
-2.56403e-09 1.34708e-08 2.43395e-08 0 0 0
0.254421 0.000855722 0.143699 0.257 0.004 0.159
7.38825e-09 2.70043e-08 5.70902e-08 0 0 0
2.98629e-09 2.41517e-08 -2.14766e-08 0 0 0
0.108684 0.108544 0.20609 0.13 0.109 0.205
-5.29114e-08 1.12384e-08 -2.94543e-08 0 0 0
-1.48129e-09 -3.23154e-11 3.08899e-08 0 0 0
0.226692 -0.0856238 -0.0392223 0.232 -0.087 -0.034
-5.26684e-09 5.6756e-09 -4.22372e-09 0 0 0
2.74295e-08 -2.06279e-08 -3.30966e-08 0 0 0
-0.0938042 0.229675 -0.143485 -0.101 0.228 -0.147
2.71928e-08 2.72001e-08 -1.72247e-08 0 0 0
-2.67614e-08 2.16036e-09 8.30732e-09 0 0 0
0.287352 -0.135757 -0.00615484 0.273 -0.124 -0.008
-4.30786e-08 -1.71641e-08 -1.09357e-08 0 0 0
4.39217e-08 4.11941e-08 5.90996e-08 0 0 0
0.0377645 -0.270735 -0.202871 0.029 -0.276 -0.212
-1.30569e-08 8.31117e-09 -4.73037e-10 0 0 0
-2.09248e-09 -3.69316e-08 -5.74295e-08 0 0 0
0.190981 0.132788 -0.0447432 0.202 0.146 -0.052
4.43093e-08 -2.56217e-08 -2.88522e-08 0 0 0
5.85648e-08 3.47517e-08 -1.26295e-08 0 0 0
0.153866 0.0658937 -0.134104 0.137 0.077 -0.143
3.98505e-08 5.29051e-10 -1.316e-08 0 0 0
2.83882e-08 3.17376e-08 -8.8123e-08 0 0 0
-0.135137 0.193637 -0.153413 -0.143 0.185 -0.163
-4.07651e-08 3.86271e-08 -3.76835e-08 0 0 0
1.44822e-08 -4.2719e-09 -2.24632e-08 0 0 0
-0.230668 0.068132 -0.0835448 -0.237 0.066 -0.096
-4.37365e-09 1.61737e-08 -1.78475e-08 0 0 0
-5.85335e-08 2.95054e-08 3.6622e-08 0 0 0
0.249324 0.116407 -0.231598 0.263 0.1 -0.234
-1.89485e-08 -2.69775e-08 1.58043e-08 0 0 0
-2.43034e-08 3.04376e-08 1.42967e-08 0 0 0
-0.0780398 -0.0790097 -0.228022 -0.081 -0.058 -0.217
-2.85138e-09 -3.79235e-08 -6.1699e-08 0 0 0
-2.84946e-08 -4.23842e-08 -7.91359e-09 0 0 0
-0.225842 0.0998078 -0.0271515 -0.23 0.098 -0.024
-1.84543e-08 -4.25759e-08 -7.74927e-08 0 0 0
2.77712e-08 -2.39593e-08 -1.72267e-09 0 0 0
0.336036 0.122496 0.0477499 0.334 0.125 0.048
-5.99927e-08 5.9355e-08 2.55192e-09 0 0 0
1.14748e-08 -1.24014e-08 4.39932e-08 0 0 0
-0.0629069 0.171774 -0.150612 -0.058 0.17 -0.148
-1.47981e-09 -1.34483e-08 1.84736e-08 0 0 0
7.42125e-09 -6.53479e-08 4.27821e-08 0 0 0
0.289556 -0.147473 0.0555502 0.288 -0.15 0.06
4.07576e-09 2.44535e-09 -2.39063e-08 0 0 0
2.53336e-08 -2.38376e-08 -1.46763e-08 0 0 0
0.0164066 -0.171868 0.167921 0.027 -0.176 0.179
-1.26844e-08 -3.51682e-08 -1.72922e-08 0 0 0
5.12198e-08 -1.7422e-08 -2.53362e-08 0 0 0
0.113682 0.208159 0.129158 0.107 0.193 0.132
-6.3396e-09 -5.2555e-08 -5.0278e-09 0 0 0
-3.27036e-10 1.67897e-08 -2.50777e-08 0 0 0
-0.172148 -0.100316 0.0557312 -0.167 -0.104 0.044
1.24626e-08 2.79347e-10 3.12679e-08 0 0 0
-3.73754e-08 1.8945e-08 -3.70403e-08 0 0 0
-0.0108796 0.21643 -0.105011 -0.011 0.215 -0.1
-1.55375e-08 4.84889e-08 4.35822e-08 0 0 0
3.8946e-08 1.03087e-08 -2.31081e-08 0 0 0
0.18562 -0.20908 0.0940402 0.177 -0.198 0.082
-1.15198e-09 -8.00154e-11 -6.34866e-08 0 0 0
1.79692e-08 -4.18835e-08 1.37021e-08 0 0 0
0.0712913 0.0949642 0.124032 0.068 0.098 0.122
-1.61588e-08 -5.11062e-09 3.69652e-08 0 0 0
3.26218e-08 -2.03452e-08 3.72547e-10 0 0 0
0.0973116 0.179731 0.183214 0.094 0.18 0.184
-9.22844e-09 1.31341e-08 3.67028e-10 0 0 0
1.1065e-08 -4.0985e-08 9.03136e-09 0 0 0
-0.175789 0.107178 -0.277854 -0.201 0.109 -0.274
-1.26043e-08 -5.46004e-08 3.15588e-08 0 0 0
-2.14512e-08 7.76537e-08 1.1663e-08 0 0 0
-0.121122 0.0383948 -0.343216 -0.121 0.035 -0.361
1.3157e-08 -7.01178e-09 7.95498e-09 0 0 0
2.10431e-08 4.01218e-09 -8.42515e-09 0 0 0
-0.223459 0.0401595 0.136725 -0.234 0.032 0.15
-1.29391e-10 -1.41932e-08 -1.92729e-08 0 0 0
-2.88318e-08 -4.08031e-09 3.67108e-08 0 0 0
-0.129644 0.222634 -0.150685 -0.126 0.223 -0.165
3.71661e-09 3.00431e-08 -3.25957e-09 0 0 0
9.35682e-09 -1.51319e-08 1.47671e-08 0 0 0
-0.322538 0.193373 -0.064598 -0.323 0.21 -0.066
4.57811e-09 -8.48672e-09 3.52174e-08 0 0 0
-6.68776e-09 1.02212e-08 7.26774e-11 0 0 0
-0.181757 -0.238753 0.0970376 -0.166 -0.235 0.094
-1.796e-08 -1.63566e-08 -3.08696e-08 0 0 0
-4.37736e-08 1.02749e-08 -2.61795e-08 0 0 0
0.059645 0.0730578 0.320392 0.057 0.073 0.327
3.76855e-08 -9.51732e-09 4.83911e-08 0 0 0
-6.06175e-08 -3.09634e-08 9.7547e-09 0 0 0
-0.0323842 0.21334 0.213138 -0.03 0.195 0.187
3.37803e-08 1.18179e-08 -1.71441e-08 0 0 0
-1.91358e-08 -2.70695e-08 -3.2084e-08 0 0 0
-0.00534635 -0.208823 0.106493 0.005 -0.203 0.117
-5.69023e-08 1.81915e-08 3.96223e-08 0 0 0
1.49542e-08 -4.74233e-08 6.57001e-09 0 0 0
0.0640451 -0.0278433 -0.232206 0.068 -0.002 -0.23
1.90002e-08 1.42108e-08 -8.02059e-09 0 0 0
4.21898e-08 -1.08892e-08 9.36648e-09 0 0 0
0.0465195 0.276761 0.219622 0.043 0.273 0.213
1.02678e-08 3.30224e-08 -1.66232e-08 0 0 0
-1.60319e-08 -3.24859e-08 2.37717e-08 0 0 0
-0.199604 0.0544377 -0.0910406 -0.209 0.052 -0.094
-2.52119e-08 -1.88628e-09 -1.07717e-08 0 0 0
-2.74724e-08 5.60333e-09 -5.44857e-09 0 0 0
0.254993 0.0941646 0.0114561 0.294 0.09 0.051
-2.08344e-08 -2.28383e-08 -2.23398e-08 0 0 0
2.82736e-09 2.62654e-08 -1.89121e-08 0 0 0
-0.145543 0.140179 0.228672 -0.134 0.14 0.242
-2.63198e-08 -1.62429e-09 1.74032e-08 0 0 0
-3.06064e-08 4.4104e-08 -2.06526e-08 0 0 0
0.0720994 0.18669 -0.19133 0.074 0.189 -0.195
4.40326e-08 -3.45412e-08 3.75117e-09 0 0 0
1.81706e-08 6.72124e-08 1.11767e-08 0 0 0
-0.272003 -0.182649 0.0904239 -0.274 -0.183 0.081
2.57747e-08 3.16761e-08 1.18256e-08 0 0 0
1.72539e-08 -5.38519e-10 2.05167e-08 0 0 0
0.208831 0.0633297 0.0832597 0.213 0.065 0.087
-7.91695e-10 1.53207e-08 2.45386e-08 0 0 0
6.41155e-08 -4.25188e-09 -3.52603e-09 0 0 0
-0.101067 0.040928 -0.208141 -0.108 0.036 -0.222
-3.36555e-08 -2.49239e-08 1.05431e-08 0 0 0
1.29719e-08 -1.07738e-08 -4.59631e-08 0 0 0
-0.292277 -0.206923 -0.184178 -0.297 -0.202 -0.184
1.52864e-08 -1.39339e-09 2.42183e-08 0 0 0
-3.92937e-09 3.21637e-08 -3.81963e-08 0 0 0
-0.188645 0.000152474 -0.101538 -0.197 0.013 -0.116
4.28488e-08 4.58766e-08 -2.11472e-08 0 0 0
-8.30463e-08 -2.05038e-08 1.4208e-08 0 0 0
0.136628 -0.257608 0.213747 0.113 -0.279 0.196
-1.27317e-08 2.14649e-08 5.83402e-08 0 0 0
-4.50931e-08 -1.90096e-08 2.58009e-08 0 0 0
0.0231304 0.178319 0.218962 0.027 0.186 0.219
-9.52783e-09 4.84635e-08 4.70135e-08 0 0 0
-6.43336e-09 2.09627e-08 1.44635e-08 0 0 0
-0.159773 -0.0538815 -0.183654 -0.145 -0.066 -0.17
-1.68395e-09 -3.52038e-09 -2.36561e-08 0 0 0
-2.04706e-08 -4.51877e-08 -1.55832e-08 0 0 0
-0.147656 -0.121343 0.142833 -0.14 -0.115 0.137
-2.81697e-08 9.72245e-10 5.3358e-09 0 0 0
3.18653e-08 -2.71053e-08 -8.15435e-09 0 0 0
-0.041965 -0.0343037 -0.272954 -0.034 -0.041 -0.272
-3.8535e-08 -1.78313e-08 2.29993e-08 0 0 0
3.39791e-09 1.33672e-08 -3.71532e-08 0 0 0
0.268875 -0.00646579 0.198451 0.256 -0.014 0.208
2.89893e-09 -1.41904e-08 7.52852e-09 0 0 0
-9.86643e-11 2.26506e-08 -1.36048e-08 0 0 0
0.018613 0.242038 0.283337 0.008 0.234 0.281
-3.51955e-08 1.51179e-08 -2.76951e-08 0 0 0
5.49955e-09 -2.09238e-10 -1.31205e-09 0 0 0
0.187245 -0.12583 -0.077039 0.189 -0.112 -0.075
-1.74463e-08 -3.31757e-08 -4.12746e-08 0 0 0
2.34497e-08 -9.89655e-09 -2.68321e-09 0 0 0
0.124727 -0.15272 0.0794041 0.12 -0.153 0.085
-3.09841e-08 1.23322e-08 1.80952e-08 0 0 0
-3.9123e-08 -1.93798e-08 -2.30371e-08 0 0 0
0.00569164 -0.162763 0.22464 -0.008 -0.17 0.22
-2.89378e-08 -8.88584e-09 4.60392e-08 0 0 0
6.44756e-08 2.2239e-08 -1.01506e-08 0 0 0
0.0223682 0.0847915 -0.0243457 -0.001 0.077 -0.02
6.35536e-08 1.91995e-08 1.61737e-08 0 0 0
-2.20171e-08 9.33934e-08 -8.83239e-09 0 0 0
0.0796759 0.254355 0.118109 0.083 0.258 0.107
-2.2586e-08 -2.0547e-08 -4.83935e-09 0 0 0
4.36573e-09 -7.43841e-09 5.5618e-08 0 0 0
0.290792 0.157086 -0.023176 0.273 0.163 -0.03
6.3206e-08 -2.71129e-08 1.60228e-08 0 0 0
-1.14508e-08 1.08316e-08 -5.36218e-08 0 0 0
-0.00380785 -0.228505 -0.20922 0.004 -0.22 -0.206
-6.10972e-08 -2.94874e-08 -1.02204e-08 0 0 0
1.45918e-08 6.24733e-08 -1.75183e-08 0 0 0
0.120297 0.179778 -0.0864432 0.123 0.146 -0.073
-2.65034e-08 -4.20823e-09 -1.78525e-08 0 0 0
4.46864e-08 -4.71131e-08 3.58576e-08 0 0 0
0.163802 0.0995516 0.201183 0.155 0.101 0.229
-4.50278e-08 4.36019e-08 2.48393e-08 0 0 0
5.97972e-08 1.70789e-08 -6.29663e-09 0 0 0
0.220118 -0.0898151 0.125275 0.22 -0.092 0.146
1.50814e-09 -9.09114e-09 6.75289e-08 0 0 0
7.05241e-08 1.94965e-08 -2.69596e-08 0 0 0
0.0793328 0.0361072 -0.320028 0.081 0.03 -0.315
9.7714e-10 6.19278e-08 -1.79443e-08 0 0 0
5.94394e-09 -9.25932e-09 2.32654e-08 0 0 0
-0.125697 0.209976 0.105577 -0.123 0.214 0.104
-2.24484e-09 1.48677e-08 3.16375e-08 0 0 0
5.0114e-09 1.01327e-08 -1.07308e-08 0 0 0
0.0625428 0.0828149 0.199856 0.065 0.079 0.194
-7.71056e-09 -8.35448e-09 -1.88589e-08 0 0 0
-6.60627e-09 4.62269e-08 1.29602e-08 0 0 0
-0.0813011 0.237604 -0.0133944 -0.082 0.23 -0.016
-8.39138e-09 -1.56823e-08 4.18198e-08 0 0 0
5.03275e-08 2.61913e-08 2.20858e-08 0 0 0
-0.1643 0.113666 0.07397 -0.173 0.118 0.09
-2.0901e-09 4.16746e-08 5.73375e-08 0 0 0
-7.24366e-09 2.78696e-08 -1.44873e-08 0 0 0
-0.0698076 0.215685 0.244344 -0.076 0.207 0.263
3.59983e-08 1.69787e-08 -1.18866e-08 0 0 0
-1.22457e-08 -3.69567e-08 2.05369e-08 0 0 0
-0.0168241 -0.120696 0.214451 -0.016 -0.12 0.211
8.53141e-09 -3.10712e-08 -1.44353e-08 0 0 0
9.94249e-09 -1.60984e-08 -1.20065e-08 0 0 0
0.0353543 0.0459403 -0.466503 0.039 0.051 -0.488
-1.2183e-08 -3.58789e-08 -5.5432e-09 0 0 0
-6.6484e-09 -1.9778e-08 1.84961e-08 0 0 0
0.170352 0.0584042 -0.128069 0.168 0.058 -0.129
3.6272e-08 -2.59174e-08 1.01178e-08 0 0 0
3.48627e-08 -3.93493e-08 -1.66172e-08 0 0 0
0.206381 -0.0822935 -0.097781 0.228 -0.082 -0.068
-3.4872e-09 -1.61061e-08 5.18265e-08 0 0 0
6.7539e-09 -2.2046e-08 -1.8908e-08 0 0 0
0.0796708 0.238321 -0.0768999 0.068 0.243 -0.086
-3.45786e-08 -1.95493e-08 1.17539e-08 0 0 0
-7.98003e-09 1.8421e-08 4.16557e-08 0 0 0
-0.223314 0.159683 0.0172458 -0.217 0.164 0.012
2.68449e-08 1.97832e-08 7.53266e-08 0 0 0
-1.66427e-08 3.77436e-08 -5.3835e-08 0 0 0
-0.110279 0.313518 -0.0770735 -0.114 0.332 -0.076
4.56026e-08 -4.93214e-09 1.03951e-09 0 0 0
-1.17187e-08 3.97102e-09 -9.61349e-09 0 0 0
-0.0762288 0.266776 -0.216105 -0.073 0.258 -0.222
-7.04738e-09 -3.3324e-08 -4.80167e-08 0 0 0
-6.4251e-08 3.33133e-08 2.01199e-08 0 0 0
0.264439 0.185917 -0.109685 0.276 0.2 -0.108
-8.68163e-09 -1.50544e-08 -1.53457e-08 0 0 0
2.41317e-08 -2.73671e-08 3.3421e-09 0 0 0
-0.0378104 -0.204471 -0.239515 -0.042 -0.214 -0.237
-6.74219e-08 1.33065e-08 4.91145e-09 0 0 0
-5.15719e-09 -1.34176e-08 -1.00729e-08 0 0 0
-0.283344 0.119382 0.116222 -0.278 0.097 0.127
-6.63144e-09 -2.26054e-08 -9.80854e-10 0 0 0
3.45009e-08 -8.04372e-09 -5.70392e-08 0 0 0
0.200381 0.145945 0.190809 0.206 0.15 0.193
-2.2765e-08 2.2878e-08 -2.42452e-08 0 0 0
-3.14426e-08 1.17378e-08 -1.99158e-08 0 0 0
0.174622 0.251044 -0.187387 0.167 0.257 -0.189
2.53657e-08 -9.40717e-09 -2.03326e-10 0 0 0
-3.22129e-09 2.57029e-08 -1.83424e-08 0 0 0
0.166277 0.123663 0.109639 0.161 0.13 0.132
6.63807e-09 4.03132e-08 -6.81225e-08 0 0 0
2.50555e-08 -4.85554e-08 -5.45096e-08 0 0 0
0.0797247 -0.126783 0.331835 0.08 -0.127 0.343
1.15636e-08 2.18722e-08 -3.86947e-09 0 0 0
5.62619e-10 -5.65572e-08 -3.78019e-08 0 0 0
0.086711 0.334392 0.145794 0.074 0.339 0.156
2.7264e-08 -2.4579e-08 1.65987e-08 0 0 0
4.49749e-09 -2.61103e-08 2.11202e-08 0 0 0
-0.265162 -0.0696925 0.127966 -0.288 -0.074 0.137
-3.17488e-08 -9.94096e-09 -3.61861e-08 0 0 0
-4.70785e-09 2.94055e-08 3.76272e-08 0 0 0
0.19889 0.301842 -0.0950374 0.193 0.308 -0.102
3.20203e-08 -2.13419e-08 -1.97916e-08 0 0 0
-6.49153e-09 2.65579e-08 -1.8821e-08 0 0 0
0.0443589 -0.167896 0.308954 0.042 -0.169 0.299
5.15022e-08 -3.8619e-08 -6.69361e-10 0 0 0
8.45391e-09 -1.43479e-08 -3.59524e-08 0 0 0
0.189046 0.0596795 0.307031 0.187 0.065 0.309
-2.44314e-08 -1.81752e-08 5.86762e-11 0 0 0
4.57137e-08 1.06325e-09 -3.20174e-08 0 0 0
-0.0109947 0.0975799 0.40168 -0.006 0.097 0.387
2.67593e-10 -3.98282e-08 -4.28304e-08 0 0 0
1.60323e-08 6.93956e-08 1.61316e-08 0 0 0
-0.0201913 0.176166 -0.314023 -0.022 0.161 -0.313
-1.60025e-08 3.26136e-09 2.49421e-08 0 0 0
-2.08964e-08 -4.31206e-08 7.84485e-09 0 0 0
0.172812 0.216406 0.0889592 0.181 0.218 0.083
-4.54085e-09 -3.45734e-08 -9.42103e-09 0 0 0
1.6832e-08 -8.14847e-09 2.30607e-08 0 0 0
0.142767 0.188448 0.0373327 0.135 0.17 0.043
2.38359e-08 -8.82389e-10 5.56305e-08 0 0 0
-2.35333e-10 2.33947e-08 -4.04153e-08 0 0 0
0.171872 0.318511 0.130561 0.173 0.329 0.134
-1.54927e-08 -4.74747e-08 -5.44476e-08 0 0 0
4.24416e-08 -8.50573e-09 4.08501e-08 0 0 0
-0.194381 0.257527 0.00126443 -0.212 0.261 0.003
2.72616e-08 1.69196e-08 1.69569e-08 0 0 0
5.52666e-08 3.39556e-08 -4.96205e-08 0 0 0
-0.330377 -0.108168 -0.0427138 -0.326 -0.112 -0.052
-2.21534e-08 -1.89328e-08 2.46076e-09 0 0 0
3.02207e-08 -2.16373e-08 -1.47276e-08 0 0 0
-0.0154064 -0.110253 0.0235006 0.004 -0.101 0.022
-6.88316e-10 -4.84919e-08 3.04083e-08 0 0 0
4.18603e-08 -1.39984e-08 3.37784e-08 0 0 0
0.0700217 0.247397 -0.117085 0.064 0.268 -0.122
-1.69922e-08 7.05383e-09 -1.15237e-08 0 0 0
-2.70333e-08 8.05263e-10 -5.6126e-08 0 0 0
-0.0751625 -0.324535 0.114083 -0.065 -0.316 0.117
4.547e-09 -6.34747e-08 -2.44208e-08 0 0 0
-1.28852e-08 3.10394e-08 -1.60432e-09 0 0 0
0.181202 0.229276 -0.0917803 0.176 0.244 -0.103
-9.49285e-09 -3.61272e-08 4.80587e-09 0 0 0
2.80312e-08 1.12773e-08 -2.27889e-08 0 0 0
0.158884 0.039206 0.0797568 0.146 0.05 0.074
-1.51343e-08 6.93443e-08 1.74002e-08 0 0 0
4.32166e-08 -1.26498e-08 4.55564e-08 0 0 0
-0.228505 0.0427703 -0.254013 -0.231 0.047 -0.253
-5.97755e-09 -1.81803e-08 -4.53247e-08 0 0 0
3.13329e-08 2.02716e-08 -2.79547e-08 0 0 0
0.320586 -0.110858 -0.183935 0.339 -0.096 -0.196
-1.83087e-08 1.38131e-08 -6.77526e-08 0 0 0
9.97633e-09 1.56311e-08 6.4444e-08 0 0 0
0.161157 0.287476 0.0901331 0.155 0.294 0.082
7.08161e-09 4.02833e-09 2.36826e-08 0 0 0
-2.4015e-09 2.09373e-08 -1.38307e-08 0 0 0
0.0565083 0.229929 -0.166651 0.054 0.23 -0.167
-1.89271e-08 -1.08272e-08 -9.2884e-09 0 0 0
-3.09691e-08 3.04464e-08 4.94859e-08 0 0 0
-0.183504 -0.00594326 -0.0256953 -0.206 -0.013 -0.04
-3.25285e-08 -3.3559e-08 2.84236e-08 0 0 0
-4.5218e-08 4.27945e-09 3.88754e-08 0 0 0
0.143073 0.148609 0.274893 0.134 0.151 0.264
-1.00315e-08 2.20786e-09 2.13491e-09 0 0 0
6.50247e-08 -3.80932e-09 -2.43398e-08 0 0 0
-0.0229836 -0.185679 -0.0896979 -0.027 -0.187 -0.077
4.55854e-08 1.93959e-08 -1.97507e-08 0 0 0
-5.6824e-08 -1.9591e-08 -2.47781e-08 0 0 0
-0.101589 -0.289705 -0.0243753 -0.114 -0.279 -0.02
3.07425e-09 3.53671e-09 9.77381e-10 0 0 0
1.54652e-08 1.63818e-08 1.2369e-08 0 0 0
-0.324336 -0.0418825 -0.053116 -0.318 -0.026 -0.06
3.48693e-08 9.07294e-08 6.13382e-08 0 0 0
-2.00469e-08 -2.74574e-09 -3.77113e-08 0 0 0
0.0782915 0.226574 0.0581399 0.059 0.236 0.042
-7.79899e-09 3.77164e-08 -1.475e-08 0 0 0
1.66707e-08 3.35829e-08 -3.67694e-08 0 0 0
-0.12548 0.191174 0.0505924 -0.124 0.202 0.052
5.15603e-08 1.58834e-08 2.73247e-08 0 0 0
-1.09629e-08 2.16587e-08 -2.90427e-08 0 0 0
-0.250857 0.148609 -0.0485597 -0.247 0.154 -0.028
-5.74939e-09 3.63511e-08 -5.51699e-08 0 0 0
-6.38302e-10 -2.06506e-08 -1.69524e-08 0 0 0
-0.036351 0.0785252 0.157101 -0.041 0.088 0.149
-4.83435e-08 -9.28961e-10 -2.08686e-08 0 0 0
1.7804e-08 2.16142e-08 5.33136e-08 0 0 0
-0.255575 0.141135 -0.175611 -0.241 0.135 -0.17
-1.65067e-10 2.90291e-08 -2.58353e-09 0 0 0
3.47195e-08 6.05159e-08 3.49239e-08 0 0 0
0.220953 0.0445927 0.0822675 0.224 0.044 0.075
1.9529e-08 3.29946e-09 -2.51811e-08 0 0 0
3.21289e-08 -6.07487e-08 5.11067e-08 0 0 0
0.348854 -0.146548 0.0339097 0.362 -0.142 0.035
-6.90912e-08 3.10581e-08 -2.61923e-08 0 0 0
3.47489e-08 -3.99243e-08 5.14881e-08 0 0 0
0.0573127 -0.111026 -0.166022 0.068 -0.111 -0.166
-2.10095e-08 -3.48917e-08 4.8831e-09 0 0 0
4.28358e-09 -4.03546e-08 -6.35726e-08 0 0 0
0.326173 -0.100864 0.0954202 0.371 -0.126 0.108
-1.87533e-08 5.95395e-09 -7.8653e-09 0 0 0
1.48445e-08 2.26108e-08 -2.75628e-08 0 0 0
0.0863816 -0.205672 0.0347586 0.084 -0.213 0.035
-2.98349e-08 -2.66532e-08 4.06874e-08 0 0 0
-4.63155e-09 3.39339e-08 3.60211e-08 0 0 0
0.119721 0.268487 -0.161417 0.103 0.272 -0.15
2.49839e-08 2.21518e-08 1.08353e-08 0 0 0
2.89728e-08 -2.07746e-08 -1.24038e-08 0 0 0
0.110993 0.170941 0.101226 0.136 0.151 0.083
5.26423e-09 -1.1209e-08 3.77273e-08 0 0 0
-2.48289e-08 1.77095e-08 -7.19907e-09 0 0 0
0.161973 -0.0877562 -0.134557 0.165 -0.088 -0.139
-4.60846e-09 -6.69184e-08 7.30309e-09 0 0 0
-2.16149e-08 1.64277e-08 -2.88528e-08 0 0 0
0.216841 0.226733 -0.118711 0.215 0.229 -0.117
2.71621e-08 4.60152e-08 9.65767e-09 0 0 0
-1.47414e-08 -8.56026e-09 -2.02167e-08 0 0 0
0.280626 0.182525 -0.0976327 0.264 0.193 -0.093
2.40153e-08 7.45396e-09 -2.69565e-09 0 0 0
-5.97836e-09 7.20741e-09 5.44431e-08 0 0 0
0.217506 0.0984153 0.173098 0.218 0.095 0.165
-1.92774e-08 -8.02678e-09 4.11149e-08 0 0 0
7.31442e-08 -2.5838e-10 4.08857e-09 0 0 0
0.14295 -0.0694339 0.192087 0.151 -0.069 0.201
4.7571e-08 -2.30097e-08 2.28944e-08 0 0 0
-4.09251e-08 -8.4979e-09 6.34235e-08 0 0 0
0.173914 0.0747385 -0.231707 0.167 0.088 -0.229
-1.26642e-08 -4.05948e-08 1.48877e-08 0 0 0
3.51475e-08 7.00312e-08 4.01157e-08 0 0 0
-0.176328 -0.148981 0.0870408 -0.177 -0.151 0.09
-4.62305e-08 -2.47046e-10 3.41736e-08 0 0 0
5.31631e-09 -2.60563e-08 -2.51011e-08 0 0 0
0.0376643 0.0602402 0.154629 0.037 0.053 0.158
2.44409e-08 3.65126e-08 2.26974e-08 0 0 0
-2.39374e-08 1.75333e-08 1.61005e-08 0 0 0
-0.195553 0.302402 -0.0405789 -0.187 0.309 -0.045
1.64204e-08 -1.12844e-08 -4.27669e-08 0 0 0
-3.89258e-08 -2.24428e-08 -7.97968e-09 0 0 0
0.246347 0.0136847 0.199365 0.253 -0.003 0.197
2.91317e-08 -1.65833e-08 -1.23904e-08 0 0 0
-3.45614e-08 -2.52278e-08 2.3409e-08 0 0 0
0.197051 0.104146 0.226097 0.193 0.096 0.233
5.53173e-08 3.36226e-10 -3.25433e-08 0 0 0
-2.86548e-08 -6.06408e-09 -3.7003e-08 0 0 0
0.239954 -0.19005 -0.022993 0.235 -0.166 -0.022
1.62538e-08 -1.80619e-08 -2.04889e-08 0 0 0
-3.06852e-08 1.45071e-08 2.70255e-08 0 0 0
0.104277 -0.0241024 -0.24212 0.104 -0.013 -0.237
2.10362e-08 3.94374e-08 -3.5542e-09 0 0 0
2.52057e-08 -2.94348e-08 1.28969e-08 0 0 0
0.162733 -0.170729 -0.241812 0.191 -0.181 -0.247
1.52966e-08 5.02649e-08 5.00609e-08 0 0 0
-1.05991e-08 -4.75784e-08 -2.23142e-08 0 0 0
0.257526 -0.0947459 0.0493347 0.256 -0.08 0.04
2.25601e-08 -6.80751e-10 -1.13763e-08 0 0 0
-9.24393e-09 -2.12375e-08 8.98879e-09 0 0 0
0.0435609 0.227096 -0.0750295 0.049 0.231 -0.079
-9.91368e-09 4.10464e-08 4.07143e-08 0 0 0
4.50213e-08 -1.49024e-08 2.24217e-09 0 0 0
0.0680414 0.333734 0.0396936 0.065 0.311 0.039
-4.19129e-08 -2.38211e-08 -1.94162e-08 0 0 0
3.34103e-08 5.66298e-09 -2.25573e-08 0 0 0
-0.117779 0.146161 -0.187422 -0.115 0.144 -0.192
-1.16022e-08 6.24034e-08 1.01129e-08 0 0 0
-2.5527e-08 -2.13117e-08 -7.25695e-08 0 0 0
-0.19831 -0.16847 -0.0757115 -0.202 -0.169 -0.075
-4.76307e-08 8.42798e-10 2.95179e-08 0 0 0
-1.70978e-09 5.24728e-09 -7.16243e-08 0 0 0
0.123933 0.294457 -0.0737827 0.115 0.29 -0.082
5.91387e-08 8.03114e-09 3.16104e-08 0 0 0
4.26164e-08 -1.36379e-08 3.34891e-08 0 0 0
-0.0928788 0.342107 0.101839 -0.078 0.343 0.106
-6.21033e-09 2.51875e-08 -2.72759e-08 0 0 0
-8.55795e-09 5.60882e-08 -5.70994e-08 0 0 0
-0.305857 0.061502 -0.0108956 -0.309 0.064 -0.012
-7.66176e-09 -5.30831e-09 -2.4924e-08 0 0 0
7.72833e-10 1.61449e-08 -2.73776e-08 0 0 0
0.236811 0.153266 0.0728928 0.23 0.153 0.075
-5.00319e-08 3.30697e-08 -8.0057e-09 0 0 0
-6.77091e-08 1.0649e-09 4.46467e-08 0 0 0
-0.159606 0.351562 -0.131853 -0.166 0.368 -0.118
1.60552e-08 7.70735e-08 3.18453e-08 0 0 0
4.54149e-08 -2.17395e-08 -3.2124e-08 0 0 0
0.380682 -0.0270122 0.173873 0.383 -0.028 0.196
-1.96498e-08 4.78292e-10 -4.43301e-08 0 0 0
-6.02346e-08 -4.27584e-08 -2.52541e-08 0 0 0
0.284267 -0.0410917 0.0555622 0.269 -0.05 0.054
-1.53671e-08 -2.33877e-08 -3.35992e-08 0 0 0
3.04151e-08 2.19204e-08 -2.72974e-08 0 0 0
0.185965 0.164376 0.146122 0.181 0.171 0.143
-4.59331e-08 -3.60536e-08 1.17017e-08 0 0 0
3.0072e-08 -2.64122e-08 4.9487e-08 0 0 0
0.0124203 0.0677234 0.200667 0.011 0.04 0.211
-4.36452e-08 -2.43219e-08 -1.33988e-08 0 0 0
-3.22248e-08 3.61286e-08 4.80579e-09 0 0 0
0.105569 0.272675 -0.176303 0.1 0.268 -0.172
-2.02789e-08 3.24443e-08 -2.30361e-09 0 0 0
3.96518e-08 -1.3689e-08 1.14691e-08 0 0 0
0.0812854 -0.128313 0.0540121 0.09 -0.143 0.034
4.11088e-08 -1.74305e-08 4.71854e-09 0 0 0
3.01505e-08 -5.89676e-08 -4.40646e-08 0 0 0
0.00200639 0.219439 0.178769 0.008 0.22 0.161
-1.92802e-08 4.38862e-08 2.62258e-08 0 0 0
7.82832e-09 -1.88263e-08 5.56217e-08 0 0 0
0.0775281 0.0939519 0.150311 0.084 0.085 0.142
1.30616e-08 -1.68755e-08 -2.28976e-10 0 0 0
4.17803e-08 -5.89207e-08 5.21483e-08 0 0 0
0.0468887 0.140602 -0.184733 0.029 0.139 -0.19
7.64211e-09 3.73368e-08 -4.74189e-08 0 0 0
1.28385e-08 7.2166e-09 -2.02912e-08 0 0 0
-0.0341703 -0.123002 0.326318 -0.024 -0.124 0.322
2.58606e-08 4.69337e-08 1.21932e-08 0 0 0
-2.29911e-08 -6.11182e-08 2.51143e-08 0 0 0
-0.122929 0.343803 0.094481 -0.113 0.357 0.107
2.91716e-08 -4.57793e-09 1.07162e-08 0 0 0
-4.64319e-08 -3.86922e-09 2.78208e-08 0 0 0
-0.0997139 0.171417 0.0244583 -0.096 0.173 0.027
-3.06678e-09 -3.46659e-09 2.43196e-09 0 0 0
-1.32289e-08 1.00213e-08 7.62262e-09 0 0 0
-0.136655 -0.0186891 -0.196984 -0.123 -0.023 -0.195
-2.28389e-08 2.90576e-08 2.99138e-09 0 0 0
1.90478e-08 4.05773e-08 1.93873e-08 0 0 0
0.13413 0.287974 -0.0623781 0.137 0.287 -0.056
4.02357e-08 4.26805e-08 -5.73114e-08 0 0 0
-2.10866e-08 3.76429e-10 6.4277e-08 0 0 0
-0.104954 -0.108434 0.238025 -0.105 -0.094 0.241
2.98091e-09 -4.55877e-08 -2.70574e-08 0 0 0
4.08847e-08 -2.47083e-08 1.4706e-08 0 0 0
-0.0847943 0.242501 0.00293602 -0.081 0.267 -0.001
-1.47725e-08 2.21874e-08 -1.79137e-08 0 0 0
2.38104e-08 1.22631e-08 -2.05795e-08 0 0 0
-0.210637 -0.16744 0.230229 -0.197 -0.158 0.218
-4.42466e-09 3.30696e-08 -1.13254e-08 0 0 0
-3.55312e-09 -1.44307e-08 7.39086e-09 0 0 0
0.0258607 0.241327 -0.235263 0.035 0.238 -0.228
-3.03718e-08 2.08145e-08 2.37693e-08 0 0 0
3.10525e-08 -4.2772e-08 -2.4387e-08 0 0 0
0.184066 0.0120431 0.192931 0.176 0.027 0.195
1.2882e-08 -2.29348e-10 2.87892e-08 0 0 0
7.40327e-09 2.77312e-08 -1.02623e-08 0 0 0
-0.23117 -0.261101 0.0370023 -0.226 -0.256 0.025
-4.58278e-09 1.20721e-08 -3.46704e-08 0 0 0
1.07373e-08 5.94917e-09 -8.18759e-09 0 0 0
0.239172 0.0118953 -0.147863 0.245 -0.003 -0.154
-2.60579e-08 -1.21821e-08 -4.36517e-08 0 0 0
1.57762e-08 -1.39257e-08 1.67046e-09 0 0 0
0.114812 0.199358 0.0824471 0.123 0.208 0.087
-4.00173e-08 7.2365e-09 9.44204e-09 0 0 0
7.99905e-08 1.11587e-10 -2.38951e-08 0 0 0
0.181002 0.234275 -0.242749 0.178 0.25 -0.232
-3.60845e-08 6.96918e-09 3.88765e-08 0 0 0
1.66833e-08 -4.7145e-08 4.00675e-08 0 0 0
-0.303138 0.103723 0.0272331 -0.306 0.096 0.02
-4.17645e-09 -4.09061e-08 -8.84238e-09 0 0 0
-4.44905e-08 -6.56857e-09 3.03209e-08 0 0 0
0.184776 -0.0330682 0.230209 0.179 -0.031 0.227
-4.46466e-08 -1.50577e-08 2.02312e-08 0 0 0
2.00584e-08 -5.22044e-09 -2.46035e-09 0 0 0
-0.268875 0.0108082 -0.0410693 -0.263 0.008 -0.041
-1.27307e-08 1.01564e-08 -3.57786e-08 0 0 0
-1.17926e-09 -6.26789e-08 2.26099e-08 0 0 0
-0.0591013 -0.26124 -0.0245191 -0.054 -0.272 -0.013
4.21926e-09 1.10877e-08 2.66613e-08 0 0 0
-2.95763e-08 1.04867e-08 -3.29669e-08 0 0 0
-0.194143 0.0899565 -0.165502 -0.213 0.09 -0.165
6.61731e-09 -3.77315e-08 -3.97206e-08 0 0 0
-5.23197e-08 1.02563e-08 -1.06133e-09 0 0 0
-0.0642223 0.338661 0.0292245 -0.06 0.327 0.036
-1.24189e-08 1.5011e-08 -3.32154e-10 0 0 0
5.0698e-09 -3.8133e-09 3.42184e-08 0 0 0
0.157628 0.277203 0.0272885 0.163 0.277 0.025
-7.64006e-09 -2.62314e-10 -2.00729e-08 0 0 0
2.34778e-08 5.27434e-08 3.53094e-09 0 0 0
-0.0894937 -0.0776114 -0.219805 -0.091 -0.09 -0.214
2.30119e-08 2.92777e-08 -3.97879e-08 0 0 0
1.36352e-08 -3.77598e-09 6.64845e-09 0 0 0
-0.106031 -0.132775 0.214777 -0.105 -0.138 0.202
1.15199e-08 1.0892e-08 8.59546e-09 0 0 0
-7.67126e-09 -5.24741e-09 1.71639e-08 0 0 0
-0.249916 -0.0703391 -0.212379 -0.236 -0.06 -0.208
1.66865e-08 -8.60232e-09 -9.51624e-09 0 0 0
-5.18433e-08 -3.05223e-08 3.42658e-08 0 0 0
-0.0404483 0.0524541 0.305786 -0.069 0.004 0.312
-3.68963e-08 -1.24585e-08 5.82482e-09 0 0 0
2.13198e-08 1.11496e-08 -1.45292e-08 0 0 0
0.149601 -0.0705033 0.0814569 0.158 -0.086 0.086
3.3196e-09 -6.46428e-08 3.76732e-08 0 0 0
-1.2205e-08 -3.20712e-08 -3.26389e-08 0 0 0
0.0670607 -0.222148 -0.0807236 0.071 -0.212 -0.08
2.42126e-08 6.99126e-09 -1.80904e-08 0 0 0
5.0043e-09 2.83608e-08 -3.74394e-08 0 0 0
0.222292 -0.210138 0.018767 0.214 -0.212 0.033
1.53062e-08 -6.67474e-08 -3.44728e-08 0 0 0
5.58627e-08 4.48616e-08 -3.36319e-08 0 0 0
0.305377 -0.0087085 0.0291467 0.299 0.002 0.014
1.22927e-09 6.1197e-08 1.90571e-08 0 0 0
4.01054e-08 -1.64203e-08 -1.1544e-08 0 0 0
0.266773 0.0413124 0.0177675 0.26 0.032 0.014
5.7619e-09 -5.69452e-09 1.73198e-08 0 0 0
-5.57433e-09 2.18701e-08 -4.06227e-08 0 0 0
0.126807 0.11644 -0.202073 0.128 0.127 -0.192
4.69075e-09 -2.19478e-08 2.76216e-08 0 0 0
3.45514e-08 8.37307e-09 -6.65421e-08 0 0 0
0.259125 -0.0330554 -0.102317 0.263 -0.016 -0.098
7.73534e-09 3.86698e-08 -2.31937e-08 0 0 0
4.12304e-08 1.06327e-09 2.08165e-08 0 0 0
0.096811 0.285181 0.0210116 0.09 0.295 0.025
-3.68231e-08 -1.22292e-08 -2.2292e-08 0 0 0
2.42891e-09 1.79418e-08 1.7928e-08 0 0 0
-0.0447184 0.266268 -0.0211904 -0.033 0.257 -0.014
2.59944e-08 -7.69885e-09 -1.28645e-08 0 0 0
-5.83973e-08 2.5576e-08 2.07869e-08 0 0 0
0.244626 0.120217 0.136198 0.244 0.109 0.134
-1.60632e-08 1.68372e-08 -3.41892e-08 0 0 0
-1.79586e-08 1.41326e-08 1.32497e-08 0 0 0
0.120027 -0.173315 0.0663273 0.123 -0.174 0.061
4.68679e-09 4.44793e-08 -9.97443e-09 0 0 0
1.16897e-08 -4.84996e-08 3.92926e-08 0 0 0
0.256624 -0.0521097 -0.204154 0.258 -0.063 -0.193
1.92503e-08 -3.39981e-09 -1.16581e-08 0 0 0
1.18016e-08 -3.11193e-08 -3.92722e-09 0 0 0
-0.168992 0.288927 0.129794 -0.154 0.283 0.128
-6.43013e-08 -2.82993e-08 1.29696e-08 0 0 0
8.5505e-09 2.37635e-08 -2.17188e-08 0 0 0
0.081233 -0.0397388 0.221939 0.077 -0.046 0.219
6.68635e-08 -7.2788e-09 2.20496e-08 0 0 0
4.34879e-08 2.17261e-08 5.62128e-08 0 0 0
-0.0320283 0.136375 -0.0766999 -0.032 0.15 -0.079
-3.53957e-08 -2.41208e-08 1.42291e-09 0 0 0
3.07695e-08 -4.81865e-09 -2.17133e-08 0 0 0
0.284519 0.243364 -0.0379399 0.291 0.245 -0.043
2.57609e-08 4.00552e-09 1.09315e-08 0 0 0
-1.34722e-08 1.33354e-08 -3.57719e-09 0 0 0
0.159308 0.0775112 0.28722 0.185 0.092 0.298
2.91846e-08 -3.54152e-08 2.2629e-08 0 0 0
3.94019e-08 -7.0817e-09 5.17919e-08 0 0 0
0.3422 -0.157076 -0.0653592 0.337 -0.145 -0.062
3.28447e-08 4.83903e-08 -1.42828e-08 0 0 0
5.85099e-08 -1.01786e-08 -2.34521e-08 0 0 0
0.241078 0.02812 -0.127641 0.233 0.013 -0.121
-1.1738e-08 -6.21662e-08 2.04883e-08 0 0 0
-1.48098e-08 2.32381e-08 -8.10427e-08 0 0 0
0.213553 -0.103851 -0.0136153 0.217 -0.089 -0.016
-4.71591e-08 -1.92308e-08 -4.11529e-08 0 0 0
-3.01498e-08 3.45459e-08 1.29991e-09 0 0 0
0.170959 -0.222043 -0.0541731 0.178 -0.22 -0.062
1.15381e-08 5.01314e-08 -4.25021e-09 0 0 0
2.81779e-09 -5.25793e-08 4.98534e-09 0 0 0
0.220721 0.148459 -0.0554984 0.216 0.164 -0.053
3.19667e-08 -8.36252e-09 -5.54058e-11 0 0 0
-1.42776e-08 7.26282e-08 4.05757e-08 0 0 0
0.23453 -0.000306021 0.0369929 0.255 0.007 0.034
-2.58494e-08 6.17526e-10 -1.5562e-08 0 0 0
-3.88032e-08 -2.85113e-08 4.46295e-08 0 0 0
-0.208866 0.0846029 -0.167847 -0.211 0.081 -0.163
2.20468e-08 -2.0866e-08 -2.13453e-09 0 0 0
-6.12703e-09 7.66035e-09 -5.74458e-08 0 0 0
0.129835 -0.141474 -0.246019 0.125 -0.142 -0.251
3.23903e-08 7.89163e-09 4.63315e-08 0 0 0
1.93461e-09 2.11214e-08 -9.91159e-09 0 0 0
0.202708 -0.113658 -0.219907 0.216 -0.121 -0.204
1.18595e-08 -7.09648e-08 3.49093e-10 0 0 0
3.75649e-08 5.16456e-08 -2.32986e-08 0 0 0
-0.135193 0.204338 -0.17152 -0.143 0.203 -0.164
4.13696e-08 7.79041e-09 -4.15958e-09 0 0 0
-4.00167e-08 -1.85795e-08 -8.25371e-09 0 0 0
-0.255184 0.195052 0.133134 -0.261 0.186 0.153
1.68819e-08 1.71768e-08 3.35266e-08 0 0 0
-2.95866e-09 1.08233e-08 2.30928e-08 0 0 0
0.132283 -0.00221338 0.329807 0.134 -0.002 0.325
1.75384e-08 -9.13591e-09 -3.46741e-08 0 0 0
-8.49326e-09 2.8163e-08 6.18617e-08 0 0 0
0.211985 -0.227287 -0.0272132 0.231 -0.221 -0.012
2.48967e-08 2.51483e-09 9.12974e-09 0 0 0
2.35148e-08 -2.97568e-08 4.66926e-08 0 0 0
0.290349 0.0420579 -0.154745 0.291 0.039 -0.151
-2.99884e-08 5.4906e-08 -9.15705e-09 0 0 0
-6.19982e-09 -8.75957e-09 2.57885e-08 0 0 0
0.285806 -0.0254027 0.172065 0.297 -0.031 0.143
-1.22535e-08 -2.62551e-08 -1.51156e-08 0 0 0
-1.77214e-08 3.51675e-08 9.89677e-09 0 0 0
0.260614 0.224568 0.163036 0.27 0.199 0.188
-4.55384e-09 -1.19319e-08 -3.63082e-08 0 0 0
-1.82124e-08 5.83205e-08 4.51309e-09 0 0 0
-0.161914 -0.123642 0.0600398 -0.185 -0.134 0.056
2.46942e-08 -9.58671e-09 1.95611e-08 0 0 0
-1.57441e-08 6.16041e-08 -2.55772e-08 0 0 0
0.196607 0.177074 -0.0635775 0.194 0.179 -0.063
-7.8326e-08 3.04152e-08 -3.1075e-09 0 0 0
2.29543e-08 -1.86511e-08 -5.38379e-08 0 0 0
0.252439 -0.135324 0.000774402 0.242 -0.137 -0.005
-1.35712e-08 -1.08483e-08 -3.26377e-08 0 0 0
5.79119e-09 1.03858e-08 2.6176e-08 0 0 0
0.116562 0.192652 0.0695082 0.122 0.182 0.078
-1.35289e-09 1.40897e-08 4.25563e-09 0 0 0
3.77582e-09 -3.77747e-08 6.18122e-08 0 0 0
0.257225 0.136348 0.0966107 0.259 0.132 0.092
2.95011e-08 -9.48215e-09 1.42374e-08 0 0 0
-3.33381e-08 1.27732e-08 -2.05618e-08 0 0 0
-0.162789 0.163217 -0.17674 -0.164 0.163 -0.179
-4.16532e-09 -5.50802e-08 2.17253e-08 0 0 0
1.02096e-08 6.76572e-09 -3.62096e-09 0 0 0
-0.0823702 0.190043 0.36719 -0.083 0.195 0.375
3.81997e-08 -2.20588e-08 2.5805e-08 0 0 0
-7.11311e-09 2.21753e-08 -3.69247e-08 0 0 0
0.0235487 0.287793 0.139747 0.027 0.278 0.137
3.30569e-08 -4.37088e-09 4.94597e-08 0 0 0
-6.70509e-09 -1.30573e-08 -2.03954e-08 0 0 0
-0.0195892 0.325313 0.130804 -0.02 0.32 0.117
-2.67116e-08 3.90505e-09 9.42245e-09 0 0 0
1.69487e-08 -7.73558e-09 4.16827e-08 0 0 0
-0.0553957 0.256814 -0.000662934 -0.056 0.25 0.003
-2.20582e-08 1.98544e-08 1.54608e-08 0 0 0
5.45874e-08 5.80414e-08 2.80023e-09 0 0 0
-0.223107 -0.103361 -0.0204664 -0.214 -0.1 -0.026
-3.86421e-08 -1.60869e-08 -3.47676e-08 0 0 0
-2.49509e-08 5.78528e-08 -1.71224e-08 0 0 0
0.0387815 -0.29329 0.217613 0.034 -0.281 0.228
7.7456e-09 8.66362e-09 8.37034e-09 0 0 0
-6.64048e-09 1.6872e-08 -1.4191e-08 0 0 0
-0.0352181 0.206861 0.032884 -0.039 0.209 0.026
-3.94186e-08 1.95478e-08 9.59984e-08 0 0 0
-5.62422e-09 3.43225e-08 -1.81002e-09 0 0 0
-0.232559 -0.233445 0.131529 -0.228 -0.228 0.137
3.80711e-08 -4.48533e-08 6.112e-09 0 0 0
-9.27327e-09 3.80745e-08 3.99518e-08 0 0 0
0.0878433 0.260082 -0.0297889 0.093 0.253 -0.03
4.05882e-08 -1.70635e-08 -1.32022e-08 0 0 0
-4.87009e-08 7.3686e-08 -2.58238e-08 0 0 0
0.264437 0.119739 0.072662 0.262 0.129 0.072
2.40521e-08 -3.01556e-08 -6.77041e-09 0 0 0
-3.04577e-09 2.90667e-08 -1.16293e-08 0 0 0
-0.284122 0.0741246 -0.136411 -0.271 0.071 -0.131
-1.28635e-08 3.64907e-08 -3.71228e-09 0 0 0
2.52581e-08 -2.07158e-09 5.64478e-09 0 0 0
0.163821 0.137539 -0.139684 0.169 0.137 -0.141
-8.33739e-09 -8.64472e-10 -3.66869e-08 0 0 0
-6.21724e-08 -1.54881e-08 3.9692e-08 0 0 0
0.14465 0.275715 -0.0530207 0.159 0.272 -0.061
4.85984e-09 1.32141e-09 2.3372e-08 0 0 0
3.00254e-08 -3.57105e-08 -9.97056e-09 0 0 0
0.188213 0.173254 -0.0311008 0.18 0.174 -0.024
7.71159e-09 2.03071e-08 1.47691e-08 0 0 0
-3.67367e-08 5.33665e-08 -2.40226e-08 0 0 0
-0.173919 -0.209262 -0.00793979 -0.183 -0.21 -0.011
6.94093e-08 -1.46588e-08 8.99851e-09 0 0 0
-9.80918e-09 4.95098e-08 2.00521e-08 0 0 0
0.142837 0.246124 0.157176 0.138 0.252 0.167
3.91997e-08 1.3693e-08 -7.92447e-09 0 0 0
-3.06575e-08 -1.53197e-08 2.5483e-08 0 0 0
-0.0228468 0.116939 -0.326338 -0.031 0.122 -0.306
2.70583e-08 -1.26423e-08 1.76458e-08 0 0 0
-4.56382e-08 -6.52245e-08 -1.40456e-08 0 0 0
-0.148341 -0.211184 -0.139344 -0.144 -0.212 -0.126
7.04564e-09 -5.41629e-09 -2.17249e-08 0 0 0
-7.34875e-09 1.03071e-08 -3.60202e-08 0 0 0
-0.219226 0.105694 0.0673342 -0.22 0.102 0.062
-2.83418e-09 2.79942e-08 3.51083e-08 0 0 0
5.88593e-10 5.18237e-08 -3.98408e-08 0 0 0
-0.116115 0.23365 -0.091588 -0.108 0.232 -0.107
-6.09638e-08 2.57662e-08 -3.23246e-08 0 0 0
6.71929e-08 6.39652e-08 1.40986e-08 0 0 0
0.100783 0.124461 0.253311 0.102 0.13 0.236
1.20747e-08 3.69654e-08 -1.19628e-08 0 0 0
7.91421e-09 -1.64952e-08 6.03221e-08 0 0 0
-0.234426 0.0116189 -0.101635 -0.226 0.025 -0.089
-3.99813e-09 6.12033e-08 -3.66757e-08 0 0 0
-2.71109e-08 -6.83912e-08 1.90463e-08 0 0 0
-0.0497418 -0.204314 0.0872276 -0.057 -0.199 0.089
-6.12862e-08 1.09916e-08 -1.77078e-08 0 0 0
6.60619e-09 -7.23696e-09 -1.34646e-08 0 0 0
-0.1446 0.00751458 -0.204803 -0.151 -0.003 -0.2
-4.14874e-08 -6.64872e-08 -3.43955e-08 0 0 0
4.07675e-08 1.45409e-08 -1.80571e-08 0 0 0
0.00847647 0.147328 0.221435 0.005 0.133 0.226
-2.00088e-08 -3.70643e-08 3.42046e-08 0 0 0
4.4738e-08 3.3514e-08 8.75376e-09 0 0 0
-0.153484 0.312708 0.14445 -0.16 0.306 0.146
4.68744e-08 -2.62867e-09 8.77315e-08 0 0 0
-1.0012e-08 4.91117e-08 -7.90125e-10 0 0 0
0.180878 -0.0217764 -0.127019 0.189 -0.017 -0.113
-7.92844e-09 -1.0713e-08 -4.8276e-09 0 0 0
-3.21969e-09 -9.12106e-09 4.11199e-08 0 0 0
0.19408 -0.058706 -0.0126119 0.207 -0.068 -0.023
-9.8066e-09 -6.89626e-08 2.79543e-10 0 0 0
5.02014e-08 -2.6663e-08 -4.61786e-08 0 0 0
0.00650568 -0.177741 0.298754 0.014 -0.172 0.278
-1.1249e-08 1.56164e-08 5.2066e-08 0 0 0
3.94897e-08 2.90221e-08 -3.07546e-08 0 0 0
0.0105224 0.280766 0.00378259 0.003 0.289 0.021
-4.88911e-09 -1.41711e-08 -3.46859e-08 0 0 0
3.24775e-08 1.00984e-08 -4.65018e-08 0 0 0
0.194032 0.298161 -0.00579124 0.187 0.293 -0.018
-2.91406e-09 1.08833e-08 -3.61292e-08 0 0 0
8.96359e-09 -3.33408e-09 1.03478e-07 0 0 0
0.320593 0.0235384 -0.0849801 0.316 0.023 -0.094
-1.42225e-08 2.48193e-08 -1.09284e-08 0 0 0
-9.99667e-09 -1.98527e-08 3.89137e-08 0 0 0
0.247276 0.240762 0.0404173 0.244 0.241 0.05
2.92298e-08 -1.35695e-08 -2.97188e-09 0 0 0
-6.50425e-09 2.687e-08 -3.55336e-08 0 0 0
-0.0646539 0.157011 -0.177846 -0.056 0.156 -0.175
4.87193e-08 -1.23182e-08 -1.03911e-08 0 0 0
1.16736e-08 7.25354e-08 1.05512e-09 0 0 0
0.0309548 0.0593517 0.208371 0.024 0.062 0.199
-3.64463e-09 3.10862e-09 4.73961e-08 0 0 0
1.39758e-08 3.62988e-08 -2.63773e-08 0 0 0
0.117741 -0.127749 0.133332 0.126 -0.13 0.143
1.10362e-08 -8.02388e-09 1.39413e-08 0 0 0
4.39207e-08 2.06433e-08 -2.16337e-08 0 0 0
0.18926 0.230714 0.0200494 0.174 0.228 0.026
4.53623e-08 -4.05902e-08 2.12403e-08 0 0 0
-6.63579e-09 -1.21332e-08 -4.49708e-08 0 0 0
-0.0854166 -0.188208 0.19539 -0.07 -0.21 0.191
-4.84199e-08 2.55358e-08 -3.14188e-08 0 0 0
4.55728e-09 7.93433e-09 -4.17664e-08 0 0 0
0.144479 0.229233 0.183272 0.13 0.227 0.17
2.99147e-08 -3.66827e-08 2.04677e-08 0 0 0
1.01641e-08 2.94965e-08 3.7436e-08 0 0 0
-0.132765 0.193881 -0.00677204 -0.125 0.198 -0.015
-4.32863e-08 5.37302e-09 1.4966e-08 0 0 0
-3.40163e-10 1.8096e-08 2.72394e-08 0 0 0
0.233919 -0.0269418 0.128967 0.243 -0.017 0.146
9.01635e-09 2.72735e-08 5.78612e-08 0 0 0
3.63866e-09 2.81109e-08 -1.98338e-08 0 0 0
0.120611 0.0909567 0.214059 0.138 0.087 0.212
-5.48961e-08 6.13875e-09 -3.25033e-08 0 0 0
-8.57922e-09 8.48309e-10 2.92914e-08 0 0 0
0.212907 -0.0826763 -0.0349565 0.22 -0.083 -0.033
-6.38598e-09 4.04311e-09 -5.46172e-09 0 0 0
2.90545e-08 -2.17896e-08 -3.004e-08 0 0 0
-0.0910364 0.255273 -0.152908 -0.099 0.247 -0.15
1.80195e-08 1.7112e-08 -1.15807e-08 0 0 0
-3.08904e-08 3.81569e-10 1.35607e-08 0 0 0
0.293172 -0.128648 -0.0150887 0.281 -0.121 -0.018
-4.48291e-08 -1.57647e-08 -1.12864e-08 0 0 0
4.36722e-08 4.3336e-08 5.96486e-08 0 0 0
0.0297414 -0.276396 -0.217293 0.021 -0.281 -0.225
-1.16159e-08 7.89414e-09 2.63873e-09 0 0 0
-1.16807e-09 -3.63772e-08 -5.58611e-08 0 0 0
0.166854 0.128299 -0.0433891 0.179 0.143 -0.051
4.60276e-08 -2.5927e-08 -2.93182e-08 0 0 0
6.20864e-08 3.45824e-08 -1.37257e-08 0 0 0
0.145701 0.0550985 -0.141464 0.129 0.065 -0.151
3.58349e-08 -2.18682e-09 -1.35378e-08 0 0 0
2.80762e-08 3.31203e-08 -9.24319e-08 0 0 0
-0.120782 0.188204 -0.173355 -0.131 0.181 -0.186
1.42116e-08 -5.09655e-09 -2.10034e-08 0 0 0
-4.12071e-08 4.10307e-08 -4.02299e-08 0 0 0
-0.247052 0.0698551 -0.0862803 -0.251 0.067 -0.098
-4.33722e-10 1.56836e-08 -1.77318e-08 0 0 0
-5.91908e-08 2.8704e-08 3.59547e-08 0 0 0
0.236717 0.113931 -0.230108 0.255 0.1 -0.233
-2.31194e-08 -3.08987e-08 1.78468e-08 0 0 0
-2.08269e-08 3.02291e-08 1.52393e-08 0 0 0
-0.0773033 -0.0739559 -0.213628 -0.08 -0.054 -0.203
-3.77763e-09 -3.94189e-08 -5.70843e-08 0 0 0
-2.81781e-08 -4.09622e-08 -9.87509e-09 0 0 0
-0.225329 0.101474 -0.0286963 -0.229 0.102 -0.025
-2.10568e-08 -3.9474e-08 -7.73787e-08 0 0 0
2.95402e-08 -2.83889e-08 -3.18985e-09 0 0 0
0.342313 0.138388 0.0547655 0.341 0.14 0.052
-5.90818e-08 5.58923e-08 3.54399e-09 0 0 0
1.36525e-08 -1.21043e-08 4.2082e-08 0 0 0
-0.0654064 0.164221 -0.152611 -0.059 0.162 -0.151
-2.09892e-09 -1.37023e-08 1.55451e-08 0 0 0
9.02867e-09 -6.81498e-08 4.23517e-08 0 0 0
0.293921 -0.154297 0.061491 0.293 -0.156 0.065
1.07648e-09 3.99742e-10 -2.36443e-08 0 0 0
2.71674e-08 -2.70576e-08 -1.2353e-08 0 0 0
0.0117302 -0.184682 0.168653 0.025 -0.191 0.18
-3.38697e-09 -3.5177e-08 -1.3423e-08 0 0 0
5.20663e-08 -1.52227e-08 -2.66874e-08 0 0 0
0.103585 0.224435 0.114565 0.095 0.205 0.112
-5.97564e-09 -5.06614e-08 -4.58034e-09 0 0 0
2.04288e-09 1.37924e-08 -2.12199e-08 0 0 0
-0.185331 -0.0964378 0.0562207 -0.181 -0.099 0.05
1.48783e-08 -3.69972e-09 3.50108e-08 0 0 0
-3.91003e-08 1.80954e-08 -3.55568e-08 0 0 0
0.0076142 0.229838 -0.137306 0.009 0.229 -0.13
-2.64512e-08 3.46191e-08 4.56982e-08 0 0 0
4.24742e-08 8.27484e-09 -2.5167e-08 0 0 0
0.203865 -0.223089 0.109375 0.194 -0.212 0.1
-9.02125e-10 -2.15322e-09 -6.08318e-08 0 0 0
1.88781e-08 -3.96074e-08 1.17501e-08 0 0 0
0.0816883 0.114145 0.13348 0.082 0.116 0.134
-2.00119e-08 -7.51861e-09 2.99314e-08 0 0 0
2.94413e-08 -2.56448e-08 1.95163e-09 0 0 0
0.0965773 0.172387 0.176756 0.094 0.173 0.177
-1.02749e-08 1.48265e-08 1.73497e-10 0 0 0
1.21957e-08 -4.50755e-08 8.02764e-09 0 0 0
-0.186444 0.133748 -0.271349 -0.21 0.139 -0.267
-8.1951e-09 -5.25659e-08 3.57469e-08 0 0 0
-2.02632e-08 7.30147e-08 1.37052e-08 0 0 0
-0.00187825 0.00798566 0.319058 -0.011 -0 0.306
-1.84603e-08 -6.67708e-09 2.11678e-08 0 0 0
1.37893e-08 -1.00916e-08 5.31746e-08 0 0 0
-0.148209 0.23074 0.137031 -0.151 0.241 0.146
-3.90171e-08 -2.68726e-09 5.21707e-08 0 0 0
-2.69662e-08 -4.34914e-09 7.25148e-09 0 0 0
0.0128321 0.313379 0.00725614 0.014 0.314 0.002
-1.36738e-08 9.74811e-10 -3.98937e-08 0 0 0
-3.70711e-08 7.21263e-09 4.95488e-09 0 0 0
-0.148011 0.118694 -0.135061 -0.142 0.121 -0.14
-1.31796e-08 -9.85858e-09 -1.13232e-08 0 0 0
-7.27541e-09 6.38348e-08 8.30506e-09 0 0 0
-0.0301645 0.333521 0.0263659 -0.036 0.34 0.022
2.58959e-08 -1.40395e-08 2.6663e-09 0 0 0
-2.32197e-08 -3.60119e-08 1.42137e-08 0 0 0
0.00746066 -0.0103075 0.163625 0.002 -0.006 0.156
-3.57538e-08 1.02489e-08 2.94335e-09 0 0 0
2.27763e-08 3.57378e-08 1.19284e-08 0 0 0
0.108471 0.199885 -0.141109 0.106 0.189 -0.141
2.05744e-08 5.67341e-08 2.11288e-08 0 0 0
-3.85984e-08 4.34563e-08 -7.90914e-09 0 0 0
-0.114188 -0.215694 0.170333 -0.113 -0.214 0.152
-2.25498e-08 9.66069e-09 1.80618e-08 0 0 0
-3.89367e-08 -8.09852e-09 -7.48809e-08 0 0 0
0.048064 0.274424 -0.163986 0.051 0.261 -0.163
-1.32952e-08 4.08194e-10 2.46347e-08 0 0 0
-3.52938e-08 -4.71818e-09 -3.98561e-08 0 0 0
0.159365 -0.0347672 -0.0830189 0.172 -0.016 -0.107
3.25306e-08 -1.25133e-08 -3.03257e-08 0 0 0
-3.96736e-09 1.95455e-08 4.8308e-08 0 0 0
-0.234029 0.0242464 0.0838461 -0.253 0.02 0.073
-5.14312e-09 -1.5235e-08 -4.51507e-08 0 0 0
1.56019e-08 -1.86377e-08 1.59941e-08 0 0 0
0.227642 -0.0354469 -0.177535 0.247 -0.033 -0.181
5.27859e-09 1.4672e-08 -4.28045e-09 0 0 0
3.50163e-09 2.01103e-08 -8.19527e-08 0 0 0
0.0729043 0.253035 0.05922 0.086 0.264 0.055
1.69782e-08 2.95497e-08 1.54947e-08 0 0 0
5.82812e-08 2.90517e-08 6.89031e-09 0 0 0
0.108034 0.208737 -0.099572 0.108 0.222 -0.09
-8.3216e-09 -5.7852e-08 1.46981e-08 0 0 0
-6.46635e-08 4.13039e-08 6.75938e-09 0 0 0
-0.264519 -0.0413372 0.0856816 -0.259 -0.039 0.083
-7.07799e-08 -1.45483e-08 1.90899e-08 0 0 0
-1.57821e-08 -3.84584e-08 1.60408e-08 0 0 0
0.150476 -0.0954868 0.266638 0.163 -0.093 0.263
-1.83988e-08 4.45991e-08 4.64688e-08 0 0 0
3.57782e-08 7.49398e-08 -4.88279e-09 0 0 0
-0.075146 -0.04388 -0.204958 -0.078 -0.07 -0.206
-4.01118e-08 -5.97926e-09 2.28121e-08 0 0 0
2.84767e-09 -3.31594e-08 -8.38376e-08 0 0 0
0.0110458 -0.380896 0.0671705 0.042 -0.399 0.094
7.01813e-08 -3.3237e-08 -1.8983e-08 0 0 0
-1.0545e-08 3.29604e-08 -1.16625e-08 0 0 0
-0.289821 0.17863 -0.147494 -0.29 0.181 -0.161
-2.62791e-08 3.95179e-08 -7.87824e-09 0 0 0
2.96962e-08 -1.19566e-08 -4.00611e-08 0 0 0
0.0153688 0.308251 0.116278 0.012 0.293 0.103
-4.62117e-09 -2.31201e-08 1.48063e-09 0 0 0
9.78554e-09 2.18163e-09 7.52957e-08 0 0 0
0.0391274 0.196718 0.0241547 0.037 0.216 0.032
-2.50197e-08 6.55355e-08 7.15484e-09 0 0 0
5.46062e-08 -2.79341e-09 4.59763e-08 0 0 0
-0.104513 -0.171496 -0.282916 -0.094 -0.188 -0.274
5.20946e-08 3.2102e-09 1.9345e-08 0 0 0
1.57586e-09 1.4861e-08 -2.13886e-08 0 0 0
-0.00235035 -0.0739687 0.266896 -0.021 -0.073 0.259
5.98386e-10 4.75537e-09 -7.1254e-09 0 0 0
5.26185e-09 -4.28384e-08 -1.86604e-08 0 0 0
-0.145056 0.185655 -0.142334 -0.154 0.195 -0.147
-2.36406e-08 1.30228e-08 1.67863e-08 0 0 0
1.98672e-09 -3.69607e-08 -1.8524e-08 0 0 0
0.0709004 0.0101098 0.360071 0.079 0.012 0.37
-1.85409e-08 2.48024e-08 -1.24217e-08 0 0 0
-2.81954e-09 -2.11115e-08 1.03389e-08 0 0 0
0.158612 -0.339044 -0.0274983 0.161 -0.342 -0.031
-2.34061e-08 -2.88247e-08 -1.28972e-08 0 0 0
-4.30252e-08 -1.85834e-08 8.93154e-09 0 0 0
0.00931723 -0.180322 -0.0934169 0.014 -0.194 -0.089
6.52915e-08 1.99338e-08 -4.35813e-08 0 0 0
5.36092e-08 -2.63287e-08 1.24067e-08 0 0 0
0.206163 -0.167822 0.036094 0.219 -0.16 0.035
5.45282e-08 1.87593e-08 -6.57266e-08 0 0 0
-2.44034e-08 -2.85867e-08 -3.68223e-09 0 0 0
0.254578 -0.0315149 0.202239 0.25 -0.037 0.187
-4.12369e-08 7.27754e-08 2.35839e-08 0 0 0
1.6887e-08 -1.3739e-08 7.20958e-08 0 0 0
0.299522 0.0157865 -0.117621 0.294 0.005 -0.111
-8.46226e-09 3.10325e-08 -4.88555e-08 0 0 0
4.51528e-09 -2.46534e-08 9.02428e-09 0 0 0
0.355185 0.112818 -0.059507 0.348 0.117 -0.065
-2.61208e-08 3.66311e-08 -4.70728e-09 0 0 0
2.41181e-08 -5.24797e-09 -7.34765e-08 0 0 0
0.226014 0.0333665 0.0190929 0.223 0.014 0.014
5.0276e-09 -7.7577e-09 1.49326e-08 0 0 0
5.12811e-09 4.636e-09 -3.97873e-08 0 0 0
-0.0518713 0.244256 0.026004 -0.039 0.273 0.035
-2.75574e-08 -7.15822e-09 -1.05138e-08 0 0 0
6.26089e-08 -7.01221e-08 -1.2804e-08 0 0 0
-0.140272 0.202557 -0.164606 -0.13 0.198 -0.158
-1.45569e-08 -1.7848e-08 -4.35024e-10 0 0 0
-9.11017e-09 -1.21328e-08 1.43087e-08 0 0 0
0.149618 0.210215 0.155594 0.159 0.197 0.164
-2.61779e-08 -2.81726e-08 -3.55467e-08 0 0 0
5.83431e-09 -1.57316e-08 -3.80604e-08 0 0 0
0.169573 -0.144056 0.0479304 0.174 -0.142 0.048
-1.27758e-09 -2.90799e-08 6.21088e-08 0 0 0
1.03744e-09 9.7055e-09 -7.27051e-09 0 0 0
0.0242973 0.0623776 -0.371865 0.029 0.056 -0.361
3.50168e-08 -2.87798e-08 2.27789e-09 0 0 0
5.10187e-09 -3.18179e-08 -4.62979e-08 0 0 0
-0.236362 0.284656 0.0119461 -0.228 0.279 0.014
-3.85278e-08 -1.30095e-08 -7.1804e-09 0 0 0
2.38895e-08 1.43556e-08 -3.43025e-08 0 0 0
0.182287 0.176267 0.107438 0.194 0.174 0.097
-4.31829e-08 8.00332e-08 1.45255e-08 0 0 0
2.75546e-08 -3.62257e-08 1.51113e-08 0 0 0
-0.129509 0.20459 -0.0699001 -0.138 0.209 -0.072
-2.02327e-09 -5.03955e-08 -2.0038e-10 0 0 0
1.3878e-08 8.90813e-09 4.44573e-08 0 0 0
-0.175199 0.295892 0.232019 -0.164 0.303 0.209
-2.34574e-08 2.47718e-08 -1.78503e-09 0 0 0
4.28368e-08 3.25085e-08 -4.38169e-08 0 0 0
0.275479 -0.027295 0.228945 0.293 -0.024 0.23
1.29199e-08 2.73319e-08 -1.6348e-08 0 0 0
2.4396e-08 2.48884e-09 -8.91442e-09 0 0 0
0.279366 -0.196018 -0.0918555 0.278 -0.2 -0.09
1.89504e-08 -4.45201e-08 -1.88467e-08 0 0 0
3.26955e-08 1.79815e-08 4.18613e-08 0 0 0
0.204318 0.0268513 -0.146283 0.205 0.025 -0.151
8.42352e-09 5.49636e-08 -2.75664e-08 0 0 0
2.0868e-08 -8.19782e-08 1.89986e-08 0 0 0
0.191645 0.0190176 -0.258879 0.206 0.024 -0.251
1.1241e-08 -2.67924e-10 1.29469e-08 0 0 0
9.11545e-09 -3.95787e-08 -1.1349e-08 0 0 0
0.258493 -0.14619 0.122045 0.261 -0.152 0.126
5.27967e-08 -4.69179e-08 -8.92883e-09 0 0 0
-2.95174e-08 -3.42264e-08 1.9392e-10 0 0 0
0.12419 0.29573 -0.0471949 0.124 0.301 -0.041
5.52883e-09 4.74818e-08 2.03046e-08 0 0 0
-1.22322e-08 -5.05954e-09 -2.62266e-08 0 0 0
0.0779188 0.345479 -0.117736 0.067 0.345 -0.117
7.44107e-09 2.04152e-08 -3.31904e-08 0 0 0
2.83243e-08 -2.66259e-08 2.89985e-08 0 0 0
-0.0355708 0.141943 -0.142079 -0.034 0.132 -0.145
-3.24852e-08 -3.39326e-08 2.73511e-08 0 0 0
-1.93625e-08 -1.28369e-08 -1.08742e-07 0 0 0
-0.00505126 -0.192909 -0.016007 0.009 -0.195 -0.029
2.58905e-08 1.33794e-08 4.16889e-08 0 0 0
4.8136e-08 4.97621e-08 -7.62508e-09 0 0 0
0.0147228 -0.0144308 -0.275543 0.025 -0.022 -0.266
2.99111e-08 -3.65917e-08 -4.46402e-08 0 0 0
-3.337e-10 2.43022e-08 -1.60456e-08 0 0 0
0.0076931 0.193398 -0.130244 -0.006 0.191 -0.134
1.73649e-08 3.87388e-08 8.91679e-09 0 0 0
-2.90952e-08 -1.94916e-08 1.20862e-08 0 0 0
-0.281219 -0.119875 -0.149449 -0.261 -0.116 -0.148
-2.10818e-08 3.17948e-08 -8.47812e-09 0 0 0
-1.45848e-08 -4.06923e-08 3.90231e-08 0 0 0
-0.1506 0.0958359 0.234836 -0.178 0.084 0.258
-3.80131e-08 2.66261e-09 -6.401e-09 0 0 0
4.54147e-08 5.77208e-08 3.98618e-08 0 0 0
0.249822 0.00446539 -0.221787 0.251 0.009 -0.225
-2.31023e-08 -2.40001e-08 1.62792e-08 0 0 0
1.00038e-09 -1.87195e-08 1.49921e-08 0 0 0
0.117136 -0.28952 -0.172059 0.101 -0.301 -0.178
2.58435e-08 8.48467e-08 -2.31076e-09 0 0 0
-2.42599e-08 2.26736e-08 6.05149e-08 0 0 0
0.297038 -0.0403067 0.188777 0.288 -0.047 0.175
6.77615e-09 -2.95979e-08 -1.68092e-08 0 0 0
1.3001e-09 2.07119e-10 -4.61795e-09 0 0 0
0.243292 0.276399 0.0129333 0.235 0.266 0.022
-7.74828e-09 6.22029e-08 2.40154e-08 0 0 0
2.39788e-08 -1.76857e-08 -3.27741e-08 0 0 0
-0.0936123 -0.190649 0.0668155 -0.097 -0.191 0.075
-2.75507e-08 4.85218e-09 -1.82584e-09 0 0 0
-6.56612e-08 5.89605e-08 -3.33595e-08 0 0 0
0.190639 0.115512 -0.0354348 0.193 0.124 -0.046
5.06606e-08 3.47903e-09 -2.41468e-08 0 0 0
-2.64107e-08 2.84859e-08 2.28306e-08 0 0 0
0.0263872 -0.272907 -0.129431 0.036 -0.26 -0.126
-9.01497e-09 1.77199e-08 3.00558e-08 0 0 0
9.0082e-09 -2.21797e-08 -2.95535e-09 0 0 0
0.131636 0.0430621 0.20497 0.13 0.056 0.21
-5.22893e-08 -1.35723e-08 5.83934e-09 0 0 0
-8.75947e-09 8.77578e-09 5.61751e-08 0 0 0
0.245284 0.22798 -0.0328763 0.258 0.223 -0.023
2.12396e-08 -1.2838e-08 2.70015e-08 0 0 0
-1.35141e-08 7.01006e-08 1.42886e-08 0 0 0
-0.103496 0.191399 0.00278749 -0.099 0.2 0.034
2.45457e-08 1.78296e-08 -3.01401e-08 0 0 0
-6.60834e-09 -1.21609e-08 -7.65163e-09 0 0 0
0.0617792 -0.184596 -0.344617 0.043 -0.215 -0.357
-3.23517e-08 -3.56092e-09 -1.28139e-08 0 0 0
-3.15703e-08 -1.80005e-08 -9.73803e-09 0 0 0
-0.0840743 0.293788 0.011435 -0.102 0.297 0.008
-3.6274e-11 3.03287e-09 -8.76928e-10 0 0 0
-2.25265e-08 -5.90763e-09 -4.9425e-10 0 0 0
0.141263 0.210621 -0.283679 0.138 0.221 -0.305
1.37985e-08 -1.96505e-08 3.70168e-08 0 0 0
-2.1987e-08 4.70829e-08 2.3409e-10 0 0 0
-0.158799 0.0633546 0.411449 -0.19 0.064 0.4
1.12751e-08 -1.62191e-08 8.01033e-09 0 0 0
3.71446e-08 9.48928e-09 1.49386e-08 0 0 0
-0.355434 -0.0467006 0.0277976 -0.352 -0.05 0.038
9.98129e-09 4.35623e-09 -2.76672e-09 0 0 0
-2.08188e-09 6.16696e-09 3.21318e-08 0 0 0
0.0211399 -0.250539 0.195568 0.027 -0.254 0.224
1.97609e-08 5.88146e-09 7.96802e-10 0 0 0
-2.35622e-08 -3.91052e-08 -1.77238e-08 0 0 0
-0.129229 0.105392 0.175133 -0.124 0.113 0.153
2.30083e-08 -2.69683e-08 2.32598e-08 0 0 0
-1.40119e-08 2.04216e-08 -2.24532e-08 0 0 0
-0.0633536 -0.282594 0.114106 -0.052 -0.286 0.1
1.05577e-08 -7.88287e-08 -1.14204e-08 0 0 0
-1.33701e-08 -1.28643e-08 8.90403e-09 0 0 0
-0.172032 0.0689398 -0.225342 -0.171 0.083 -0.212
-1.9563e-09 -9.3952e-09 -3.31402e-08 0 0 0
-8.63635e-09 -3.87849e-09 -2.01641e-08 0 0 0
-0.00267418 0.175114 0.266736 -0.014 0.164 0.275
-2.8798e-08 4.09991e-08 -5.16172e-09 0 0 0
6.13338e-08 -3.8959e-08 -1.86958e-08 0 0 0
-0.165012 -0.0178328 -0.124864 -0.182 -0.014 -0.125
-5.5083e-08 -2.15287e-08 -1.80912e-08 0 0 0
3.29414e-08 3.42798e-09 7.0268e-09 0 0 0
0.178112 0.229897 0.0478604 0.173 0.221 0.06
-8.30679e-09 8.58649e-09 -4.21562e-08 0 0 0
3.16637e-08 7.10003e-09 -4.3527e-09 0 0 0
-0.29126 -0.010998 0.148171 -0.29 -0.022 0.14
-2.32203e-08 5.02552e-08 -9.86282e-09 0 0 0
3.95662e-08 -2.93152e-09 2.49801e-08 0 0 0
0.10745 0.124912 -0.0817392 0.099 0.107 -0.084
2.09592e-08 -1.77328e-09 -2.72516e-08 0 0 0
1.77982e-08 3.87834e-08 2.37031e-08 0 0 0
-0.167611 -0.0538571 0.0771617 -0.174 -0.053 0.084
-4.20186e-08 1.16645e-08 -2.02965e-08 0 0 0
2.28397e-09 -1.22402e-08 1.55076e-08 0 0 0
-0.224685 0.252818 0.144503 -0.236 0.246 0.145
-1.84952e-08 -2.52905e-08 4.63883e-08 0 0 0
-1.08701e-08 2.4662e-08 6.1364e-09 0 0 0
0.0510138 -0.328464 0.00379407 0.065 -0.331 0.011
4.378e-08 -5.84395e-10 -2.56238e-08 0 0 0
-8.59057e-09 4.42478e-08 -2.52799e-08 0 0 0
-0.282233 -0.127998 -0.159284 -0.28 -0.139 -0.153
-1.08397e-08 2.06021e-09 -5.19192e-08 0 0 0
2.19517e-09 -2.32955e-08 8.78334e-09 0 0 0
-0.0981078 0.213183 0.0333065 -0.105 0.228 0.033
-3.73358e-08 8.62273e-09 -2.23619e-08 0 0 0
1.43597e-08 1.32885e-08 -4.38355e-08 0 0 0
-0.0749026 0.282045 0.11168 -0.08 0.272 0.106
-2.62464e-08 -2.43417e-08 2.06203e-08 0 0 0
-2.32181e-08 3.35401e-08 -5.57607e-09 0 0 0
0.182752 0.127874 0.152718 0.179 0.139 0.158
-2.32536e-08 -2.51446e-08 -4.64412e-08 0 0 0
-2.3059e-08 3.47964e-08 2.09085e-08 0 0 0
-0.185406 -0.0491645 -0.141331 -0.171 -0.035 -0.144
-6.09364e-09 -5.06412e-08 1.10347e-08 0 0 0
1.43057e-08 3.65685e-09 -3.67534e-08 0 0 0
-0.0606704 -0.0625431 0.176819 -0.064 -0.056 0.171
1.76153e-08 -2.33047e-08 4.16489e-08 0 0 0
6.34237e-09 -4.99604e-08 2.0752e-08 0 0 0
-0.131551 0.0906831 -0.222715 -0.123 0.078 -0.228
-1.7222e-08 -3.12234e-09 -1.84651e-08 0 0 0
4.25092e-08 -3.12719e-08 -2.82693e-08 0 0 0
0.189044 0.12776 0.216892 0.203 0.139 0.239
1.26053e-08 -4.69543e-08 -1.79741e-08 0 0 0
-2.28276e-08 -1.0571e-08 5.05074e-08 0 0 0
0.149359 0.188372 0.287473 0.163 0.19 0.287
4.95564e-08 -1.32677e-08 -2.18559e-08 0 0 0
-4.38918e-08 2.18223e-08 -2.98213e-08 0 0 0
0.171516 -0.124448 -0.0701885 0.172 -0.13 -0.067
1.55719e-08 1.71251e-08 1.39968e-08 0 0 0
-3.51118e-08 -6.53044e-09 -4.97742e-09 0 0 0
0.149802 -0.363123 -0.0502134 0.164 -0.371 -0.063
-3.03737e-08 -3.92578e-08 -1.76393e-08 0 0 0
4.88817e-08 3.59255e-08 -2.75138e-08 0 0 0
0.0815868 -0.26764 0.287013 0.078 -0.298 0.28
3.26781e-09 2.51642e-08 2.84511e-08 0 0 0
-2.00359e-08 -1.72881e-08 -3.56107e-08 0 0 0
0.0525336 0.264717 0.0198221 0.048 0.276 0.033
-2.94315e-08 9.5785e-09 -1.2582e-09 0 0 0
2.08349e-08 -2.64357e-08 1.27185e-08 0 0 0
0.163739 0.189736 0.00281627 0.152 0.2 -0.001
2.61678e-08 1.17332e-08 3.47694e-08 0 0 0
-2.52206e-08 -2.43548e-08 -4.36731e-08 0 0 0
0.0799726 0.0390057 0.0438412 0.08 0.032 0.026
5.83211e-08 -4.7409e-09 3.11907e-08 0 0 0
2.65769e-10 7.35285e-08 -2.86202e-08 0 0 0
-0.355997 0.0139833 0.0750646 -0.389 0.018 0.096
-4.40305e-08 4.15588e-08 -3.35372e-08 0 0 0
4.04557e-08 -3.62543e-08 3.00493e-08 0 0 0
0.0885608 0.211909 -0.240898 0.083 0.217 -0.246
-2.2123e-08 7.24425e-08 3.70292e-08 0 0 0
1.86163e-08 -2.90014e-08 -4.49186e-11 0 0 0
0.114154 0.0539937 0.217645 0.104 0.041 0.213
3.01521e-09 -1.37833e-08 3.51627e-08 0 0 0
3.13359e-08 3.49834e-08 2.26304e-08 0 0 0
0.233887 -0.222451 0.0944572 0.231 -0.2 0.088
-2.94613e-08 -1.9413e-08 -1.54639e-08 0 0 0
7.68435e-08 -4.12235e-09 -4.16705e-08 0 0 0
0.182827 0.116627 -0.221734 0.186 0.126 -0.21
-2.0044e-08 4.1391e-08 -5.13906e-10 0 0 0
1.26704e-10 -7.50773e-08 -6.66146e-09 0 0 0
-0.168985 0.260094 0.0529844 -0.162 0.272 0.052
2.61531e-08 -4.24793e-11 2.78074e-08 0 0 0
-2.50324e-08 8.9084e-09 5.89501e-09 0 0 0
0.12809 0.112458 0.182026 0.114 0.127 0.186
-8.79409e-10 5.08656e-08 3.04162e-08 0 0 0
6.6987e-08 -2.63756e-08 2.32784e-09 0 0 0
-0.0554353 0.228475 0.186207 -0.051 0.232 0.166
4.2911e-09 1.33922e-08 3.5754e-08 0 0 0
-3.63491e-08 2.24213e-08 -4.67374e-08 0 0 0
-0.206567 0.104163 0.335395 -0.208 0.1 0.339
-1.69864e-08 -1.87875e-08 1.83743e-08 0 0 0
2.03974e-08 1.88341e-08 4.95981e-09 0 0 0
-0.0667515 0.0481304 0.271134 -0.08 0.048 0.26
1.31493e-08 9.34543e-09 2.83529e-08 0 0 0
-4.10463e-08 -3.58714e-08 -1.09987e-08 0 0 0
0.0868203 -0.121919 0.190773 0.079 -0.126 0.195
1.25108e-08 2.7457e-08 3.44548e-08 0 0 0
-4.74932e-08 -3.87515e-08 1.33487e-08 0 0 0
-0.0256461 0.221739 -0.231383 -0.026 0.225 -0.23
-2.43641e-08 -1.77826e-08 1.60074e-08 0 0 0
-1.85453e-08 -2.72782e-08 -5.57366e-08 0 0 0
0.295361 -0.0278791 -0.215616 0.3 -0.033 -0.2
-1.45798e-08 -5.52098e-08 3.13943e-09 0 0 0
3.72288e-08 5.17562e-08 4.32208e-09 0 0 0
0.145305 -0.0817298 -0.0760494 0.163 -0.087 -0.087
4.41155e-08 3.85793e-08 -3.73057e-08 0 0 0
5.4107e-08 -5.40118e-08 2.70597e-08 0 0 0
0.306403 0.167008 0.0841832 0.311 0.159 0.089
1.82145e-08 8.7781e-09 2.40319e-08 0 0 0
2.59093e-08 3.88487e-08 6.72081e-08 0 0 0
0.121711 0.200955 -0.0868829 0.127 0.188 -0.075
-1.82031e-08 1.52438e-08 -3.02586e-08 0 0 0
6.63391e-08 4.16616e-08 3.2439e-08 0 0 0
0.0830623 0.184795 -0.160351 0.084 0.187 -0.163
1.56984e-08 -1.72558e-08 1.57891e-08 0 0 0
4.42438e-08 -4.76119e-09 -7.52538e-09 0 0 0
-0.079231 0.177642 -0.111253 -0.076 0.181 -0.126
-1.66872e-08 -2.19481e-08 -5.29952e-08 0 0 0
-2.48419e-08 2.4385e-08 5.92532e-08 0 0 0
0.114788 -0.0824458 0.14949 0.111 -0.087 0.145
3.15957e-09 7.73196e-09 -1.43623e-08 0 0 0
1.88207e-08 2.05901e-08 1.44586e-08 0 0 0
0.0290146 -0.0569958 -0.303355 0.036 -0.05 -0.306
-2.45505e-08 5.73131e-09 3.68061e-08 0 0 0
-1.85599e-08 2.12553e-08 -5.44038e-08 0 0 0
-0.163124 0.211488 0.0499229 -0.152 0.222 0.051
-5.95401e-08 -5.10045e-08 1.84938e-08 0 0 0
3.49984e-09 -2.89557e-08 -1.77775e-08 0 0 0
-0.0822998 0.240091 0.249411 -0.09 0.232 0.242
-1.34286e-08 7.7548e-09 -5.31803e-08 0 0 0
-3.54866e-08 -5.43546e-09 3.50269e-08 0 0 0
0.0676972 0.291507 -0.163548 0.087 0.288 -0.165
2.20814e-08 -4.60174e-08 -2.91827e-08 0 0 0
2.62965e-08 4.0134e-08 5.20907e-09 0 0 0
0.0331913 0.244712 -0.248719 0.031 0.245 -0.25
2.71879e-09 -4.85237e-08 -2.66054e-08 0 0 0
-6.4122e-09 -8.55262e-09 1.28077e-08 0 0 0
0.344287 0.128629 -0.0822315 0.338 0.126 -0.084
-2.6691e-08 -3.05611e-08 2.4791e-08 0 0 0
-1.04839e-08 1.63495e-08 1.38531e-08 0 0 0
0.293368 0.110633 0.0813402 0.285 0.109 0.081
4.17208e-08 2.17707e-08 5.77267e-09 0 0 0
-1.55864e-08 8.85615e-09 -4.50585e-09 0 0 0
-0.146938 0.00524962 0.282085 -0.149 0.011 0.271
-4.59724e-08 -2.04031e-08 -2.02671e-08 0 0 0
-1.96952e-08 6.74368e-08 -3.84049e-08 0 0 0
0.140432 0.215779 0.0467207 0.14 0.206 0.05
-5.12654e-08 2.81638e-08 4.28047e-08 0 0 0
4.73423e-08 2.57926e-09 -2.34552e-08 0 0 0
0.0816646 -0.113568 -0.0515493 0.083 -0.102 -0.049
-1.70047e-08 -1.97105e-08 5.0692e-09 0 0 0
9.24274e-08 -1.77256e-09 -1.53136e-08 0 0 0
0.159994 -0.0690578 0.103575 0.158 -0.068 0.11
-2.07358e-08 5.22741e-08 4.20083e-08 0 0 0
7.47318e-08 7.67188e-09 -8.49851e-09 0 0 0
-0.0844702 -0.101272 0.188887 -0.088 -0.097 0.196
-3.17636e-08 8.87628e-09 -3.25175e-08 0 0 0
-2.64691e-09 2.86296e-08 4.15819e-09 0 0 0
-0.100571 0.110119 -0.260666 -0.108 0.105 -0.252
2.62126e-08 -1.77608e-08 9.84872e-09 0 0 0
-4.55305e-08 -3.28226e-09 -4.35416e-09 0 0 0
-0.0560358 -0.10568 0.279524 -0.037 -0.1 0.278
1.56241e-08 -5.13753e-08 -1.77947e-08 0 0 0
1.4567e-08 7.58663e-08 -4.15453e-09 0 0 0
-0.225394 0.1555 -0.0908053 -0.221 0.18 -0.074
-2.30016e-08 1.26425e-08 -6.45416e-09 0 0 0
1.41463e-08 1.5755e-08 -2.86754e-09 0 0 0
-0.222955 0.168642 -0.102329 -0.228 0.159 -0.092
2.30364e-08 5.40838e-08 -2.66065e-08 0 0 0
-3.54741e-08 -3.59355e-08 9.07103e-09 0 0 0
-0.178591 0.210039 0.0350304 -0.174 0.218 0.024
-1.39873e-08 1.6799e-08 2.41726e-08 0 0 0
4.75661e-08 -1.79869e-08 9.34842e-09 0 0 0
-0.0694253 0.280519 -0.0818009 -0.079 0.28 -0.087
-8.1885e-09 2.45115e-09 -3.2399e-08 0 0 0
5.55889e-08 3.13092e-08 -1.99195e-08 0 0 0
-0.040318 -0.190074 0.115699 -0.043 -0.193 0.111
-3.79408e-08 -1.31805e-08 -2.75744e-08 0 0 0
4.17478e-08 -2.10754e-09 6.26406e-08 0 0 0
0.0653625 0.313008 -0.0199352 0.049 0.289 -0.01
-5.46036e-09 -1.39517e-08 -2.90667e-08 0 0 0
-5.28872e-09 -1.39071e-08 -5.6774e-08 0 0 0
-0.199156 -0.0833427 0.206309 -0.202 -0.077 0.198
-3.42382e-08 6.48892e-09 4.80127e-08 0 0 0
-6.31309e-09 1.04282e-08 -2.21258e-08 0 0 0
-0.0422045 0.251295 -0.0862771 -0.038 0.248 -0.087
-6.11292e-09 5.18389e-08 1.66535e-08 0 0 0
2.06797e-08 3.30722e-09 -4.3452e-08 0 0 0
0.123757 0.131117 0.194636 0.139 0.136 0.196
2.43954e-08 -3.73852e-08 1.83949e-08 0 0 0
5.88551e-09 3.08028e-08 -1.10524e-09 0 0 0
-0.186699 -0.142056 0.0128092 -0.202 -0.131 0.009
2.413e-08 -3.52066e-08 -4.36607e-08 0 0 0
2.51091e-08 1.72134e-08 9.45073e-09 0 0 0
0.212213 0.213077 -0.0705813 0.202 0.191 -0.09
6.65435e-10 -1.51573e-08 -5.08779e-08 0 0 0
4.0076e-08 -3.07326e-08 1.39783e-08 0 0 0
0.225077 0.216227 0.0699225 0.198 0.219 0.064
7.84615e-09 -5.27212e-08 5.87861e-08 0 0 0
-5.81043e-09 -7.72055e-09 -4.59841e-08 0 0 0
0.100844 0.142383 0.0138495 0.106 0.141 0.021
-7.77666e-09 -1.08732e-08 5.41978e-08 0 0 0
2.93521e-08 1.09971e-08 -3.33646e-08 0 0 0
-0.147619 0.117773 -0.130999 -0.145 0.114 -0.12
-1.61461e-08 6.7581e-08 -3.8721e-08 0 0 0
-1.7947e-08 -2.04544e-08 -5.80749e-08 0 0 0
0.244335 -0.00668917 0.278894 0.245 0.002 0.277
-2.55896e-08 -3.1605e-08 8.81229e-09 0 0 0
1.27098e-08 -8.06167e-09 -3.03504e-08 0 0 0
0.126914 -0.224559 0.000470072 0.123 -0.235 0.006
-1.85143e-08 -6.29725e-08 3.72057e-08 0 0 0
-7.19035e-09 -4.42593e-08 -4.157e-08 0 0 0
-0.120611 -0.281083 -0.0711803 -0.123 -0.289 -0.062
-4.49342e-08 -7.41701e-09 -4.38352e-09 0 0 0
-1.36711e-08 -4.09647e-08 4.57963e-08 0 0 0
-0.1441 0.0731121 -0.0754205 -0.156 0.068 -0.083
4.30462e-08 -5.71272e-09 -5.64449e-08 0 0 0
-3.17099e-08 -4.09095e-09 3.41935e-08 0 0 0
0.130299 0.214218 -0.177056 0.126 0.208 -0.168
1.61696e-08 -4.67075e-08 -5.21173e-08 0 0 0
-5.0595e-09 -3.64158e-09 3.09946e-08 0 0 0
0.0467981 0.22011 0.152718 0.032 0.226 0.165
-2.30477e-08 3.97772e-08 -5.70708e-08 0 0 0
-2.00058e-08 4.18186e-08 3.157e-08 0 0 0
-0.0378148 -0.0313785 -0.299426 -0.034 -0.026 -0.307
-1.91578e-09 3.77856e-08 -1.78104e-08 0 0 0
8.6469e-09 2.91057e-08 -4.04438e-08 0 0 0
-0.0669805 -0.294622 0.047665 -0.078 -0.291 0.037
3.20011e-08 -1.08065e-08 1.65349e-08 0 0 0
-2.55393e-08 2.25203e-08 4.47903e-08 0 0 0
-0.0935876 0.192274 -0.202359 -0.106 0.207 -0.203
-6.74557e-09 -1.37889e-08 -6.29357e-08 0 0 0
-1.91181e-08 1.77866e-09 5.998e-09 0 0 0
0.0622062 0.148987 0.17265 0.065 0.166 0.174
-2.25006e-09 -3.19582e-08 2.26797e-08 0 0 0
3.37739e-08 3.84571e-08 4.14159e-08 0 0 0
0.271572 0.174068 -0.0157773 0.269 0.181 -0.014
2.86917e-08 1.47033e-08 2.51513e-08 0 0 0
1.4596e-09 3.47633e-08 -6.66698e-08 0 0 0
0.163792 -0.0169738 -0.168042 0.171 -0.017 -0.173
3.298e-08 5.83724e-08 -3.77734e-08 0 0 0
-2.25241e-08 1.16958e-09 2.41856e-08 0 0 0
0.101816 -0.127975 0.32553 0.1 -0.121 0.334
4.15704e-08 3.1162e-08 3.22706e-08 0 0 0
-1.19753e-08 -3.72374e-08 -3.0441e-08 0 0 0
0.088285 -0.138759 0.17298 0.092 -0.135 0.177
8.46809e-09 -4.56142e-08 -2.08531e-08 0 0 0
2.38042e-09 3.67866e-08 8.23697e-08 0 0 0
0.231244 0.11757 0.128913 0.242 0.111 0.125
6.47108e-09 -3.93687e-08 1.51399e-08 0 0 0
3.09212e-09 -9.54577e-09 2.35235e-08 0 0 0
0.0599728 0.290381 -0.106642 0.062 0.284 -0.105
2.0148e-08 3.03091e-08 -2.10667e-08 0 0 0
5.78893e-09 -3.50766e-08 4.46886e-08 0 0 0
0.212904 -0.0371381 0.0513899 0.223 -0.046 0.061
8.52827e-09 -1.25154e-08 2.33047e-08 0 0 0
-1.198e-08 -2.96655e-09 -3.6765e-08 0 0 0
0.145921 0.200203 -0.147844 0.153 0.188 -0.142
-3.31015e-08 3.47981e-08 -1.28876e-10 0 0 0
3.54745e-08 -1.38995e-08 2.38051e-08 0 0 0
0.00530992 0.283086 -0.132436 0.016 0.288 -0.13
3.44108e-08 -1.11711e-08 -1.64821e-09 0 0 0
-2.26696e-08 -9.40748e-09 4.45587e-08 0 0 0
0.275988 0.0779442 0.181235 0.276 0.073 0.166
1.97564e-08 7.18656e-08 -3.59063e-08 0 0 0
1.45531e-08 7.90927e-09 3.43669e-08 0 0 0
0.0563913 -0.114622 0.189795 0.067 -0.088 0.197
-6.35058e-09 1.04685e-08 4.47825e-09 0 0 0
-1.55975e-08 3.15661e-08 2.005e-09 0 0 0
0.108315 0.0935683 -0.285244 0.107 0.067 -0.313
-4.88089e-08 2.98682e-08 -7.68583e-09 0 0 0
-1.20819e-08 2.50047e-08 4.61317e-08 0 0 0
-0.201269 0.149565 -0.0460174 -0.194 0.142 -0.053
-9.8019e-09 7.75246e-09 -5.01346e-08 0 0 0
-2.32505e-08 4.1335e-10 1.83266e-08 0 0 0
0.0450402 -0.127059 0.242741 0.054 -0.127 0.246
-2.93866e-08 9.0683e-09 -4.71119e-09 0 0 0
-7.74003e-09 -5.28644e-08 2.20247e-08 0 0 0
-0.120874 0.21589 -0.12663 -0.122 0.216 -0.119
-5.28912e-09 -7.98124e-09 3.45171e-08 0 0 0
-1.18389e-08 -9.249e-09 5.95704e-09 0 0 0
0.234126 0.193914 0.137603 0.238 0.197 0.131
-2.27651e-09 -3.14761e-08 -6.94454e-09 0 0 0
-4.88467e-09 1.04103e-08 -3.45297e-08 0 0 0
0.107493 0.0601307 0.105306 0.13 0.041 0.12
-3.8779e-08 2.35062e-08 1.18199e-08 0 0 0
2.01767e-08 -6.10529e-09 -2.84415e-08 0 0 0
0.261839 -0.169805 -0.033177 0.274 -0.172 -0.018
5.06257e-10 6.91779e-10 -4.54114e-08 0 0 0
4.24887e-08 5.99133e-08 -2.99719e-09 0 0 0
0.345227 0.0430065 -0.118278 0.35 0.033 -0.12
-2.33005e-08 -8.03887e-08 8.82818e-09 0 0 0
4.02764e-08 1.00215e-08 -3.13998e-08 0 0 0
0.044057 -0.0596162 -0.353257 0.04 -0.052 -0.352
1.39093e-08 -7.00946e-08 2.0883e-08 0 0 0
-5.42392e-08 -1.8745e-08 4.05047e-08 0 0 0
0.201034 -0.115625 0.122336 0.2 -0.12 0.123
1.31879e-08 -3.06465e-08 4.02277e-08 0 0 0
-3.46295e-09 1.4247e-08 -1.47976e-08 0 0 0
0.269767 -0.091988 0.297334 0.266 -0.073 0.316
-7.55674e-09 -7.74688e-09 2.77124e-08 0 0 0
-6.66953e-09 -1.16678e-09 -3.0716e-08 0 0 0
0.234215 -0.0177211 -0.0699516 0.225 -0.016 -0.068
-4.31762e-08 1.83859e-09 1.25799e-09 0 0 0
1.48711e-08 -7.78907e-09 1.67304e-08 0 0 0
-0.22662 0.0893461 -0.0614334 -0.231 0.088 -0.08
-3.35274e-08 -6.22247e-09 1.53276e-08 0 0 0
8.49234e-10 -1.6254e-08 -2.72919e-09 0 0 0
0.0416227 -0.0771106 -0.203047 0.052 -0.068 -0.218
1.61424e-08 -3.70551e-08 8.33702e-09 0 0 0
3.27868e-08 2.95264e-08 -4.04562e-08 0 0 0
0.0251042 0.0195064 -0.182921 0.016 0.027 -0.181
4.77606e-08 2.83761e-08 -3.51258e-08 0 0 0
1.69832e-08 -3.15167e-08 -3.99508e-08 0 0 0
-0.0631419 0.344792 -0.153515 -0.076 0.329 -0.16
-2.32418e-08 -5.02669e-08 2.35539e-08 0 0 0
2.94265e-08 6.14507e-08 -5.8851e-09 0 0 0
-0.214186 -0.0571976 -0.0131494 -0.206 -0.053 -0.009
2.77111e-08 1.69268e-08 6.19367e-10 0 0 0
-7.18224e-09 -8.38718e-09 -1.96395e-08 0 0 0
-0.0763602 0.318269 0.0018362 -0.087 0.318 0.004
5.00115e-09 3.74234e-09 -1.76146e-08 0 0 0
4.07164e-09 -1.91714e-08 2.67375e-08 0 0 0
0.0280019 -0.158951 0.316008 0.031 -0.162 0.309
-7.7816e-09 2.19777e-08 4.13378e-08 0 0 0
-2.41064e-09 -1.69945e-08 1.20462e-09 0 0 0
0.236025 0.202791 -0.0188065 0.238 0.192 -0.024
-6.09221e-09 5.93661e-09 6.09783e-09 0 0 0
4.86986e-08 -2.13462e-08 7.4779e-08 0 0 0
0.185732 -0.121048 0.209335 0.173 -0.11 0.184
1.5648e-08 3.66016e-09 -4.59564e-08 0 0 0
5.76772e-10 -5.729e-09 2.49617e-09 0 0 0
0.0645337 0.299959 0.165434 0.053 0.339 0.163
-4.82293e-09 2.08709e-08 -1.02859e-08 0 0 0
-2.64888e-08 1.32716e-08 -2.98677e-08 0 0 0
-0.25013 -0.101602 0.175312 -0.241 -0.101 0.166
-3.04653e-08 9.17069e-09 9.18268e-09 0 0 0
2.10717e-08 1.93498e-08 -1.84427e-08 0 0 0
0.155974 0.276311 -0.187142 0.155 0.277 -0.177
-1.05801e-08 1.06918e-08 -7.39721e-09 0 0 0
1.67222e-08 3.74216e-08 -2.82489e-08 0 0 0
0.0947534 -0.0265667 0.20335 0.1 -0.038 0.205
9.73971e-09 7.42199e-09 -7.53234e-08 0 0 0
-4.53196e-08 -9.09251e-09 3.28158e-08 0 0 0
0.119162 0.214465 0.192008 0.113 0.206 0.202
1.19299e-08 -3.01031e-08 2.48645e-08 0 0 0
3.58738e-08 9.08231e-09 -1.66395e-08 0 0 0
-0.00907077 0.141086 0.0887953 -0.004 0.169 0.107
3.46419e-08 -2.25562e-08 3.17871e-08 0 0 0
7.26524e-09 9.6899e-08 3.18795e-08 0 0 0
-0.231494 0.0952169 -0.0893587 -0.232 0.1 -0.09
5.59636e-08 1.89136e-08 -2.9693e-08 0 0 0
-7.79365e-09 -1.2725e-08 1.74595e-08 0 0 0
-0.103917 0.0672005 -0.269361 -0.134 0.062 -0.285
-4.63389e-08 -1.1711e-08 2.70575e-08 0 0 0
2.76505e-08 -5.75538e-09 -1.41783e-08 0 0 0
-0.0979422 0.136709 0.091367 -0.099 0.133 0.105
-2.34396e-08 2.55402e-08 1.09583e-08 0 0 0
-1.41661e-08 -1.89219e-08 8.32078e-08 0 0 0
0.32693 0.0185786 -0.245243 0.33 0.038 -0.25
2.5569e-08 4.25323e-08 -5.22008e-09 0 0 0
-2.7489e-08 -1.18287e-08 -2.16382e-08 0 0 0
-0.160558 0.217793 -0.00093364 -0.165 0.219 0.002
2.27934e-10 -3.06524e-08 -1.04184e-09 0 0 0
2.54499e-08 3.85046e-08 -5.77869e-08 0 0 0
-0.0228546 -0.123991 0.0992011 -0.013 -0.135 0.097
-2.40783e-08 -1.26733e-08 -5.15135e-08 0 0 0
-2.839e-08 2.10256e-08 2.46125e-08 0 0 0
0.0538546 -0.204224 0.224201 0.049 -0.199 0.225
2.4821e-08 6.87792e-09 2.76752e-08 0 0 0
1.5472e-08 -2.44161e-08 1.94448e-08 0 0 0
-0.00436561 0.316961 -0.0447935 0.014 0.308 -0.06
6.20399e-09 -2.28662e-08 -1.09593e-08 0 0 0
-5.29198e-08 -1.85452e-08 2.3035e-08 0 0 0
0.06711 -0.168915 0.0228368 0.068 -0.168 0.036
-2.32339e-08 -7.79371e-08 8.43651e-09 0 0 0
1.24494e-08 3.39734e-08 4.00413e-09 0 0 0
-0.048226 -0.108229 -0.150206 -0.056 -0.103 -0.142
-5.44491e-09 2.70516e-08 -1.24058e-08 0 0 0
-3.80814e-08 1.29624e-08 -9.51305e-10 0 0 0
0.188586 0.186117 0.0149067 0.186 0.197 0.012
-2.33028e-08 -4.48602e-08 -1.13789e-08 0 0 0
3.52042e-08 7.31705e-08 2.53804e-08 0 0 0
-0.18161 0.199797 -0.0873134 -0.177 0.201 -0.083
-2.42753e-08 -4.19524e-08 -5.71947e-10 0 0 0
-1.19788e-08 8.09725e-11 3.06575e-08 0 0 0
0.201164 0.0154381 0.0102617 0.195 0.016 0.008
-1.54189e-08 -5.03541e-09 4.92048e-08 0 0 0
3.44819e-08 -1.55364e-08 -4.15882e-08 0 0 0
-0.0828078 -0.073541 0.274985 -0.068 -0.086 0.259
-3.59071e-08 2.3058e-08 -2.09115e-08 0 0 0
2.1511e-08 -2.30679e-08 2.37627e-08 0 0 0
0.158672 0.192222 -0.108748 0.149 0.19 -0.121
-4.75278e-09 5.6701e-08 -2.36667e-08 0 0 0
5.65163e-08 -8.02331e-09 -9.34018e-09 0 0 0
-0.331284 -0.0177766 -0.00136808 -0.348 0.001 -0.014
-3.56197e-08 2.40195e-08 3.08095e-08 0 0 0
5.34233e-08 -7.62509e-09 -1.11187e-08 0 0 0
0.22075 0.217346 0.184782 0.216 0.214 0.191
4.32334e-08 3.7478e-08 -4.38537e-08 0 0 0
-3.35326e-08 -1.62032e-08 -9.81253e-10 0 0 0
-0.062885 -0.0828587 -0.306913 -0.076 -0.067 -0.305
1.40638e-08 2.2683e-08 3.78647e-08 0 0 0
-5.13333e-08 -3.63121e-08 -2.29606e-08 0 0 0
-0.0996691 -0.136824 -0.219706 -0.093 -0.126 -0.213
-4.87187e-08 -2.43426e-10 -5.30672e-08 0 0 0
7.4462e-09 -8.88924e-09 -6.31211e-09 0 0 0
-0.129586 0.115407 -0.108003 -0.158 0.11 -0.112
4.77396e-08 -2.02508e-08 1.61569e-08 0 0 0
1.58211e-09 2.5848e-08 -3.80275e-08 0 0 0
-0.0209765 0.0527307 0.272711 -0.026 0.051 0.277
7.26169e-09 -9.15257e-09 6.78731e-08 0 0 0
4.21108e-09 -5.55199e-08 2.56977e-08 0 0 0
0.117083 0.211197 0.157267 0.125 0.208 0.161
9.60809e-09 -1.80888e-08 -1.7756e-08 0 0 0
-4.08704e-08 1.67284e-08 5.15331e-08 0 0 0
-0.18389 0.0516398 -0.156915 -0.186 0.059 -0.163
-6.25986e-09 -4.81839e-09 -3.30245e-08 0 0 0
-5.21274e-08 -6.98147e-08 -1.08374e-08 0 0 0
-0.124329 -0.107494 0.276918 -0.108 -0.092 0.274
-4.09525e-08 -1.90454e-08 2.73136e-09 0 0 0
4.14727e-08 -1.06095e-08 -4.53005e-08 0 0 0
-0.110817 -0.0129863 -0.14744 -0.116 -0.019 -0.159
1.62879e-08 1.55098e-08 -1.87492e-08 0 0 0
5.62971e-09 -1.92437e-08 -8.73839e-09 0 0 0
0.217503 0.122999 0.197761 0.214 0.132 0.195
-1.95178e-08 3.92173e-09 -1.60426e-08 0 0 0
1.11645e-08 -3.09135e-08 3.48018e-08 0 0 0
0.264118 0.182835 -0.0742343 0.257 0.177 -0.067
-1.09616e-08 -1.82085e-08 -2.85471e-10 0 0 0
-3.44128e-08 3.16885e-09 -3.37724e-08 0 0 0
0.0393739 -0.0868043 -0.0281813 0.046 -0.1 -0.042
-8.23842e-10 -3.83322e-08 1.40459e-08 0 0 0
2.42888e-08 -4.13414e-08 -6.65486e-08 0 0 0
0.216367 -0.0978439 -0.136055 0.211 -0.094 -0.125
2.32654e-08 -3.20898e-08 -6.87675e-08 0 0 0
1.38888e-08 -2.50658e-08 -4.74105e-10 0 0 0
0.0012381 -0.223246 0.253399 -0.01 -0.223 0.238
2.58058e-08 -1.3084e-08 3.81594e-09 0 0 0
-1.85721e-08 2.01782e-08 1.39566e-08 0 0 0
0.056512 0.317144 -0.0790642 0.05 0.31 -0.084
-1.98569e-08 7.0396e-09 -7.9947e-09 0 0 0
-3.51244e-09 -1.11598e-08 -9.49404e-09 0 0 0
0.0949975 0.191502 0.0746245 0.091 0.2 0.085
-8.52845e-09 2.01205e-08 -5.27598e-08 0 0 0
1.62061e-08 1.36442e-08 3.15088e-08 0 0 0
0.220307 0.119369 -0.0114442 0.222 0.114 0.001
3.59314e-08 -6.09002e-08 3.03663e-08 0 0 0
2.74815e-08 1.18077e-08 8.14587e-09 0 0 0
-0.320797 -0.0896151 -0.137154 -0.32 -0.084 -0.137
3.17021e-08 1.68307e-09 -1.26393e-08 0 0 0
-1.33696e-08 5.36812e-09 1.30779e-08 0 0 0
0.160025 0.216717 -0.0279543 0.154 0.215 -0.039
-1.37656e-08 1.49734e-08 2.68781e-08 0 0 0
2.50559e-08 2.03587e-08 -3.67225e-08 0 0 0
0.137721 0.16534 0.25958 0.146 0.163 0.246
-4.55541e-08 9.37226e-09 1.01589e-08 0 0 0
-1.74505e-08 4.33431e-10 2.10803e-08 0 0 0
0.280967 -0.10094 0.0238485 0.274 -0.093 0.037
3.94454e-08 -3.69149e-08 -5.09167e-08 0 0 0
5.22737e-09 -1.09398e-08 6.69164e-08 0 0 0
0.181875 0.0585074 -0.107659 0.18 0.049 -0.108
-8.03577e-09 2.36414e-08 1.49028e-08 0 0 0
-1.17452e-08 -1.79098e-08 1.82802e-08 0 0 0
-0.231818 0.239479 0.0223335 -0.229 0.235 0.012
-2.85821e-08 -3.31242e-08 2.93469e-08 0 0 0
-1.22624e-08 -3.26846e-08 5.59881e-08 0 0 0
-0.0750229 0.0231639 0.19565 -0.065 0.031 0.208
-3.52938e-08 4.36993e-09 7.7512e-09 0 0 0
5.36151e-08 -3.49299e-08 -3.38172e-09 0 0 0
-0.149259 0.224567 -0.0389883 -0.139 0.217 -0.038
-7.89107e-09 8.39707e-10 -2.6987e-09 0 0 0
-3.75965e-08 4.07623e-08 2.1896e-08 0 0 0
0.160239 0.111022 0.207339 0.149 0.108 0.205
3.4001e-09 1.64673e-08 1.79242e-08 0 0 0
1.38924e-09 -1.90048e-08 1.94684e-08 0 0 0
0.118368 0.207974 0.0672437 0.118 0.214 0.067
4.9564e-08 2.69451e-08 -1.10906e-09 0 0 0
5.06046e-08 -6.19443e-09 4.82577e-08 0 0 0
0.212249 -0.233356 0.129749 0.21 -0.249 0.132
1.4531e-08 1.46432e-08 -7.74916e-10 0 0 0
-2.33844e-08 4.4664e-08 2.49986e-08 0 0 0
-0.0208546 0.086635 -0.324435 -0.019 0.086 -0.312
5.03378e-08 2.05908e-08 4.70729e-08 0 0 0
-8.27795e-09 -2.60089e-08 1.359e-08 0 0 0
0.323367 -0.0343225 -0.161935 0.361 0.004 -0.218
1.00537e-09 9.90835e-09 -6.76258e-09 0 0 0
1.62019e-08 2.89102e-08 3.2304e-08 0 0 0
0.156077 -0.0866119 -0.0214001 0.152 -0.083 -0.039
-5.3827e-08 1.7623e-08 -1.83194e-08 0 0 0
4.51563e-08 -1.66094e-08 -2.39951e-08 0 0 0
0.0670039 0.261988 -0.106218 0.058 0.253 -0.107
-4.85548e-09 2.74248e-08 2.34073e-08 0 0 0
3.70918e-08 -4.01825e-08 -2.7188e-08 0 0 0
-0.00969702 0.236548 0.0592491 -0.02 0.243 0.065
1.90022e-08 3.36613e-08 7.77339e-09 0 0 0
-2.27e-08 -5.73635e-09 -6.43794e-08 0 0 0
-0.180484 0.181142 -0.09446 -0.187 0.18 -0.097
2.51286e-09 3.16151e-08 -1.39997e-08 0 0 0
1.74471e-08 3.68348e-08 -2.59278e-08 0 0 0
-0.0133917 0.160437 -0.104551 -0.008 0.165 -0.106
-2.1057e-08 8.48856e-09 -4.20763e-08 0 0 0
-3.49101e-08 4.96735e-08 6.16714e-08 0 0 0
0.154352 0.0760273 -0.176958 0.153 0.079 -0.171
2.67112e-08 -1.74715e-08 1.5364e-08 0 0 0
2.19176e-08 4.4659e-08 5.69774e-08 0 0 0
0.0802567 -0.106119 -0.287409 0.078 -0.101 -0.289
-7.0682e-09 4.17699e-08 3.46359e-08 0 0 0
2.37577e-08 -4.43721e-09 4.31555e-10 0 0 0
-0.231023 0.0812996 0.0261465 -0.238 0.092 0.033
-1.62638e-08 4.25202e-08 3.94557e-09 0 0 0
1.95361e-09 -8.11018e-09 2.35792e-08 0 0 0
0.243211 -0.0220177 0.162516 0.248 -0.01 0.149
-3.62564e-08 7.02922e-09 2.83235e-08 0 0 0
-9.65917e-09 -3.3438e-10 -4.55973e-08 0 0 0
0.229975 0.0714263 -0.0967877 0.223 0.065 -0.098
-1.05081e-08 9.81979e-09 -1.02984e-10 0 0 0
1.59924e-08 2.27214e-08 -2.95061e-08 0 0 0
0.200788 0.0612249 -0.206703 0.19 0.041 -0.22
5.59666e-09 -3.71463e-08 -4.31657e-09 0 0 0
3.37549e-09 -4.12825e-09 1.83939e-08 0 0 0
0.258888 -0.0482542 0.119608 0.254 -0.054 0.114
2.31494e-08 8.84485e-09 -3.40087e-08 0 0 0
3.431e-08 -4.09121e-08 1.09754e-09 0 0 0
-0.115365 0.206516 0.0439097 -0.114 0.204 0.046
3.16158e-08 -1.74597e-08 -1.20257e-08 0 0 0
1.0146e-08 8.08574e-11 5.14507e-09 0 0 0
-0.0708238 -0.00582724 0.273839 -0.072 -0.001 0.269
-5.00288e-08 -4.00244e-08 1.51602e-08 0 0 0
1.15668e-08 2.25614e-08 -1.9074e-08 0 0 0
0.0834172 0.190472 -0.156915 0.079 0.188 -0.157
-9.42331e-09 -3.20432e-09 -6.53962e-08 0 0 0
-2.12408e-08 -1.37383e-08 8.05486e-10 0 0 0
0.220884 -0.240515 -0.0630763 0.21 -0.241 -0.069
-1.76283e-08 -4.17156e-09 3.1663e-08 0 0 0
5.51459e-08 -1.36735e-08 -1.41389e-08 0 0 0
0.0443342 0.15016 0.359691 0.042 0.154 0.355
-4.94087e-08 3.00403e-09 1.04876e-08 0 0 0
2.53964e-08 -3.91416e-08 -1.14531e-08 0 0 0
-0.111451 0.0870204 0.324157 -0.095 0.102 0.317
6.22597e-09 -4.76953e-09 2.54657e-09 0 0 0
2.63386e-08 2.09741e-08 -1.08822e-08 0 0 0
-0.066684 0.0693957 -0.380841 -0.063 0.083 -0.371
-3.79015e-08 3.38509e-08 -6.22686e-08 0 0 0
5.13204e-08 5.52137e-08 -3.87619e-08 0 0 0
0.0286818 0.00574868 0.300352 0.016 -0.002 0.291
-2.59666e-09 -2.73978e-09 -1.91521e-09 0 0 0
1.78486e-08 -1.33986e-08 4.4596e-08 0 0 0
-0.25228 0.191119 0.142309 -0.254 0.187 0.141
-2.79387e-08 -1.08311e-08 2.87928e-09 0 0 0
-1.26685e-08 -1.07844e-08 3.90771e-08 0 0 0
-0.0526688 0.267186 -0.0429114 -0.054 0.273 -0.042
-1.41074e-08 -6.49887e-10 -3.39327e-08 0 0 0
-2.73246e-08 2.17753e-09 1.6911e-08 0 0 0
-0.115552 0.162671 -0.103297 -0.117 0.163 -0.109
1.0115e-08 4.97884e-08 1.69282e-08 0 0 0
-2.20389e-08 -3.01909e-08 -3.9174e-09 0 0 0
-0.0919759 0.289067 0.0679868 -0.09 0.303 0.077
-1.84943e-08 -4.21063e-08 1.93123e-08 0 0 0
2.82082e-08 -8.66143e-09 -6.40146e-09 0 0 0
0.00959637 -0.0298533 0.193509 -0.001 -0.025 0.204
-4.66859e-08 1.28242e-09 -3.33636e-10 0 0 0
2.01984e-08 3.59154e-08 1.81996e-08 0 0 0
0.100676 0.244912 -0.142246 0.104 0.233 -0.143
-5.15199e-08 3.42063e-08 6.88604e-09 0 0 0
3.05485e-08 5.67422e-08 1.78225e-08 0 0 0
-0.123839 -0.203743 0.1639 -0.111 -0.208 0.15
-1.84477e-08 1.09708e-08 8.11968e-09 0 0 0
-4.11725e-08 -1.34743e-08 -6.37781e-08 0 0 0
0.0236248 0.222241 -0.119697 0.025 0.217 -0.125
-4.02629e-08 1.07248e-09 -3.95429e-08 0 0 0
5.29282e-09 -4.10001e-09 2.66352e-08 0 0 0
0.270773 0.0248032 -0.125316 0.262 0.026 -0.123
-8.83895e-09 1.07421e-08 4.3962e-08 0 0 0
3.60445e-08 -1.80469e-08 -3.25421e-08 0 0 0
-0.240751 0.022852 0.0873832 -0.26 0.022 0.083
1.45602e-08 -2.1187e-08 1.86791e-08 0 0 0
-5.22221e-09 -1.51712e-08 -4.10722e-08 0 0 0
0.250905 0.0115321 -0.222396 0.254 0.018 -0.221
1.2088e-08 1.36607e-08 1.44411e-08 0 0 0
-1.26994e-08 2.31783e-08 -8.12237e-08 0 0 0
0.0647897 0.229432 0.0964226 0.075 0.248 0.087
1.92897e-08 3.30148e-08 1.23295e-08 0 0 0
6.25392e-08 1.74768e-08 -3.07508e-09 0 0 0
0.162333 0.193327 -0.0831749 0.156 0.205 -0.08
-6.70459e-08 4.92483e-08 2.34587e-08 0 0 0
2.28708e-09 -5.67241e-08 1.85208e-08 0 0 0
-0.298091 0.0136856 0.0102878 -0.287 0.016 0.009
-3.39573e-08 -4.09967e-08 2.7562e-09 0 0 0
-7.07855e-08 -2.76025e-08 3.94544e-08 0 0 0
0.211936 -0.0811825 0.253361 0.217 -0.079 0.242
-3.82106e-08 4.30774e-08 4.68222e-08 0 0 0
4.05752e-08 5.60617e-08 -1.28899e-08 0 0 0
-0.100338 -0.00473865 -0.230576 -0.099 -0.036 -0.231
-5.71917e-09 -3.9103e-08 -7.95516e-08 0 0 0
-4.01903e-08 -9.22199e-09 1.04933e-08 0 0 0
-0.0104025 -0.289836 -0.0691206 -0.001 -0.301 -0.062
-2.03386e-08 1.87755e-08 -1.43912e-08 0 0 0
7.36899e-08 -4.37457e-08 -1.34878e-08 0 0 0
-0.225557 0.188331 -0.0940488 -0.212 0.186 -0.093
-2.50297e-08 4.08399e-08 1.21687e-08 0 0 0
2.05221e-08 3.87372e-09 -6.27954e-08 0 0 0
0.00892019 0.307355 0.0627035 0.001 0.295 0.049
-3.74883e-09 -1.06491e-08 5.71934e-09 0 0 0
8.52104e-09 2.55575e-09 6.95794e-08 0 0 0
0.0392558 0.131381 -0.0228912 0.047 0.139 -0.023
5.31161e-08 3.96618e-10 3.78069e-08 0 0 0
-2.09273e-08 7.48283e-08 7.56251e-09 0 0 0
-0.0840719 -0.0724371 -0.244818 -0.079 -0.085 -0.237
7.35119e-09 3.30607e-08 -1.94949e-08 0 0 0
3.74224e-08 -7.3675e-09 1.86683e-08 0 0 0
-0.00196244 -0.0987099 0.263555 -0.022 -0.101 0.262
-1.48767e-08 2.83832e-08 1.3045e-08 0 0 0
8.16564e-09 -3.67123e-08 -2.17168e-08 0 0 0
-0.187611 0.22982 -0.15414 -0.191 0.22 -0.154
-1.58337e-08 -2.61081e-08 -3.64295e-08 0 0 0
-2.35499e-08 3.49707e-08 1.80907e-08 0 0 0
-0.0246053 -0.0305583 0.345958 -0.022 -0.035 0.352
-4.80961e-09 -2.29703e-08 1.59661e-08 0 0 0
-1.62766e-08 1.51713e-08 -2.83296e-08 0 0 0
0.146615 -0.265233 -0.0914412 0.138 -0.263 -0.091
-2.40539e-08 -2.99643e-08 8.97139e-09 0 0 0
-1.07899e-08 -2.53574e-08 -1.12011e-08 0 0 0
0.0881439 -0.23196 -0.107142 0.085 -0.229 -0.097
3.06142e-08 -1.99931e-08 2.12009e-08 0 0 0
4.98178e-08 2.48795e-08 -4.67118e-08 0 0 0
0.168175 -0.188578 0.0647949 0.186 -0.186 0.071
-1.7959e-08 -1.80941e-08 3.43329e-09 0 0 0
5.59017e-08 2.72013e-08 -5.824e-08 0 0 0
0.245318 -0.0697021 0.225124 0.256 -0.077 0.225
-4.57644e-08 8.614e-08 -3.00846e-08 0 0 0
4.61212e-09 -2.74987e-08 6.82814e-08 0 0 0
0.310888 0.0658036 -0.119374 0.298 0.065 -0.108
-5.70716e-10 -4.30306e-08 -1.07634e-08 0 0 0
-5.51559e-09 3.7386e-08 -4.75955e-08 0 0 0
0.262533 0.122905 -0.078669 0.258 0.123 -0.081
-2.80398e-08 3.02254e-08 -8.5418e-09 0 0 0
4.00306e-08 5.61777e-09 -7.99871e-08 0 0 0
0.293265 0.0854029 0.0355612 0.304 0.071 0.035
-5.3885e-10 -2.63917e-08 4.11198e-08 0 0 0
-4.05125e-09 -5.11668e-09 -1.70173e-08 0 0 0
-0.0706018 0.278557 0.0184419 -0.068 0.299 0.027
-1.92207e-08 1.69477e-09 -1.08852e-08 0 0 0
6.98443e-08 -7.21383e-08 -7.8171e-09 0 0 0
-0.139724 0.168298 -0.186601 -0.124 0.155 -0.178
-2.26229e-08 -1.34189e-08 -2.67133e-09 0 0 0
-1.31438e-08 9.99765e-09 5.1918e-09 0 0 0
0.107032 0.258875 0.147812 0.114 0.249 0.155
-3.73139e-08 -3.00247e-08 -3.52182e-08 0 0 0
6.01009e-09 -1.32606e-08 -4.69677e-08 0 0 0
0.185784 -0.184908 0.0338409 0.187 -0.174 0.023
1.18404e-08 -2.24284e-08 4.74259e-08 0 0 0
1.03148e-08 1.05068e-08 -4.86128e-09 0 0 0
0.0491428 0.0853858 -0.309782 0.057 0.086 -0.299
-1.97837e-09 -2.16709e-08 -5.2536e-08 0 0 0
2.27102e-08 -2.45219e-08 -1.39524e-08 0 0 0
-0.22999 0.311092 -0.0423787 -0.233 0.309 -0.043
2.86812e-08 1.286e-08 -4.01632e-08 0 0 0
-3.49116e-08 -1.88624e-08 1.11153e-09 0 0 0
0.239151 0.212921 0.188129 0.249 0.199 0.176
3.3195e-08 -5.78495e-08 -1.59501e-08 0 0 0
-6.07801e-08 7.93279e-08 2.30911e-08 0 0 0
-0.128314 0.263347 -0.100904 -0.123 0.267 -0.095
-6.36642e-09 -4.03067e-08 8.88527e-09 0 0 0
9.16915e-09 -2.31066e-08 3.78805e-08 0 0 0
-0.220967 0.292513 0.199398 -0.213 0.291 0.176
-3.40602e-08 1.85328e-08 9.74098e-09 0 0 0
5.39931e-08 3.96628e-08 -2.7686e-08 0 0 0
0.295545 -0.0286708 0.2043 0.32 -0.033 0.201
5.96171e-09 1.59918e-08 -2.20211e-08 0 0 0
2.10806e-08 -2.44949e-09 -2.07761e-09 0 0 0
0.277768 -0.0934109 -0.0682211 0.279 -0.095 -0.08
2.71283e-08 1.39495e-08 3.50657e-08 0 0 0
6.94828e-09 -2.49509e-08 -2.02089e-08 0 0 0
0.184318 0.00440855 -0.103943 0.181 0.011 -0.12
1.99063e-08 -8.45406e-08 1.33412e-08 0 0 0
1.71197e-08 8.17667e-08 -4.36731e-08 0 0 0
0.177196 0.0133503 -0.259409 0.184 0.01 -0.25
5.77848e-09 9.98495e-09 2.02703e-08 0 0 0
1.14645e-08 -4.14047e-08 -8.57548e-09 0 0 0
0.329263 -0.0911082 0.103713 0.326 -0.082 0.106
-3.28236e-08 -2.56424e-08 6.66949e-09 0 0 0
4.30706e-08 -4.25188e-08 -9.72095e-12 0 0 0
0.0441717 0.34189 -0.0841703 0.036 0.344 -0.081
8.18519e-09 3.76428e-08 1.69897e-08 0 0 0
-5.78521e-10 -3.12187e-09 -1.26954e-08 0 0 0
0.0683862 0.325489 -0.0468388 0.067 0.316 -0.039
1.9083e-08 1.97869e-08 -4.34335e-08 0 0 0
3.93964e-08 -1.78032e-08 5.40803e-08 0 0 0
-0.106252 0.114029 -0.152015 -0.109 0.104 -0.163
1.26411e-09 -4.06452e-10 -8.13271e-08 0 0 0
-3.21414e-08 -1.96532e-08 2.84354e-08 0 0 0
0.000977747 -0.181253 -0.0177476 0.016 -0.18 -0.022
2.48562e-08 1.98992e-08 3.67054e-08 0 0 0
4.71936e-08 6.2376e-08 -6.58835e-09 0 0 0
-0.0084965 -0.0269617 -0.334361 -0.026 -0.033 -0.335
2.36063e-08 -3.07374e-08 -3.63406e-08 0 0 0
-7.07798e-09 2.69385e-08 -1.6372e-08 0 0 0
-0.0653448 0.220251 -0.224039 -0.077 0.21 -0.213
-1.45034e-08 -2.58035e-08 7.83376e-09 0 0 0
1.05162e-08 2.39255e-08 5.69862e-09 0 0 0
-0.230279 -0.173427 -0.103036 -0.213 -0.182 -0.099
-1.9634e-08 -2.32072e-08 3.79486e-08 0 0 0
-1.67041e-08 4.54624e-08 -3.98339e-09 0 0 0
-0.139031 0.143348 0.193809 -0.15 0.143 0.186
4.11654e-08 4.78127e-08 4.62782e-08 0 0 0
-4.45025e-08 -1.05605e-08 1.17291e-08 0 0 0
0.316573 0.112441 -0.184756 0.322 0.119 -0.192
-9.06786e-09 -2.10489e-08 -7.33394e-09 0 0 0
-3.72357e-08 -2.20355e-08 1.03465e-08 0 0 0
0.127344 -0.190936 -0.100322 0.134 -0.21 -0.102
1.97171e-08 8.69847e-08 3.91032e-09 0 0 0
-2.14927e-08 2.51452e-08 5.01041e-08 0 0 0
0.233304 -0.0605795 0.222506 0.23 -0.06 0.214
-4.03247e-09 6.17078e-09 -1.03156e-08 0 0 0
2.03463e-08 -3.77511e-08 -2.6396e-08 0 0 0
0.220999 0.288701 0.0123932 0.218 0.279 0.011
1.16958e-08 -1.79798e-08 -3.16138e-08 0 0 0
-1.6499e-08 5.86786e-08 8.52378e-09 0 0 0
-0.140975 -0.19258 0.121819 -0.141 -0.197 0.121
-7.36928e-08 5.00727e-08 -3.75136e-08 0 0 0
-2.29895e-08 -9.17005e-09 8.89844e-09 0 0 0
0.204758 0.159483 -0.0718006 0.207 0.161 -0.075
4.46459e-08 -6.18918e-09 -1.07899e-08 0 0 0
-2.7361e-08 2.3745e-08 2.61616e-08 0 0 0
0.0540416 -0.273219 -0.153138 0.054 -0.268 -0.152
6.76307e-09 1.54094e-08 3.6128e-08 0 0 0
1.2159e-08 -2.21751e-08 -1.70315e-08 0 0 0
0.125721 0.0406615 0.149862 0.122 0.031 0.155
-5.38744e-08 -2.35433e-08 7.98903e-10 0 0 0
1.36756e-08 8.36437e-09 5.48532e-08 0 0 0
0.22961 0.187459 -0.0970487 0.234 0.194 -0.089
5.22765e-09 7.04928e-08 2.18716e-08 0 0 0
2.05928e-08 -1.79049e-08 2.53561e-08 0 0 0
-0.221963 0.204538 -0.0116863 -0.208 0.204 0.021
4.27622e-08 1.35598e-09 -9.12294e-10 0 0 0
3.66728e-09 -1.24676e-08 -3.86154e-09 0 0 0
0.289133 -0.0530151 0.155103 0.285 -0.058 0.149
-1.3947e-08 -9.47061e-09 -6.67429e-09 0 0 0
-1.02136e-08 5.7292e-08 4.29497e-09 0 0 0
-0.115492 0.151255 0.0671154 -0.111 0.156 0.065
-4.32998e-08 2.74639e-08 8.75933e-09 0 0 0
-1.03243e-08 -2.89514e-08 6.80242e-09 0 0 0
-0.193525 0.107451 0.139966 -0.195 0.106 0.132
8.09582e-09 2.77978e-08 -4.56139e-08 0 0 0
-3.72193e-08 -4.39119e-08 1.33554e-09 0 0 0
-0.202039 0.303209 -0.0841705 -0.205 0.296 -0.093
3.98554e-09 1.44509e-08 2.01332e-08 0 0 0
-4.7403e-09 -3.76655e-09 2.65362e-08 0 0 0
-0.00654464 0.331116 -0.0180621 0.001 0.325 -0.016
3.39839e-08 2.75346e-08 -1.77082e-08 0 0 0
-1.55414e-08 -2.37817e-08 -4.55045e-08 0 0 0
-0.0635325 -0.315835 0.0667183 -0.067 -0.323 0.063
-4.1016e-08 -1.76496e-09 -2.08933e-08 0 0 0
3.58874e-08 -1.60966e-09 4.53691e-08 0 0 0
0.130309 0.22354 -0.0467157 0.129 0.244 -0.062
-6.19187e-08 -7.62422e-09 2.06067e-08 0 0 0
5.72899e-09 4.72945e-08 -3.37488e-08 0 0 0
-0.254279 -0.271508 0.180583 -0.246 -0.265 0.176
-7.80307e-09 -1.59607e-08 -5.96875e-08 0 0 0
-5.9988e-08 3.06139e-08 5.60917e-08 0 0 0
0.0315607 0.127516 -0.160285 0.039 0.134 -0.156
8.12309e-09 1.08278e-08 5.94936e-10 0 0 0
1.06912e-08 1.55332e-08 -2.36231e-08 0 0 0
0.224638 -0.14724 -0.0803759 0.221 -0.153 -0.084
-4.16776e-08 3.0439e-08 -2.71658e-08 0 0 0
1.14809e-08 2.97248e-08 -3.32002e-08 0 0 0
-0.163924 -0.244012 0.109403 -0.165 -0.24 0.107
-2.4662e-08 2.84262e-08 1.83582e-09 0 0 0
1.69512e-09 -5.43158e-08 -2.03194e-08 0 0 0
0.310544 0.11349 -0.081746 0.291 0.108 -0.086
-2.07951e-09 2.92339e-08 6.47997e-09 0 0 0
-4.29848e-09 2.16069e-08 -2.7318e-08 0 0 0
0.128029 0.183583 0.0322734 0.136 0.194 0.043
1.38758e-08 -7.85747e-09 5.09761e-08 0 0 0
-3.61514e-08 4.13527e-08 -2.96766e-08 0 0 0
0.167495 0.0753264 0.149734 0.17 0.076 0.155
-3.10401e-08 -3.98224e-08 3.98127e-08 0 0 0
3.83993e-08 2.15465e-08 -1.84944e-08 0 0 0
-0.129013 0.236204 -0.142053 -0.133 0.223 -0.121
1.11201e-08 -2.32417e-08 -1.34427e-08 0 0 0
-1.2221e-08 7.70452e-08 -1.12285e-08 0 0 0
0.214869 -0.00396945 0.243129 0.211 0.005 0.234
-1.00575e-08 -4.04809e-09 2.20604e-08 0 0 0
2.54792e-08 1.59247e-08 -1.71665e-08 0 0 0
0.0301758 -0.326983 -0.0223836 0.033 -0.331 -0.012
-1.13676e-08 1.39734e-08 4.73135e-08 0 0 0
7.75014e-09 2.78536e-08 -2.21941e-08 0 0 0
-0.254078 -0.18757 0.083394 -0.248 -0.184 0.084
-9.08283e-09 -3.14187e-08 2.96634e-08 0 0 0
-8.27769e-09 -7.07237e-08 -1.53409e-08 0 0 0
-0.125185 0.0961174 -0.0947115 -0.127 0.111 -0.076
-3.90176e-08 8.69768e-09 -2.29303e-08 0 0 0
4.77911e-09 1.57712e-08 -7.84125e-08 0 0 0
-0.0039434 0.322248 -0.109236 -0.007 0.322 -0.104
9.7276e-09 4.24028e-09 1.31189e-08 0 0 0
-1.04363e-08 -2.94058e-08 -4.14927e-08 0 0 0
0.0792072 0.158939 0.136193 0.063 0.166 0.14
-1.96681e-08 -3.33827e-10 7.02469e-09 0 0 0
-2.66491e-08 6.34742e-08 -1.25304e-08 0 0 0
-0.216368 -0.0207951 -0.281589 -0.217 -0.016 -0.274
-1.41808e-08 3.85806e-08 -2.45845e-08 0 0 0
1.70173e-08 1.82067e-08 -2.87798e-08 0 0 0
0.0349324 -0.187317 0.194566 0.025 -0.194 0.188
-4.02385e-08 -5.70881e-09 5.92168e-09 0 0 0
2.62122e-08 -4.51637e-08 2.16152e-08 0 0 0
-0.162483 0.221315 -0.229818 -0.163 0.229 -0.225
-1.43035e-08 -1.98747e-08 -3.89695e-09 0 0 0
1.15532e-08 -9.3282e-10 3.16936e-08 0 0 0
0.00713194 0.195528 0.215058 0.011 0.204 0.227
-2.2222e-08 -1.15594e-08 5.99478e-09 0 0 0
4.38318e-08 4.72398e-08 -3.00337e-08 0 0 0
0.122422 0.0623539 -0.0703138 0.133 0.061 -0.06
4.0225e-08 3.43736e-08 -5.23803e-08 0 0 0
2.0274e-08 5.98679e-09 7.49992e-08 0 0 0
0.113046 0.0408279 -0.166688 0.121 0.052 -0.167
1.9839e-08 5.33656e-08 -4.34412e-08 0 0 0
7.50535e-09 -1.96899e-08 2.44429e-08 0 0 0
0.152515 -0.234837 0.329175 0.164 -0.23 0.339
1.04842e-08 3.60581e-08 2.60651e-08 0 0 0
-8.17311e-10 -4.72251e-08 2.2399e-09 0 0 0
-0.0190147 -0.185878 0.182989 -0.017 -0.192 0.194
-2.28323e-08 -4.95786e-08 -1.54372e-08 0 0 0
3.04384e-08 9.98581e-09 3.39208e-08 0 0 0
0.119242 0.141784 0.030062 0.117 0.136 0.046
-8.39102e-09 1.31818e-08 -2.27531e-08 0 0 0
4.02398e-08 3.81053e-08 3.08004e-08 0 0 0
0.149065 0.142221 -0.0378874 0.154 0.157 -0.054
-7.88099e-09 3.17112e-08 -1.98313e-08 0 0 0
-2.05801e-08 -1.59877e-08 4.32542e-10 0 0 0
0.172856 -0.152669 0.0619192 0.173 -0.15 0.075
1.90691e-08 1.99987e-09 1.31424e-08 0 0 0
4.16954e-09 -1.60667e-08 -4.76362e-08 0 0 0
0.191143 0.230596 -0.0141637 0.189 0.228 -0.017
-4.84738e-09 2.50461e-08 2.16434e-08 0 0 0
3.36603e-08 1.65973e-08 -1.77706e-09 0 0 0
0.0429564 0.355019 -0.0231279 0.051 0.36 -0.028
2.37099e-08 -3.33929e-08 7.54329e-09 0 0 0
-2.70285e-08 2.82859e-08 3.54213e-08 0 0 0
0.346106 0.0140357 0.175525 0.35 0.019 0.175
-8.04378e-09 4.69181e-08 -2.36601e-08 0 0 0
-2.41673e-08 1.43973e-08 6.97639e-09 0 0 0
0.0911398 -0.0988312 0.283685 0.08 -0.102 0.27
-2.82203e-08 -8.73031e-09 6.85243e-09 0 0 0
3.15361e-08 1.90071e-08 -7.58128e-09 0 0 0
0.240031 0.145089 -0.256764 0.247 0.137 -0.264
5.98997e-09 1.93806e-09 1.41831e-08 0 0 0
1.5062e-08 1.29669e-08 -3.37766e-08 0 0 0
-0.316394 0.0446316 -0.115372 -0.321 0.043 -0.115
9.54757e-09 -2.02043e-08 -3.77959e-08 0 0 0
3.799e-08 1.3949e-08 1.92508e-08 0 0 0
-0.116263 -0.124907 0.187705 -0.111 -0.128 0.196
3.45791e-08 -2.94045e-08 -2.15569e-08 0 0 0
-6.57441e-08 -6.01523e-09 -1.03746e-08 0 0 0
-0.0782901 0.198217 -0.0957799 -0.094 0.206 -0.098
-2.737e-08 -4.56245e-09 3.94738e-08 0 0 0
-1.65867e-08 -9.18161e-09 -1.7207e-08 0 0 0
0.165856 0.128292 0.127629 0.16 0.124 0.147
-2.54245e-08 -2.48888e-08 -8.19152e-08 0 0 0
3.98242e-10 -2.78107e-08 -9.18164e-09 0 0 0
0.247841 0.0733099 0.227103 0.249 0.07 0.232
-3.30108e-08 1.2493e-08 3.27861e-08 0 0 0
1.974e-08 6.89375e-09 -1.6195e-08 0 0 0
0.188998 -0.0645704 -0.0575567 0.198 -0.068 -0.053
3.21969e-08 6.4605e-08 1.56563e-08 0 0 0
3.13218e-09 1.05304e-08 -3.65822e-09 0 0 0
0.279181 -0.0634733 -0.205224 0.276 -0.049 -0.197
6.89415e-09 2.99582e-08 -8.54685e-09 0 0 0
-1.18796e-08 -5.56383e-08 8.63875e-09 0 0 0
0.0453335 -0.177695 -0.193992 0.045 -0.181 -0.203
2.41789e-08 -3.16787e-08 2.45741e-08 0 0 0
5.2284e-08 7.51668e-09 -3.23336e-08 0 0 0
0.257456 -0.135242 -0.0339107 0.249 -0.122 -0.023
-8.60514e-09 -2.92271e-09 2.54687e-08 0 0 0
-3.46538e-08 -6.24757e-08 2.21612e-08 0 0 0
0.188505 -0.169441 0.301369 0.193 -0.164 0.31
-1.35845e-09 3.77188e-08 2.69843e-08 0 0 0
3.72014e-08 -2.30975e-08 -1.76306e-08 0 0 0
0.257897 -0.090931 -0.0761217 0.266 -0.088 -0.077
-1.93501e-08 -2.31703e-08 3.77799e-08 0 0 0
2.33486e-08 -3.08086e-08 1.35256e-08 0 0 0
-0.228556 -0.154719 -0.0653516 -0.233 -0.148 -0.054
2.79882e-08 2.07635e-08 -1.29929e-08 0 0 0
-1.37552e-08 1.08633e-08 2.4133e-08 0 0 0
0.0127379 -0.162985 -0.278603 0.01 -0.157 -0.278
5.24052e-08 -6.21782e-08 -2.90299e-08 0 0 0
3.7059e-09 2.24344e-08 -4.02663e-08 0 0 0
0.18516 0.0796288 -0.189198 0.194 0.101 -0.179
3.10852e-08 2.23717e-08 -2.52848e-08 0 0 0
-5.22301e-08 -9.07692e-09 1.71727e-08 0 0 0
-0.148769 0.112249 -0.0458221 -0.159 0.169 -0.062
4.13174e-09 -4.632e-08 1.50182e-09 0 0 0
2.01402e-08 -1.01269e-08 -5.0014e-08 0 0 0
-0.33505 0.238127 0.102425 -0.326 0.246 0.1
-7.06173e-09 4.56581e-08 -5.34722e-09 0 0 0
-1.15916e-08 -1.2341e-08 1.60643e-08 0 0 0
-0.225369 0.152923 -0.0381641 -0.227 0.155 -0.035
-8.19464e-09 1.88698e-08 -3.31751e-08 0 0 0
2.25984e-08 -1.64553e-08 1.21397e-08 0 0 0
0.0707755 -0.0520885 0.274047 0.074 -0.056 0.281
-1.39605e-08 -6.14055e-08 2.71685e-08 0 0 0
7.78049e-09 1.96417e-08 3.76024e-08 0 0 0
0.222597 0.136232 0.0704843 0.228 0.131 0.076
7.42916e-09 4.30135e-09 7.58763e-08 0 0 0
9.40294e-09 4.09355e-08 -4.64522e-09 0 0 0
0.251938 0.0479273 0.13931 0.262 0.043 0.149
4.74717e-08 -3.45384e-08 1.50908e-08 0 0 0
1.01519e-08 8.02513e-09 3.71696e-08 0 0 0
-0.0593736 0.28136 0.271459 -0.065 0.277 0.275
-4.28562e-08 3.45827e-08 1.93115e-08 0 0 0
-1.1729e-08 3.56832e-08 -3.2493e-08 0 0 0
-0.229817 -0.143298 0.112673 -0.235 -0.135 0.124
-6.64203e-08 -1.22909e-08 5.82942e-08 0 0 0
-6.70063e-10 -8.25678e-10 -2.52136e-08 0 0 0
0.126619 0.257173 -0.053697 0.127 0.24 -0.062
-3.06266e-08 9.4445e-10 2.58636e-08 0 0 0
-5.81337e-10 7.42009e-09 -2.75731e-08 0 0 0
0.0035998 -0.092914 0.26008 -0.013 -0.09 0.257
6.1652e-09 5.11885e-09 4.61095e-10 0 0 0
3.58328e-08 -3.70928e-09 -4.37307e-08 0 0 0
0.291097 -0.0631929 0.299198 0.305 -0.062 0.314
-2.66728e-08 1.88896e-10 4.16202e-08 0 0 0
2.2772e-08 7.57305e-10 4.3513e-09 0 0 0
-0.0474738 0.154107 0.0771691 -0.039 0.156 0.086
4.84426e-08 -1.84795e-08 7.41026e-09 0 0 0
-1.96256e-08 5.86749e-08 4.13999e-09 0 0 0
-0.272222 0.0659582 -0.0341759 -0.288 0.065 -0.039
4.57219e-08 3.67674e-08 2.97923e-09 0 0 0
2.76729e-09 4.75412e-08 -5.51338e-08 0 0 0
-0.0657193 -0.206224 0.35759 -0.073 -0.222 0.362
-1.21125e-09 2.77914e-08 2.00362e-08 0 0 0
-1.10215e-08 -3.48806e-09 -3.35953e-08 0 0 0
-0.269005 0.191882 0.0879233 -0.269 0.209 0.09
1.60555e-09 1.65596e-08 2.92265e-08 0 0 0
4.40811e-09 2.05169e-08 3.43379e-09 0 0 0
-0.0936623 0.1758 -0.0197576 -0.09 0.177 -0.017
-8.22732e-09 2.23596e-08 -5.69335e-08 0 0 0
6.17955e-09 -9.35203e-09 7.61371e-08 0 0 0
-0.117632 -0.071589 -0.25987 -0.112 -0.067 -0.278
1.93745e-08 -1.4129e-08 -2.65467e-09 0 0 0
-1.69715e-08 -1.4052e-08 -2.07295e-08 0 0 0
-0.0915032 0.208757 0.152288 -0.086 0.22 0.168
-4.35142e-08 2.99834e-08 -3.18861e-08 0 0 0
2.744e-08 2.12451e-08 -2.27762e-08 0 0 0
0.00259519 -0.180954 0.0964817 0.005 -0.176 0.094
3.35561e-08 -1.92247e-08 2.6395e-08 0 0 0
-5.10097e-08 -5.69673e-08 4.37169e-09 0 0 0
0.0142638 0.173584 -0.0125483 0.014 0.164 -0.017
-1.39041e-08 6.40748e-08 -2.9037e-08 0 0 0
1.9149e-08 2.21299e-08 2.17498e-08 0 0 0
-0.136641 -0.114787 0.166296 -0.142 -0.123 0.171
2.20493e-09 3.85804e-08 3.32487e-08 0 0 0
-2.77617e-08 -4.35165e-08 1.32865e-09 0 0 0
0.0040901 0.245554 -0.153237 0.007 0.241 -0.139
-5.08617e-08 -4.77828e-10 -4.35074e-08 0 0 0
5.31607e-08 1.86212e-08 -2.88916e-08 0 0 0
0.142105 0.188557 0.188296 0.129 0.187 0.194
-8.54551e-09 1.50199e-08 -2.43414e-08 0 0 0
4.55172e-09 4.60441e-08 1.60189e-08 0 0 0
-0.161123 -0.00262205 0.0794352 -0.161 0 0.091
7.06221e-09 1.90943e-08 -2.46307e-08 0 0 0
1.53367e-10 -2.3743e-08 6.11084e-08 0 0 0
0.192441 0.186763 -0.217027 0.17 0.191 -0.2
-3.80308e-08 -7.96156e-09 -4.85773e-08 0 0 0
1.01505e-08 7.40693e-09 3.09025e-08 0 0 0
-0.0537865 0.19001 0.282692 -0.049 0.185 0.271
8.77364e-08 5.64541e-09 2.78952e-08 0 0 0
-4.29917e-08 4.18087e-08 -4.38569e-09 0 0 0
0.351269 0.0432374 0.0102518 0.382 0.043 0.018
7.94494e-09 8.41005e-09 -1.2943e-09 0 0 0
-2.87195e-09 2.85136e-09 -1.76847e-08 0 0 0
-0.189469 -0.0282551 -0.203073 -0.182 -0.047 -0.193
2.64124e-08 -1.93398e-08 5.86212e-08 0 0 0
2.68766e-08 -3.8658e-08 1.27719e-08 0 0 0
0.156681 -0.0770352 0.046379 0.161 -0.079 0.053
2.81021e-08 3.55977e-08 -1.75899e-08 0 0 0
-3.93328e-08 4.62216e-09 2.94669e-08 0 0 0
-0.123987 -0.209473 0.0530154 -0.147 -0.196 0.049
2.42927e-08 -3.81244e-08 -2.15841e-08 0 0 0
-1.4166e-08 -6.01312e-08 -4.77426e-08 0 0 0
0.0192393 -0.302903 0.00430731 0.009 -0.319 -0.003
-3.4442e-08 -5.84522e-08 4.52187e-09 0 0 0
6.71469e-09 1.48833e-08 7.18594e-09 0 0 0
-0.194134 0.00151256 -0.122122 -0.203 -0.004 -0.131
-3.5234e-08 6.46851e-08 2.4766e-08 0 0 0
2.10995e-08 -3.97705e-08 -4.31946e-08 0 0 0
-0.0321226 0.295028 0.0416119 -0.03 0.285 0.045
-1.88221e-08 -1.29941e-08 -4.14097e-08 0 0 0
3.44514e-08 -2.09826e-08 1.6612e-08 0 0 0
0.080521 0.213005 0.15658 0.062 0.192 0.157
1.27733e-08 1.73136e-08 7.44529e-08 0 0 0
-4.52181e-08 1.86463e-08 5.18329e-09 0 0 0
-0.164895 -0.0469506 -0.107906 -0.148 -0.035 -0.101
8.16458e-09 1.5613e-08 -5.25262e-08 0 0 0
-1.00949e-08 -5.95476e-09 -1.35262e-08 0 0 0
-0.0778805 -0.171298 0.167274 -0.066 -0.186 0.159
2.19609e-08 1.51508e-09 7.64717e-09 0 0 0
-5.63234e-08 -1.96953e-08 1.62215e-08 0 0 0
-0.113121 0.143082 -0.254884 -0.12 0.149 -0.262
-2.32757e-08 -1.64386e-08 6.10645e-09 0 0 0
-4.21332e-08 -1.21532e-08 8.92704e-09 0 0 0
0.124139 0.114314 0.13319 0.129 0.098 0.151
3.28845e-08 5.77374e-08 2.60971e-09 0 0 0
-2.99377e-08 -1.73759e-08 2.29985e-08 0 0 0
0.250931 -0.102971 0.0133474 0.241 -0.104 0.016
-1.33809e-08 -1.13511e-08 -2.86237e-08 0 0 0
7.5379e-09 -5.55605e-09 5.2268e-08 0 0 0
0.133583 -0.0354645 -0.0597235 0.135 -0.048 -0.062
5.01543e-08 3.73987e-08 -2.84061e-08 0 0 0
2.31674e-08 9.8817e-09 1.47275e-08 0 0 0
0.193375 -0.124024 0.0200564 0.207 -0.131 0.019
4.95465e-08 4.17608e-08 -1.74866e-08 0 0 0
2.55793e-08 -2.00378e-08 -3.04041e-08 0 0 0
0.335959 -0.0478565 0.0542116 0.333 -0.051 0.065
-1.22001e-08 -5.60649e-08 -2.37331e-09 0 0 0
-5.01968e-09 3.58916e-08 3.03019e-08 0 0 0
0.213051 0.0652888 -0.00956313 0.219 0.059 -0.01
-3.40623e-08 8.42134e-09 -6.1599e-08 0 0 0
6.37037e-09 2.64224e-08 5.64005e-09 0 0 0
0.13184 0.0901888 -0.139594 0.126 0.102 -0.124
5.08684e-08 -6.76533e-09 -5.63292e-08 0 0 0
-1.82999e-08 3.68126e-08 -6.90301e-10 0 0 0
0.233861 -0.226022 -0.0949292 0.23 -0.227 -0.084
2.26394e-08 4.59996e-09 5.58224e-08 0 0 0
-3.69238e-08 -1.3472e-08 -3.55512e-08 0 0 0
-0.0854525 0.30569 0.1021 -0.074 0.309 0.109
2.0639e-08 -7.97477e-09 -3.63373e-08 0 0 0
1.60359e-08 2.42298e-08 -2.06783e-08 0 0 0
-0.0830717 0.247345 -0.174492 -0.091 0.242 -0.161
-4.35734e-08 3.06582e-08 5.73745e-08 0 0 0
1.53422e-08 1.11706e-08 -2.63056e-08 0 0 0
0.077844 0.211007 0.230973 0.078 0.201 0.213
-2.10924e-08 -1.83211e-08 3.40845e-08 0 0 0
-1.24267e-08 4.99079e-08 -1.0124e-08 0 0 0
0.286183 -0.157196 0.16946 0.282 -0.15 0.169
-2.60424e-11 3.3728e-08 -7.26057e-09 0 0 0
5.23594e-09 1.34697e-08 2.76839e-08 0 0 0
0.115166 0.0321724 -0.253643 0.125 0.008 -0.24
-1.96483e-08 2.43461e-08 3.30297e-08 0 0 0
-1.38624e-08 -2.95834e-08 2.61985e-08 0 0 0
-0.158024 0.202394 0.0469834 -0.146 0.195 0.028
-4.20438e-08 -1.56617e-08 -2.37029e-08 0 0 0
2.75726e-08 -1.38136e-08 -6.15808e-08 0 0 0
0.108229 0.112016 0.297831 0.14 0.089 0.287
1.21634e-08 -3.00774e-08 -4.21939e-08 0 0 0
3.74148e-09 2.94394e-08 9.54696e-09 0 0 0
0.111809 0.198443 -0.205552 0.122 0.187 -0.198
2.30022e-08 2.06453e-08 -1.23464e-08 0 0 0
-4.07239e-08 4.23632e-08 -2.46979e-08 0 0 0
0.0969936 0.248464 0.207746 0.105 0.26 0.21
9.5739e-09 1.20279e-08 -2.1188e-09 0 0 0
-1.01455e-08 4.12186e-09 6.57541e-09 0 0 0
0.219205 0.016446 0.212764 0.216 0.027 0.202
1.06828e-08 -3.23523e-08 -1.94048e-08 0 0 0
3.18974e-08 6.55455e-09 5.6245e-08 0 0 0
0.258764 0.0622927 -0.00151683 0.252 0.056 -0.015
3.3271e-08 9.39342e-09 6.045e-09 0 0 0
-1.61029e-08 -3.84599e-08 2.64352e-09 0 0 0
0.327351 0.120955 -0.166788 0.325 0.121 -0.169
-4.20719e-09 1.79751e-08 -4.18088e-09 0 0 0
1.93252e-08 -2.32585e-09 1.65654e-08 0 0 0
0.162735 -0.256082 -0.10688 0.178 -0.278 -0.121
2.76204e-08 2.38407e-08 2.75172e-09 0 0 0
-2.02227e-09 -8.61327e-08 2.98268e-08 0 0 0
0.110145 -0.110327 -0.0510479 0.118 -0.127 -0.054
4.53304e-08 1.8066e-08 -2.52669e-08 0 0 0
3.23687e-08 -6.70705e-08 3.39948e-08 0 0 0
0.355105 -0.0732511 0.123992 0.349 -0.065 0.112
-1.8635e-08 -4.00667e-08 1.85771e-08 0 0 0
-1.44954e-08 2.81333e-09 1.28213e-09 0 0 0
0.282904 0.023267 0.053515 0.282 0.029 0.056
-6.23839e-08 -4.36494e-08 -1.00316e-08 0 0 0
8.20009e-09 2.18132e-08 6.19683e-08 0 0 0
-0.307363 -0.171962 -0.158121 -0.313 -0.166 -0.174
-7.83289e-09 2.10858e-10 1.68022e-08 0 0 0
-4.62401e-09 -2.78363e-09 1.92995e-08 0 0 0
0.260893 -0.0935794 -0.301152 0.248 -0.076 -0.311
1.1795e-08 4.11786e-08 -4.83572e-09 0 0 0
3.17226e-08 -3.33031e-08 -3.77895e-09 0 0 0
0.107664 0.0163726 -0.318472 0.109 0.01 -0.305
7.68977e-09 3.43099e-08 9.35946e-09 0 0 0
1.16691e-09 -5.12875e-08 -2.48836e-08 0 0 0
-0.225799 0.182945 -0.00855833 -0.222 0.183 -0.013
-5.25708e-08 3.66636e-08 -1.52032e-08 0 0 0
3.2714e-08 1.67415e-08 -2.01981e-08 0 0 0
-0.212699 0.205291 -0.0548198 -0.21 0.207 -0.052
2.74524e-08 2.31082e-08 -8.85568e-09 0 0 0
-7.18297e-08 4.71847e-08 -3.02265e-08 0 0 0
0.142529 0.0130722 0.0952335 0.152 0.01 0.11
-1.06197e-09 1.97307e-08 1.31717e-08 0 0 0
-3.55892e-09 1.61667e-08 -2.97638e-08 0 0 0
0.257532 -0.101134 0.0603262 0.259 -0.1 0.072
-9.48004e-11 -5.58427e-08 1.55079e-08 0 0 0
8.386e-10 -1.11463e-08 3.57121e-08 0 0 0
0.343932 0.0822456 -0.0518842 0.342 0.084 -0.05
-2.78499e-08 5.878e-09 -3.51215e-08 0 0 0
2.2762e-08 -7.46245e-09 5.41513e-09 0 0 0
0.0769494 0.0132319 0.250887 0.069 0.006 0.258
4.25566e-08 -3.87462e-08 -2.40053e-11 0 0 0
-5.65229e-09 -2.28883e-08 7.1699e-09 0 0 0
0.159441 0.205662 0.263468 0.158 0.197 0.284
-1.55085e-08 4.11219e-08 -4.64951e-09 0 0 0
-1.61717e-09 5.46953e-09 -7.59477e-09 0 0 0
-0.116816 -0.170798 0.194928 -0.117 -0.157 0.176
-3.12926e-09 -2.09586e-08 3.8868e-08 0 0 0
5.62193e-09 6.17579e-09 3.94891e-08 0 0 0
0.100396 0.102548 -0.0386133 0.09 0.103 -0.045
-1.38306e-08 -8.09242e-09 1.47639e-08 0 0 0
5.70775e-08 -1.19604e-08 -1.34382e-08 0 0 0
0.0725142 -0.260363 0.0964827 0.069 -0.268 0.1
-3.51053e-08 1.5884e-08 -3.90649e-08 0 0 0
-2.8632e-08 -2.16558e-08 5.4273e-08 0 0 0
0.0148009 0.10736 0.33426 0.037 0.127 0.348
2.1419e-08 -1.26872e-08 -1.58132e-08 0 0 0
-1.537e-08 1.40988e-08 5.78531e-08 0 0 0
0.228195 0.243314 0.0431597 0.221 0.235 0.039
1.48365e-08 2.14928e-08 -1.63092e-08 0 0 0
2.27505e-08 -6.57718e-08 -1.21376e-08 0 0 0
-0.0937362 0.132015 -0.036908 -0.102 0.111 -0.035
1.56564e-08 7.63143e-08 4.84039e-09 0 0 0
5.618e-09 -7.02998e-08 -5.01418e-08 0 0 0
-0.177537 0.0835798 -0.303514 -0.185 0.075 -0.316
4.32499e-10 -1.55323e-08 2.11932e-10 0 0 0
-2.60151e-09 1.10825e-08 2.86297e-08 0 0 0
-0.248302 0.104936 0.133235 -0.26 0.12 0.115
5.97234e-09 -3.00676e-08 1.19921e-08 0 0 0
-1.44616e-09 2.41401e-08 1.75617e-08 0 0 0
-0.0741401 0.206864 -0.285824 -0.061 0.217 -0.291
8.0497e-09 2.56718e-08 3.6978e-08 0 0 0
5.2029e-08 -3.08851e-08 1.06262e-09 0 0 0
-0.229695 0.237456 -0.0135991 -0.23 0.239 -0.012
1.02453e-08 1.06191e-09 3.37204e-08 0 0 0
2.0553e-08 -1.52462e-08 -2.06879e-08 0 0 0
-0.209678 -0.225971 -0.0298088 -0.207 -0.221 -0.029
5.29391e-09 -2.28185e-08 -1.19232e-09 0 0 0
-3.62471e-08 1.96736e-08 6.31767e-09 0 0 0
0.10576 -0.243523 0.289874 0.083 -0.231 0.296
-7.16653e-08 2.60981e-08 -1.6156e-08 0 0 0
6.57986e-08 1.03158e-08 -1.22167e-08 0 0 0
-0.209757 0.238365 0.137041 -0.222 0.233 0.124
2.42803e-09 -2.64334e-08 1.74481e-08 0 0 0
-9.94475e-09 7.62823e-09 -4.47784e-08 0 0 0
-0.109643 -0.0865115 0.155198 -0.098 -0.085 0.155
1.70152e-08 -1.62974e-08 -1.33765e-09 0 0 0
-3.01211e-08 3.76328e-08 4.30861e-08 0 0 0
-0.0167908 0.022415 -0.269722 -0.026 0.011 -0.266
-1.14048e-08 -2.17987e-08 9.56326e-09 0 0 0
-2.77196e-08 -8.7622e-09 -5.34687e-08 0 0 0
0.143911 0.284507 0.181339 0.153 0.278 0.174
2.19495e-08 3.98344e-08 -1.27393e-08 0 0 0
-4.13562e-08 -5.49645e-09 1.46852e-08 0 0 0
-0.194403 0.22708 -0.0198822 -0.178 0.231 -0.025
-4.98693e-09 -1.13449e-08 2.96961e-08 0 0 0
-4.54544e-08 -2.54605e-08 2.78907e-08 0 0 0
0.231878 0.124809 0.0976564 0.239 0.121 0.103
2.9329e-08 2.16505e-09 -1.15519e-08 0 0 0
1.73928e-08 3.22392e-08 -2.32599e-08 0 0 0
0.0723629 0.133419 0.194576 0.079 0.138 0.199
1.74985e-08 5.64055e-09 -3.78369e-09 0 0 0
-2.39011e-08 1.29663e-08 -7.14103e-10 0 0 0
0.312762 -0.176383 0.0276087 0.299 -0.19 0.042
-6.38962e-10 1.4673e-08 7.26623e-09 0 0 0
1.91508e-08 -6.69984e-09 1.01861e-08 0 0 0
-0.0182997 -0.00682469 0.220971 -0.017 -0.004 0.226
-4.12171e-08 -2.3665e-08 4.52936e-08 0 0 0
3.14964e-08 -2.47773e-08 2.50642e-08 0 0 0
0.0772358 0.110232 0.174234 0.062 0.111 0.18
2.4584e-08 -5.82582e-08 5.73953e-08 0 0 0
2.86749e-08 7.47024e-08 -3.29741e-08 0 0 0
0.0152965 -0.168755 -0.279493 0.008 -0.152 -0.269
1.10076e-08 -5.59384e-09 -1.76251e-08 0 0 0
-4.33754e-08 3.45313e-08 -1.17401e-08 0 0 0
-0.109635 -0.270232 -0.237526 -0.108 -0.265 -0.235
2.17231e-08 -1.46498e-08 -8.51736e-12 0 0 0
-3.73097e-08 -1.26086e-09 -3.05323e-08 0 0 0
-0.308622 -0.20101 -0.253433 -0.312 -0.18 -0.261
9.24225e-09 4.59336e-08 -1.32827e-08 0 0 0
-6.03822e-08 -2.41167e-08 1.71624e-08 0 0 0
0.00109011 0.122712 0.234004 0.007 0.108 0.222
-9.32793e-09 3.35158e-08 7.05977e-08 0 0 0
8.54535e-09 9.67389e-09 -1.72239e-08 0 0 0
0.0973583 0.135413 0.158682 0.105 0.139 0.163
-6.58839e-09 -2.07868e-08 -2.64579e-08 0 0 0
8.57079e-09 4.22274e-08 1.85607e-08 0 0 0
-0.300097 0.123353 0.0578337 -0.296 0.128 0.068
-7.34799e-09 -5.88636e-08 -8.86524e-09 0 0 0
-2.70109e-09 4.06665e-08 -4.57031e-08 0 0 0
-0.186489 -0.141482 0.237368 -0.183 -0.132 0.236
-1.01066e-08 -5.83051e-08 -1.22797e-08 0 0 0
5.16097e-08 -1.4859e-08 -1.98966e-08 0 0 0
-0.217745 0.0796289 -0.12845 -0.21 0.082 -0.13
1.27631e-09 1.22136e-09 -1.60561e-08 0 0 0
2.61886e-08 3.74969e-09 -2.31699e-08 0 0 0
0.303482 -0.138753 0.0612439 0.303 -0.131 0.055
-5.77418e-08 -2.57359e-08 -2.34059e-08 0 0 0
2.89846e-09 -1.50139e-08 2.73076e-08 0 0 0
0.0177581 0.167483 0.243554 -0.001 0.182 0.251
-3.19157e-08 3.17713e-08 -1.37629e-08 0 0 0
2.47178e-08 -5.05013e-09 1.90109e-08 0 0 0
0.20894 -0.182792 -0.0249002 0.205 -0.192 -0.01
1.41825e-08 -1.54971e-08 -1.78417e-08 0 0 0
3.72631e-08 2.21554e-08 3.07929e-08 0 0 0
0.190571 -0.210674 0.0116726 0.192 -0.218 0.004
1.21739e-08 1.85478e-08 1.49286e-08 0 0 0
-1.43045e-08 -5.92011e-09 -4.52074e-08 0 0 0
0.0730215 -0.190951 0.0926646 0.074 -0.186 0.096
1.82458e-08 1.98701e-09 5.39464e-08 0 0 0
-2.28208e-08 -4.40925e-08 2.58321e-08 0 0 0
0.0893698 0.234114 0.102495 0.073 0.244 0.112
5.89551e-08 3.15259e-08 -1.56808e-08 0 0 0
-3.96013e-08 4.70815e-08 -3.07834e-08 0 0 0
0.112712 0.303817 0.0192413 0.116 0.302 0
-1.58141e-08 -2.55225e-08 3.60803e-08 0 0 0
-1.15074e-08 -1.73487e-08 -2.89187e-08 0 0 0
0.178978 0.118959 -0.241177 0.19 0.116 -0.235
-1.03268e-08 4.49273e-08 2.63924e-09 0 0 0
2.25767e-08 -2.1231e-08 -9.6274e-09 0 0 0
-0.293018 0.0114107 -0.055577 -0.294 -0 -0.048
2.57981e-09 -3.46318e-08 1.57066e-08 0 0 0
3.10274e-08 4.68069e-08 -1.85034e-10 0 0 0
0.0526806 0.149271 -0.102544 0.043 0.166 -0.099
1.48067e-08 -1.90297e-08 1.89425e-08 0 0 0
-1.56706e-09 3.06508e-08 -5.72186e-09 0 0 0
0.0744729 0.112583 0.12761 0.08 0.106 0.147
-2.07251e-08 3.59741e-08 1.83375e-08 0 0 0
-1.66486e-08 3.61383e-08 5.26697e-08 0 0 0
0.196677 -0.232749 0.0152286 0.193 -0.234 0.023
2.0822e-08 4.51526e-09 3.29663e-08 0 0 0
3.76565e-08 -1.42381e-08 -3.39359e-08 0 0 0
0.0248218 0.0288317 -0.344557 0.03 0.019 -0.338
4.38241e-09 -2.78e-08 -1.6383e-08 0 0 0
8.8214e-09 3.61142e-08 -6.64746e-09 0 0 0
-0.25355 0.215266 0.035708 -0.253 0.221 0.033
9.42145e-10 3.45182e-08 2.39473e-08 0 0 0
1.33817e-08 1.13621e-08 -2.78509e-09 0 0 0
0.0289426 0.115723 0.246949 0.038 0.116 0.222
1.5525e-08 -1.69097e-08 4.23434e-09 0 0 0
-2.76134e-08 6.13191e-08 5.08122e-08 0 0 0
-0.0229707 0.175723 0.00865232 -0.022 0.19 0.002
-3.21515e-08 -1.58115e-08 4.50437e-08 0 0 0
4.50378e-08 4.58648e-08 7.1003e-09 0 0 0
-0.166954 0.10719 0.205693 -0.163 0.092 0.212
1.4225e-08 -4.21454e-08 -2.64843e-08 0 0 0
-1.098e-08 3.31966e-08 9.04491e-09 0 0 0
-0.113377 0.00670482 0.306334 -0.116 0.009 0.303
-3.50713e-08 1.06603e-08 2.05539e-09 0 0 0
-4.89203e-08 4.8684e-08 -4.88292e-08 0 0 0
0.0927506 -0.207688 0.13639 0.087 -0.225 0.134
3.41951e-08 -3.52442e-08 -1.98451e-08 0 0 0
-6.04193e-08 1.56624e-08 3.64483e-08 0 0 0
-0.115745 0.301064 -0.20992 -0.128 0.317 -0.243
6.77653e-09 1.45062e-08 -2.47268e-08 0 0 0
1.59361e-08 -4.67135e-08 -4.21028e-09 0 0 0
0.263873 -0.0348991 -0.044941 0.274 -0.037 -0.043
2.06503e-08 -3.48924e-08 -1.91425e-08 0 0 0
1.60557e-08 6.92821e-09 1.61569e-08 0 0 0
0.189591 -0.115695 -0.116018 0.184 -0.117 -0.126
1.27939e-08 1.61124e-08 -4.15373e-08 0 0 0
-6.55384e-09 -2.82056e-08 -1.80252e-08 0 0 0
0.274256 0.178674 -0.133667 0.281 0.172 -0.134
3.2738e-08 -2.33373e-08 -2.25991e-08 0 0 0
-1.28945e-08 1.48134e-08 1.84162e-08 0 0 0
-0.183463 0.187788 -0.13107 -0.181 0.189 -0.115
1.74288e-08 -1.77478e-08 5.01629e-08 0 0 0
-2.12357e-08 -1.27767e-08 -3.20827e-08 0 0 0
-0.144771 0.269296 -0.154415 -0.127 0.262 -0.15
2.65001e-08 -2.40008e-08 1.25683e-08 0 0 0
-8.499e-09 7.7538e-09 -2.63473e-09 0 0 0
-0.140448 0.263466 -0.0981796 -0.135 0.263 -0.1
-3.35049e-08 2.5724e-08 6.08636e-08 0 0 0
-6.50428e-09 -4.75118e-09 -2.32561e-08 0 0 0
0.261765 0.0362453 -0.193402 0.264 0.056 -0.195
5.96285e-08 -2.56209e-08 -4.49924e-09 0 0 0
-2.64098e-08 -4.28048e-08 -7.64222e-09 0 0 0
-0.0148314 0.0229569 -0.152481 -0.036 0.033 -0.161
1.17141e-08 -2.23632e-08 -2.80187e-08 0 0 0
-2.64264e-08 -9.48377e-09 -2.64302e-08 0 0 0
-0.188437 0.12717 0.068845 -0.178 0.129 0.079
5.27889e-08 1.61294e-08 -3.31023e-08 0 0 0
-4.80194e-08 -3.99805e-09 9.09658e-09 0 0 0
-0.14494 0.311614 0.168146 -0.142 0.315 0.165
-2.44773e-09 1.65843e-08 -3.06867e-09 0 0 0
6.18533e-09 -7.96563e-09 1.31434e-08 0 0 0
0.131909 0.195714 -0.037475 0.126 0.204 -0.034
-1.48622e-10 6.87873e-08 1.62778e-09 0 0 0
2.52241e-08 3.10467e-08 -1.69363e-08 0 0 0
0.202879 0.30514 0.0646142 0.217 0.308 0.063
2.20303e-08 4.33496e-08 -2.19371e-08 0 0 0
1.86404e-08 -1.17513e-09 7.467e-09 0 0 0
0.171672 -0.0840607 0.10757 0.182 -0.099 0.129
-1.2826e-08 -8.25077e-09 -1.80694e-08 0 0 0
5.41177e-08 5.40366e-08 2.44226e-08 0 0 0
0.0195509 0.227225 0.0185513 0.013 0.235 0.034
8.04081e-09 3.76298e-08 5.10197e-08 0 0 0
2.69446e-08 2.34131e-08 -1.05316e-09 0 0 0
-0.0850486 -0.052924 0.222649 -0.083 -0.051 0.242
-1.83031e-08 -1.61061e-08 8.08472e-09 0 0 0
-2.19133e-08 6.76231e-08 -1.70354e-08 0 0 0
0.176452 0.123533 -0.147197 0.18 0.121 -0.134
-1.27974e-08 1.01176e-08 2.98312e-08 0 0 0
4.15453e-08 -5.79681e-08 -4.65863e-08 0 0 0
0.124917 -0.278557 0.109478 0.123 -0.291 0.121
5.17991e-08 -3.80456e-08 -4.68267e-09 0 0 0
-3.61302e-08 8.18225e-09 6.35665e-09 0 0 0
0.262543 -0.0226159 0.0453415 0.251 -0.015 0.047
-4.37538e-08 -2.36196e-09 3.87273e-08 0 0 0
4.22894e-08 4.76118e-09 1.39679e-08 0 0 0
-0.13795 0.0218606 0.321258 -0.131 0.01 0.334
1.16997e-08 -1.20239e-08 -4.35042e-08 0 0 0
-3.33441e-08 8.62274e-09 3.14351e-09 0 0 0
-0.102649 0.00576715 -0.168191 -0.112 0.011 -0.189
-3.45148e-09 1.1686e-08 -2.24519e-08 0 0 0
-5.64947e-08 -1.10044e-08 -2.36493e-08 0 0 0
-0.277583 0.0478516 0.17583 -0.286 0.043 0.18
-5.3835e-09 -1.53961e-08 2.29482e-08 0 0 0
7.07367e-09 3.23758e-09 -3.73676e-08 0 0 0
-0.0297228 0.330416 0.0118714 -0.034 0.345 -0.001
2.36646e-08 -1.53283e-08 3.44249e-09 0 0 0
3.87218e-08 -2.90649e-08 2.88573e-08 0 0 0
-0.0954098 0.263181 -0.101676 -0.092 0.267 -0.09
-4.35303e-08 1.86514e-08 -4.15488e-08 0 0 0
4.85398e-09 3.06698e-09 1.8462e-08 0 0 0
-0.154263 0.295231 -0.0401022 -0.158 0.289 -0.036
2.23655e-09 -2.8438e-09 2.99654e-08 0 0 0
6.91503e-08 4.88542e-08 -4.1734e-08 0 0 0
-0.237331 -0.178466 0.019217 -0.239 -0.172 0.007
-5.64249e-08 3.89156e-08 -2.42955e-08 0 0 0
-2.98381e-08 -4.15734e-08 -3.06249e-08 0 0 0
-0.0469696 -0.143527 0.146618 -0.057 -0.154 0.155
2.56242e-08 9.82088e-09 9.23181e-09 0 0 0
-3.55193e-08 -4.9883e-09 -1.33914e-08 0 0 0
0.0105007 0.179084 0.0117648 0.003 0.175 0.01
1.08757e-08 5.63782e-08 4.40774e-08 0 0 0
-2.46005e-10 2.00765e-08 -4.70454e-08 0 0 0
0.0402983 -0.17854 0.181044 0.051 -0.182 0.196
3.03848e-08 -3.00611e-08 3.88994e-09 0 0 0
-6.60012e-08 3.37655e-08 -1.14113e-08 0 0 0
0.221701 0.266543 0.0610324 0.214 0.259 0.069
3.75659e-08 -6.6947e-09 -3.67153e-08 0 0 0
-4.03142e-08 4.46327e-08 -3.21959e-08 0 0 0
0.164132 0.203026 0.0467633 0.169 0.196 0.039
4.49559e-08 1.95198e-09 4.22393e-08 0 0 0
1.87692e-08 5.33332e-08 -7.84322e-09 0 0 0
-0.129021 0.208779 -0.0288041 -0.121 0.203 -0.032
-2.52477e-08 1.24439e-08 -1.16916e-08 0 0 0
4.57461e-09 6.56751e-09 -3.80617e-08 0 0 0
0.207713 0.0926302 0.0287128 0.195 0.093 0.021
-2.94738e-08 2.4533e-09 -5.69291e-09 0 0 0
1.42686e-08 3.74987e-08 -1.0344e-08 0 0 0
0.0719714 0.17053 -0.180481 0.105 0.15 -0.192
2.38266e-08 -2.80698e-08 2.22914e-08 0 0 0
5.21049e-08 -2.37136e-08 5.23221e-08 0 0 0
0.122815 0.255114 -0.056653 0.132 0.259 -0.07
-9.24118e-09 3.28537e-08 1.8675e-08 0 0 0
4.61935e-08 -1.64706e-08 -1.75138e-08 0 0 0
-0.219116 -0.0836872 0.177697 -0.233 -0.098 0.169
-2.2952e-08 2.46585e-08 3.90367e-08 0 0 0
4.56816e-08 1.19447e-08 5.90174e-09 0 0 0
0.14185 0.0996542 0.0735901 0.145 0.1 0.078
2.96509e-08 3.01146e-08 2.81328e-08 0 0 0
-3.7152e-08 -4.6719e-09 5.51562e-10 0 0 0
-0.00887483 -0.173622 -0.123317 -0.011 -0.172 -0.097
2.87938e-08 -1.69666e-08 -1.5262e-08 0 0 0
-5.69571e-08 1.26918e-08 -5.45559e-08 0 0 0
0.00519747 -0.178736 -0.219171 -0.01 -0.177 -0.208
-2.45827e-08 3.35001e-08 -5.4521e-08 0 0 0
-2.65945e-08 4.717e-08 -1.21874e-09 0 0 0
-0.294215 0.105352 -0.120349 -0.287 0.083 -0.124
-4.66746e-08 -1.43594e-08 4.35335e-08 0 0 0
2.48867e-08 7.76181e-08 -1.81459e-08 0 0 0
-0.0877459 0.342243 -0.0764543 -0.082 0.338 -0.077
2.64482e-08 7.33892e-08 1.7651e-08 0 0 0
-3.37977e-08 6.75874e-09 -8.59147e-08 0 0 0
-0.0568381 0.157018 0.251363 -0.051 0.14 0.258
8.98671e-09 -3.25941e-08 -2.49705e-08 0 0 0
6.37337e-08 -1.30836e-08 -1.95389e-09 0 0 0
-0.181533 0.0778225 -0.183926 -0.174 0.07 -0.187
-1.10899e-08 3.43008e-09 2.19565e-08 0 0 0
-1.23577e-09 4.21357e-08 -8.95815e-08 0 0 0
-0.119768 -0.258734 0.0946507 -0.113 -0.254 0.096
-4.43062e-08 6.42843e-09 -2.03482e-09 0 0 0
3.70898e-08 -2.24541e-08 -2.34974e-09 0 0 0
-0.140659 -0.0557038 -0.148168 -0.136 -0.057 -0.156
-5.51877e-08 -4.96592e-09 -4.42772e-08 0 0 0
3.99542e-08 6.03714e-10 -1.75865e-08 0 0 0
0.15322 0.0856705 0.211456 0.149 0.079 0.215
-1.58714e-08 3.31499e-08 -4.07323e-08 0 0 0
4.56247e-09 -3.31784e-08 1.60287e-08 0 0 0
0.170408 0.283433 0.27277 0.163 0.335 0.267
-3.55577e-08 2.42388e-08 -5.94535e-10 0 0 0
3.9266e-08 1.9041e-08 3.92605e-08 0 0 0
0.00867163 -0.0786895 -0.116504 0.024 -0.076 -0.115
2.00652e-09 -1.56878e-08 -2.93987e-08 0 0 0
5.35378e-09 -5.98594e-08 -1.85163e-10 0 0 0
0.239286 -0.238771 0.0266429 0.247 -0.239 0.016
-6.14842e-09 1.62198e-08 1.13525e-08 0 0 0
-3.5963e-08 -6.64572e-08 -1.7983e-08 0 0 0
0.261947 -0.117101 0.21302 0.272 -0.132 0.198
4.72491e-08 7.90271e-09 -5.30935e-09 0 0 0
-1.43767e-08 -2.09966e-08 -1.49082e-08 0 0 0
0.0908018 0.234041 -0.0843245 0.086 0.234 -0.085
-2.96914e-08 8.72924e-09 -3.63084e-08 0 0 0
6.81914e-08 3.91394e-08 -5.55218e-09 0 0 0
0.223504 0.168494 0.0490383 0.234 0.163 0.039
-1.64948e-08 8.00095e-09 -2.95036e-08 0 0 0
3.08523e-08 1.85693e-08 8.56288e-08 0 0 0
0.230304 -0.0327258 -0.023928 0.226 -0.032 -0.032
-4.00646e-08 2.18856e-08 2.20772e-08 0 0 0
1.34996e-08 -3.41775e-08 6.31632e-08 0 0 0
0.236815 0.142119 0.164545 0.24 0.143 0.154
-1.52703e-08 -1.20338e-08 -4.50059e-08 0 0 0
1.64234e-08 -8.28716e-09 3.04068e-08 0 0 0
0.0994472 0.133793 -0.142172 0.089 0.121 -0.123
-7.59652e-09 3.65122e-09 3.74086e-08 0 0 0
4.62578e-08 -1.13917e-08 -1.49064e-08 0 0 0
0.14675 0.136303 0.174174 0.148 0.143 0.174
-1.44001e-08 4.63651e-09 8.41485e-08 0 0 0
2.46211e-08 -2.3373e-08 5.73414e-09 0 0 0
0.249279 0.0341827 0.0254893 0.238 0.025 0.03
4.4311e-08 1.56749e-08 5.58998e-09 0 0 0
-1.64268e-09 -1.40225e-08 4.23936e-09 0 0 0
0.190364 0.22244 0.00372844 0.192 0.224 0.005
1.85817e-08 2.69079e-08 1.54628e-08 0 0 0
2.68823e-08 -5.88996e-09 -3.82772e-08 0 0 0
0.0122138 -0.11591 0.338046 0.021 -0.138 0.328
3.31904e-09 6.36908e-09 1.24101e-09 0 0 0
-6.57677e-08 7.64547e-09 2.2436e-08 0 0 0
0.0871486 0.101378 0.163029 0.085 0.099 0.17
1.7396e-08 2.01133e-08 2.74183e-08 0 0 0
4.49566e-08 -3.56864e-08 3.39294e-08 0 0 0
-0.111368 0.302309 0.000655334 -0.096 0.283 -0.015
-8.96459e-09 -4.0592e-08 2.22965e-08 0 0 0
-6.74041e-08 6.89781e-09 4.49777e-08 0 0 0
0.121341 0.13704 0.107668 0.116 0.157 0.11
-2.92057e-09 9.6271e-09 4.79972e-08 0 0 0
3.15306e-10 1.70479e-08 -2.08745e-08 0 0 0
0.0542398 0.2749 0.140709 0.054 0.279 0.158
-3.96645e-08 -6.1396e-09 9.24343e-09 0 0 0
1.57296e-08 6.69898e-10 -2.00378e-08 0 0 0
0.258799 -0.0556845 0.0160551 0.266 -0.064 0.021
-3.39445e-08 -1.84788e-08 -4.31004e-08 0 0 0
1.3284e-08 4.94601e-09 1.38512e-08 0 0 0
-0.149109 0.0638471 -0.147166 -0.158 0.056 -0.151
2.41763e-09 2.45568e-08 5.11779e-08 0 0 0
5.31311e-09 3.9098e-08 -9.11151e-09 0 0 0
0.242792 -0.201965 -0.03858 0.235 -0.192 -0.043
4.26886e-08 6.52134e-08 1.94804e-08 0 0 0
-2.3174e-08 -3.60735e-08 1.16743e-08 0 0 0
0.253613 -0.230825 -0.127569 0.262 -0.242 -0.131
-7.50264e-09 -4.95379e-08 -5.56322e-09 0 0 0
-1.63968e-09 2.46359e-08 -9.56025e-09 0 0 0
0.303724 0.20558 -0.0484506 0.302 0.21 -0.04
3.43836e-08 2.27464e-08 1.89045e-08 0 0 0
6.09061e-08 -1.93246e-08 -2.43209e-08 0 0 0
0.197232 0.133946 0.0108863 0.189 0.155 0.021
-5.28998e-08 -2.52935e-08 -2.90696e-08 0 0 0
5.58572e-08 -1.62547e-10 8.07214e-09 0 0 0
-0.0474054 0.111734 -0.252827 -0.054 0.099 -0.258
3.90184e-08 -3.3146e-09 1.13902e-08 0 0 0
-4.97403e-08 5.91823e-08 9.6111e-09 0 0 0
-0.207394 0.135877 -0.0467956 -0.206 0.144 -0.051
-2.62031e-08 -2.56763e-08 2.5127e-08 0 0 0
-4.57877e-09 -5.30721e-09 -2.73591e-08 0 0 0
0.355112 0.186387 -0.161428 0.398 0.172 -0.148
-1.99442e-08 -3.65264e-08 1.22683e-08 0 0 0
-2.16545e-08 3.81988e-08 -2.3264e-09 0 0 0
0.000960202 -0.0282828 -0.277913 0.006 -0.023 -0.269
1.33063e-08 -1.83307e-08 -1.10675e-08 0 0 0
-7.45562e-09 -5.23409e-09 -4.0771e-09 0 0 0
-0.189691 0.103078 0.013185 -0.194 0.107 0.027
-2.95356e-08 -1.53149e-08 -3.78279e-08 0 0 0
-2.97952e-08 -3.72354e-08 1.82551e-08 0 0 0
0.200383 0.124157 0.252875 0.206 0.127 0.24
6.02428e-09 -2.45886e-08 3.73985e-08 0 0 0
-2.69426e-08 1.27097e-08 -2.13943e-08 0 0 0
0.0336796 0.243044 -0.171429 0.033 0.233 -0.168
7.19187e-09 -4.35159e-08 2.93483e-08 0 0 0
5.25825e-09 3.91166e-08 3.68502e-09 0 0 0
0.134588 -0.182352 -0.270476 0.127 -0.194 -0.275
-1.23618e-08 -1.26828e-08 5.4249e-08 0 0 0
3.30353e-09 -5.30759e-09 -2.63347e-08 0 0 0
0.275583 -0.127948 0.21609 0.266 -0.132 0.203
5.8666e-08 -1.97351e-08 -2.32797e-08 0 0 0
-4.69501e-08 -4.8472e-08 -5.69573e-08 0 0 0
0.0681616 0.0899841 0.241942 0.068 0.088 0.242
1.68528e-08 8.0823e-09 3.41979e-08 0 0 0
1.85654e-08 1.5805e-08 1.31911e-08 0 0 0
-0.0496958 0.0431817 0.31098 -0.052 0.054 0.312
-1.42514e-09 -6.41679e-08 -2.05559e-08 0 0 0
-6.21184e-08 -3.43531e-08 -1.91524e-08 0 0 0
0.183366 0.283517 0.010328 0.18 0.277 0.021
2.73376e-08 2.85009e-09 -2.43411e-09 0 0 0
-5.30967e-08 9.0566e-09 4.35816e-08 0 0 0
0.289099 -0.100103 -0.192536 0.287 -0.082 -0.214
-1.48432e-08 -7.27609e-08 -2.16075e-08 0 0 0
1.70832e-08 -4.04706e-09 4.28406e-08 0 0 0
0.160988 0.125157 0.246631 0.168 0.106 0.249
-2.81957e-08 -4.07246e-08 3.29754e-09 0 0 0
3.40393e-08 1.87229e-08 -1.23158e-08 0 0 0
-0.0793828 0.124449 0.19666 -0.072 0.123 0.207
6.17615e-09 4.65207e-09 -3.2602e-08 0 0 0
8.20735e-08 -5.59965e-08 -3.70207e-08 0 0 0
-0.0978689 0.00173819 -0.167629 -0.074 -0.004 -0.174
-1.41017e-08 8.94233e-12 1.7718e-08 0 0 0
-2.3413e-08 -3.4245e-09 2.38475e-08 0 0 0
